campus_id,sal_code,suburb_name,service_date,feed_id,trip_id,transport_mode,route_short_name,route_long_name,boarding_stop_id,boarding_stop_name,suburb_distance_metres,arrival_stop_id,arrival_stop_name,campus_distance_metres,departure_seconds,arrival_seconds,in_vehicle_seconds
monash_clayton,20566,Clarinda,2026-10-08,4,26-631--1-MF3-67,bus,631,"Southland - Waverley Gardens via Clayton, Monash University",10492,Clarinda SC/Bourke Rd,54.37246419,19814,Monash University,542.26821415,25200,26400,1200
monash_clayton,20566,Clarinda,2026-10-08,4,26-631--1-MF3-68,bus,631,"Southland - Waverley Gardens via Clayton, Monash University",10492,Clarinda SC/Bourke Rd,54.37246419,19814,Monash University,542.26821415,27540,28860,1320
monash_clayton,20566,Clarinda,2026-10-08,4,26-631--1-MF3-69,bus,631,"Southland - Waverley Gardens via Clayton, Monash University",10492,Clarinda SC/Bourke Rd,54.37246419,19814,Monash University,542.26821415,30960,32280,1320
monash_clayton,20566,Clarinda,2026-10-08,4,41-631--1-MF10-56,bus,631,"Southland - Waverley Gardens via Clayton, Monash University",10492,Clarinda SC/Bourke Rd,54.37246419,19814,Monash University,542.26821415,26400,27600,1200
monash_clayton,20566,Clarinda,2026-10-08,4,41-631--1-MF10-57,bus,631,"Southland - Waverley Gardens via Clayton, Monash University",10492,Clarinda SC/Bourke Rd,54.37246419,19814,Monash University,542.26821415,28680,30000,1320
monash_clayton,20566,Clarinda,2026-10-08,4,41-631--1-MF10-58,bus,631,"Southland - Waverley Gardens via Clayton, Monash University",10492,Clarinda SC/Bourke Rd,54.37246419,19814,Monash University,542.26821415,29940,31260,1320
monash_clayton,20566,Clarinda,2026-10-08,4,41-631--1-MF10-59,bus,631,"Southland - Waverley Gardens via Clayton, Monash University",10492,Clarinda SC/Bourke Rd,54.37246419,19814,Monash University,542.26821415,32340,33600,1260
monash_clayton,20569,Clayton,2026-10-08,4,20-703--1-MF18-1008,bus,703,"Middle Brighton - Blackburn via Bentleigh, Clayton, Monash University",7092,Princes Hwy/North Rd,468.04839114,17614,Monash Biomedical Imaging/Blackburn Rd,409.74022519,30180,30720,540
monash_clayton,20569,Clayton,2026-10-08,4,20-703--1-MF18-1010,bus,703,"Middle Brighton - Blackburn via Bentleigh, Clayton, Monash University",7092,Princes Hwy/North Rd,468.04839114,17614,Monash Biomedical Imaging/Blackburn Rd,409.74022519,31320,31680,360
monash_clayton,20569,Clayton,2026-10-08,4,20-703--1-MF18-1111,bus,703,"Middle Brighton - Blackburn via Bentleigh, Clayton, Monash University",7092,Princes Hwy/North Rd,468.04839114,17614,Monash Biomedical Imaging/Blackburn Rd,409.74022519,25800,26160,360
monash_clayton,20569,Clayton,2026-10-08,4,20-703--1-MF18-1113,bus,703,"Middle Brighton - Blackburn via Bentleigh, Clayton, Monash University",7092,Princes Hwy/North Rd,468.04839114,17614,Monash Biomedical Imaging/Blackburn Rd,409.74022519,27300,27720,420
monash_clayton,20569,Clayton,2026-10-08,4,20-703--1-MF18-1115,bus,703,"Middle Brighton - Blackburn via Bentleigh, Clayton, Monash University",7092,Princes Hwy/North Rd,468.04839114,17614,Monash Biomedical Imaging/Blackburn Rd,409.74022519,28500,28920,420
monash_clayton,20569,Clayton,2026-10-08,4,20-703--1-MF18-1117,bus,703,"Middle Brighton - Blackburn via Bentleigh, Clayton, Monash University",7092,Princes Hwy/North Rd,468.04839114,17614,Monash Biomedical Imaging/Blackburn Rd,409.74022519,29400,29880,480
monash_clayton,20569,Clayton,2026-10-08,4,20-733--1-MF18-219,bus,733,"Oakleigh - Box Hill via Clayton, Monash University, Mt Waverley",7092,Princes Hwy/North Rd,468.04839114,19813,Monash University,600.4027561,25440,25620,180
monash_clayton,20569,Clayton,2026-10-08,4,20-733--1-MF18-221,bus,733,"Oakleigh - Box Hill via Clayton, Monash University, Mt Waverley",7092,Princes Hwy/North Rd,468.04839114,19813,Monash University,600.4027561,27120,27300,180
monash_clayton,20569,Clayton,2026-10-08,4,20-733--1-MF18-223,bus,733,"Oakleigh - Box Hill via Clayton, Monash University, Mt Waverley",7092,Princes Hwy/North Rd,468.04839114,19813,Monash University,600.4027561,28680,28860,180
monash_clayton,20569,Clayton,2026-10-08,4,20-733--1-MF18-225,bus,733,"Oakleigh - Box Hill via Clayton, Monash University, Mt Waverley",7092,Princes Hwy/North Rd,468.04839114,19813,Monash University,600.4027561,30420,30660,240
monash_clayton,20569,Clayton,2026-10-08,4,20-733--1-MF18-227,bus,733,"Oakleigh - Box Hill via Clayton, Monash University, Mt Waverley",7092,Princes Hwy/North Rd,468.04839114,19813,Monash University,600.4027561,32280,32520,240
monash_clayton,20569,Clayton,2026-10-08,4,26-631--1-MF3-67,bus,631,"Southland - Waverley Gardens via Clayton, Monash University",7092,Princes Hwy/North Rd,468.04839114,19814,Monash University,542.26821415,26160,26400,240
monash_clayton,20569,Clayton,2026-10-08,4,26-631--1-MF3-68,bus,631,"Southland - Waverley Gardens via Clayton, Monash University",7092,Princes Hwy/North Rd,468.04839114,19814,Monash University,542.26821415,28560,28860,300
monash_clayton,20569,Clayton,2026-10-08,4,26-631--1-MF3-69,bus,631,"Southland - Waverley Gardens via Clayton, Monash University",7092,Princes Hwy/North Rd,468.04839114,19814,Monash University,542.26821415,31980,32280,300
monash_clayton,20569,Clayton,2026-10-08,4,41-631--1-MF10-56,bus,631,"Southland - Waverley Gardens via Clayton, Monash University",7092,Princes Hwy/North Rd,468.04839114,19814,Monash University,542.26821415,27360,27600,240
monash_clayton,20569,Clayton,2026-10-08,4,41-631--1-MF10-57,bus,631,"Southland - Waverley Gardens via Clayton, Monash University",7092,Princes Hwy/North Rd,468.04839114,19814,Monash University,542.26821415,29700,30000,300
monash_clayton,20569,Clayton,2026-10-08,4,41-631--1-MF10-58,bus,631,"Southland - Waverley Gardens via Clayton, Monash University",7092,Princes Hwy/North Rd,468.04839114,19814,Monash University,542.26821415,30960,31260,300
monash_clayton,20569,Clayton,2026-10-08,4,41-802--1-MF10-3,bus,802,"Dandenong - Chadstone via Mulgrave, Oakleigh",1498,Wellington Rd/Princes Hwy,461.04578016,1497,Monash University/Wellington Rd,542.25845409,25500,25680,180
monash_clayton,20569,Clayton,2026-10-08,4,41-802--1-MF10-4,bus,802,"Dandenong - Chadstone via Mulgrave, Oakleigh",1498,Wellington Rd/Princes Hwy,461.04578016,1497,Monash University/Wellington Rd,542.25845409,29160,29340,180
monash_clayton,20569,Clayton,2026-10-08,4,41-802--1-MF10-5,bus,802,"Dandenong - Chadstone via Mulgrave, Oakleigh",1498,Wellington Rd/Princes Hwy,461.04578016,1497,Monash University/Wellington Rd,542.25845409,31380,31560,180
monash_clayton,20569,Clayton,2026-10-08,4,41-804--1-MF10-10,bus,804,"Dandenong - Chadstone via Wheelers Hill, Oakleigh",1498,Wellington Rd/Princes Hwy,461.04578016,1497,Monash University/Wellington Rd,542.25845409,26520,26700,180
monash_clayton,20569,Clayton,2026-10-08,4,41-804--1-MF10-3,bus,804,"Dandenong - Chadstone via Wheelers Hill, Oakleigh",1498,Wellington Rd/Princes Hwy,461.04578016,1497,Monash University/Wellington Rd,542.25845409,30120,30300,180
monash_clayton,20569,Clayton,2026-10-08,4,41-862--1-MF10-29,bus,862,"Dandenong - Chadstone via North Dandenong, Oakleigh",1498,Wellington Rd/Princes Hwy,461.04578016,1497,Monash University/Wellington Rd,542.25845409,25980,26160,180
monash_clayton,20569,Clayton,2026-10-08,4,41-862--1-MF10-30,bus,862,"Dandenong - Chadstone via North Dandenong, Oakleigh",1498,Wellington Rd/Princes Hwy,461.04578016,1497,Monash University/Wellington Rd,542.25845409,28800,29040,240
monash_clayton,20569,Clayton,2026-10-08,4,41-862--1-MF10-31,bus,862,"Dandenong - Chadstone via North Dandenong, Oakleigh",1498,Wellington Rd/Princes Hwy,461.04578016,1497,Monash University/Wellington Rd,542.25845409,31140,31380,240
monash_clayton,20569,Clayton,2026-10-08,4,41-900--1-MF10-398,bus,900,"Stud Park SC (Rowville) - Caulfield via Monash University, Chadstone (SMARTBUS Service)",7090,Clayton North Primary School/North Rd,790.54283123,19809,Monash University,534.13597085,25260,25440,180
monash_clayton,20569,Clayton,2026-10-08,4,41-900--1-MF10-399,bus,900,"Stud Park SC (Rowville) - Caulfield via Monash University, Chadstone (SMARTBUS Service)",7090,Clayton North Primary School/North Rd,790.54283123,19809,Monash University,534.13597085,28500,28800,300
monash_clayton,20569,Clayton,2026-10-08,4,41-900--1-MF10-400,bus,900,"Stud Park SC (Rowville) - Caulfield via Monash University, Chadstone (SMARTBUS Service)",7090,Clayton North Primary School/North Rd,790.54283123,19809,Monash University,534.13597085,29700,30000,300
monash_clayton,20569,Clayton,2026-10-08,4,41-900--1-MF10-401,bus,900,"Stud Park SC (Rowville) - Caulfield via Monash University, Chadstone (SMARTBUS Service)",7090,Clayton North Primary School/North Rd,790.54283123,19809,Monash University,534.13597085,30900,31200,300
monash_clayton,20569,Clayton,2026-10-08,4,41-900--1-MF10-402,bus,900,"Stud Park SC (Rowville) - Caulfield via Monash University, Chadstone (SMARTBUS Service)",7090,Clayton North Primary School/North Rd,790.54283123,19809,Monash University,534.13597085,31500,31800,300
monash_clayton,20569,Clayton,2026-10-08,4,41-900--1-MF10-403,bus,900,"Stud Park SC (Rowville) - Caulfield via Monash University, Chadstone (SMARTBUS Service)",7090,Clayton North Primary School/North Rd,790.54283123,19809,Monash University,534.13597085,32100,32400,300
monash_clayton,20569,Clayton,2026-10-08,4,49-630--1-MF4-1313,bus,630,"Elwood - Monash University via Gardenvale, Ormond & Huntingdale",7092,Princes Hwy/North Rd,468.04839114,48368,Monash University,602.93947732,30060,30180,120
monash_clayton,20569,Clayton,2026-10-08,4,49-630--1-MF4-1333,bus,630,"Elwood - Monash University via Gardenvale, Ormond & Huntingdale",7092,Princes Hwy/North Rd,468.04839114,48368,Monash University,602.93947732,25740,25860,120
monash_clayton,20569,Clayton,2026-10-08,4,49-630--1-MF4-1334,bus,630,"Elwood - Monash University via Gardenvale, Ormond & Huntingdale",7092,Princes Hwy/North Rd,468.04839114,48368,Monash University,602.93947732,32160,32280,120
monash_clayton,20569,Clayton,2026-10-08,4,49-630--1-MF4-1343,bus,630,"Elwood - Monash University via Gardenvale, Ormond & Huntingdale",7092,Princes Hwy/North Rd,468.04839114,48368,Monash University,602.93947732,26460,26580,120
monash_clayton,20569,Clayton,2026-10-08,4,49-630--1-MF4-1370,bus,630,"Elwood - Monash University via Gardenvale, Ormond & Huntingdale",7092,Princes Hwy/North Rd,468.04839114,48368,Monash University,602.93947732,29160,29280,120
monash_clayton,20569,Clayton,2026-10-08,4,49-630--1-MF4-1384,bus,630,"Elwood - Monash University via Gardenvale, Ormond & Huntingdale",7092,Princes Hwy/North Rd,468.04839114,48368,Monash University,602.93947732,31440,31560,120
monash_clayton,20569,Clayton,2026-10-08,4,49-630--1-MF4-1412,bus,630,"Elwood - Monash University via Gardenvale, Ormond & Huntingdale",7092,Princes Hwy/North Rd,468.04839114,48368,Monash University,602.93947732,27180,27300,120
monash_clayton,20569,Clayton,2026-10-08,4,49-630--1-MF4-1512,bus,630,"Elwood - Monash University via Gardenvale, Ormond & Huntingdale",7092,Princes Hwy/North Rd,468.04839114,48368,Monash University,602.93947732,30780,30900,120
monash_clayton,20569,Clayton,2026-10-08,4,49-630--1-MF4-1514,bus,630,"Elwood - Monash University via Gardenvale, Ormond & Huntingdale",7092,Princes Hwy/North Rd,468.04839114,48368,Monash University,602.93947732,28200,28320,120
monash_clayton,20569,Clayton,2026-10-08,4,49-900--1-MF2-1215,bus,900,"Stud Park SC (Rowville) - Caulfield via Monash University, Chadstone (SMARTBUS Service)",7090,Clayton North Primary School/North Rd,790.54283123,19809,Monash University,534.13597085,27360,27540,180
monash_clayton,20569,Clayton,2026-10-08,4,49-900--1-MF2-1249,bus,900,"Stud Park SC (Rowville) - Caulfield via Monash University, Chadstone (SMARTBUS Service)",7090,Clayton North Primary School/North Rd,790.54283123,19809,Monash University,534.13597085,30300,30480,180
monash_clayton,20569,Clayton,2026-10-08,4,49-900--1-MF2-1327,bus,900,"Stud Park SC (Rowville) - Caulfield via Monash University, Chadstone (SMARTBUS Service)",7090,Clayton North Primary School/North Rd,790.54283123,19809,Monash University,534.13597085,26520,26640,120
monash_clayton,20569,Clayton,2026-10-08,4,49-900--1-MF2-1331,bus,900,"Stud Park SC (Rowville) - Caulfield via Monash University, Chadstone (SMARTBUS Service)",7090,Clayton North Primary School/North Rd,790.54283123,19809,Monash University,534.13597085,25920,26040,120
monash_clayton,20569,Clayton,2026-10-08,4,49-900--1-MF2-1464,bus,900,"Stud Park SC (Rowville) - Caulfield via Monash University, Chadstone (SMARTBUS Service)",7090,Clayton North Primary School/North Rd,790.54283123,19809,Monash University,534.13597085,28080,28260,180
monash_clayton,20569,Clayton,2026-10-08,4,49-900--1-MF2-1510,bus,900,"Stud Park SC (Rowville) - Caulfield via Monash University, Chadstone (SMARTBUS Service)",7090,Clayton North Primary School/North Rd,790.54283123,19809,Monash University,534.13597085,29100,29280,180
monash_clayton,21013,Glen Waverley,2026-10-08,4,19-737--1-MF32-3,bus,737,"Belgrave - Lilydale via Kallista, The Patch, Monbulk, Mt Evelyn",21016,Glen Waverley Station/Railway Pde,749.37044351,16206,Monash Biomedical Imaging/Blackburn Rd,427.19163374,25920,26820,900
monash_clayton,21013,Glen Waverley,2026-10-08,4,19-737--1-MF32-91,bus,737,"Belgrave - Lilydale via Kallista, The Patch, Monbulk, Mt Evelyn",21016,Glen Waverley Station/Railway Pde,749.37044351,16206,Monash Biomedical Imaging/Blackburn Rd,427.19163374,31200,32280,1080
monash_clayton,21013,Glen Waverley,2026-10-08,4,19-737--1-MF32-95,bus,737,"Belgrave - Lilydale via Kallista, The Patch, Monbulk, Mt Evelyn",21016,Glen Waverley Station/Railway Pde,749.37044351,16206,Monash Biomedical Imaging/Blackburn Rd,427.19163374,29700,30960,1260
monash_clayton,21013,Glen Waverley,2026-10-08,4,19-742--1-MF32-50,bus,742,Belgrave - Gembrook,21306,Ingram Ave/Springvale Rd,494.60508798,15419,Howleys Rd/Normanby Rd,499.71725791,26280,27240,960
monash_clayton,21013,Glen Waverley,2026-10-08,4,19-742--1-MF32-53,bus,742,Belgrave - Gembrook,21306,Ingram Ave/Springvale Rd,494.60508798,22447,Monash University/Research Way,385.09906596,29760,31140,1380
monash_clayton,21013,Glen Waverley,2026-10-08,4,21-737--1-MF21-101,bus,737,"Belgrave - Lilydale via Kallista, The Patch, Monbulk, Mt Evelyn",21016,Glen Waverley Station/Railway Pde,749.37044351,16206,Monash Biomedical Imaging/Blackburn Rd,427.19163374,27000,27900,900
monash_clayton,21013,Glen Waverley,2026-10-08,4,21-737--1-MF21-115,bus,737,"Belgrave - Lilydale via Kallista, The Patch, Monbulk, Mt Evelyn",21016,Glen Waverley Station/Railway Pde,749.37044351,16206,Monash Biomedical Imaging/Blackburn Rd,427.19163374,28500,29640,1140
monash_clayton,21013,Glen Waverley,2026-10-08,4,21-742--1-MF21-110,bus,742,Belgrave - Gembrook,21306,Ingram Ave/Springvale Rd,494.60508798,15419,Howleys Rd/Normanby Rd,499.71725791,25680,26580,900
monash_clayton,21013,Glen Waverley,2026-10-08,4,21-742--1-MF21-112,bus,742,Belgrave - Gembrook,21306,Ingram Ave/Springvale Rd,494.60508798,22447,Monash University/Research Way,385.09906596,27780,28800,1020
monash_clayton,21013,Glen Waverley,2026-10-08,4,21-742--1-MF21-116,bus,742,Belgrave - Gembrook,21306,Ingram Ave/Springvale Rd,494.60508798,22447,Monash University/Research Way,385.09906596,28860,29820,960
monash_clayton,21013,Glen Waverley,2026-10-08,4,29-742--1-MF30-12,bus,742,Belgrave - Gembrook,21306,Ingram Ave/Springvale Rd,494.60508798,22447,Monash University/Research Way,385.09906596,31440,32640,1200
monash_clayton,21218,Huntingdale (Vic.),2026-10-08,4,19-742--1-MF32-19,bus,742,Belgrave - Gembrook,15680,Huntingdale Rd/Burlington St,561.73169188,15792,Howleys Rd/Normanby Rd,509.62643044,26220,26880,660
monash_clayton,21218,Huntingdale (Vic.),2026-10-08,4,19-742--1-MF32-21,bus,742,Belgrave - Gembrook,15680,Huntingdale Rd/Burlington St,561.73169188,22446,Monash University/Research Way,409.08323406,30360,31200,840
monash_clayton,21218,Huntingdale (Vic.),2026-10-08,4,21-742--1-MF21-54,bus,742,Belgrave - Gembrook,15680,Huntingdale Rd/Burlington St,561.73169188,15792,Howleys Rd/Normanby Rd,509.62643044,27000,27720,720
monash_clayton,21218,Huntingdale (Vic.),2026-10-08,4,21-742--1-MF21-56,bus,742,Belgrave - Gembrook,15680,Huntingdale Rd/Burlington St,561.73169188,22446,Monash University/Research Way,409.08323406,27780,28800,1020
monash_clayton,21218,Huntingdale (Vic.),2026-10-08,4,21-742--1-MF21-58,bus,742,Belgrave - Gembrook,15680,Huntingdale Rd/Burlington St,561.73169188,22446,Monash University/Research Way,409.08323406,31200,32160,960
monash_clayton,21218,Huntingdale (Vic.),2026-10-08,4,21-742--1-MF21-76,bus,742,Belgrave - Gembrook,15680,Huntingdale Rd/Burlington St,561.73169188,22446,Monash University/Research Way,409.08323406,28860,29700,840
monash_clayton,21218,Huntingdale (Vic.),2026-10-08,4,41-802--1-MF10-3,bus,802,"Dandenong - Chadstone via Mulgrave, Oakleigh",1978,Carmichael Rd/Princes Hwy,358.94657134,1497,Monash University/Wellington Rd,542.25845409,25260,25680,420
monash_clayton,21218,Huntingdale (Vic.),2026-10-08,4,41-802--1-MF10-4,bus,802,"Dandenong - Chadstone via Mulgrave, Oakleigh",1978,Carmichael Rd/Princes Hwy,358.94657134,1497,Monash University/Wellington Rd,542.25845409,28800,29340,540
monash_clayton,21218,Huntingdale (Vic.),2026-10-08,4,41-802--1-MF10-5,bus,802,"Dandenong - Chadstone via Mulgrave, Oakleigh",1978,Carmichael Rd/Princes Hwy,358.94657134,1497,Monash University/Wellington Rd,542.25845409,31020,31560,540
monash_clayton,21218,Huntingdale (Vic.),2026-10-08,4,41-804--1-MF10-10,bus,804,"Dandenong - Chadstone via Wheelers Hill, Oakleigh",1978,Carmichael Rd/Princes Hwy,358.94657134,1497,Monash University/Wellington Rd,542.25845409,26280,26700,420
monash_clayton,21218,Huntingdale (Vic.),2026-10-08,4,41-804--1-MF10-11,bus,804,"Dandenong - Chadstone via Wheelers Hill, Oakleigh",1978,Carmichael Rd/Princes Hwy,358.94657134,1497,Monash University/Wellington Rd,542.25845409,32040,32580,540
monash_clayton,21218,Huntingdale (Vic.),2026-10-08,4,41-804--1-MF10-3,bus,804,"Dandenong - Chadstone via Wheelers Hill, Oakleigh",1978,Carmichael Rd/Princes Hwy,358.94657134,1497,Monash University/Wellington Rd,542.25845409,29760,30300,540
monash_clayton,21218,Huntingdale (Vic.),2026-10-08,4,41-862--1-MF10-29,bus,862,"Dandenong - Chadstone via North Dandenong, Oakleigh",1978,Carmichael Rd/Princes Hwy,358.94657134,1497,Monash University/Wellington Rd,542.25845409,25740,26160,420
monash_clayton,21218,Huntingdale (Vic.),2026-10-08,4,41-862--1-MF10-30,bus,862,"Dandenong - Chadstone via North Dandenong, Oakleigh",1978,Carmichael Rd/Princes Hwy,358.94657134,1497,Monash University/Wellington Rd,542.25845409,28560,29040,480
monash_clayton,21218,Huntingdale (Vic.),2026-10-08,4,41-862--1-MF10-31,bus,862,"Dandenong - Chadstone via North Dandenong, Oakleigh",1978,Carmichael Rd/Princes Hwy,358.94657134,1497,Monash University/Wellington Rd,542.25845409,30900,31380,480
monash_clayton,21218,Huntingdale (Vic.),2026-10-08,4,41-900--1-MF10-399,bus,900,"Stud Park SC (Rowville) - Caulfield via Monash University, Chadstone (SMARTBUS Service)",22968,Burlington St/Huntingdale Rd,481.65786893,19809,Monash University,534.13597085,27900,28800,900
monash_clayton,21218,Huntingdale (Vic.),2026-10-08,4,41-900--1-MF10-400,bus,900,"Stud Park SC (Rowville) - Caulfield via Monash University, Chadstone (SMARTBUS Service)",22968,Burlington St/Huntingdale Rd,481.65786893,19809,Monash University,534.13597085,29100,30000,900
monash_clayton,21218,Huntingdale (Vic.),2026-10-08,4,41-900--1-MF10-401,bus,900,"Stud Park SC (Rowville) - Caulfield via Monash University, Chadstone (SMARTBUS Service)",22968,Burlington St/Huntingdale Rd,481.65786893,19809,Monash University,534.13597085,30300,31200,900
monash_clayton,21218,Huntingdale (Vic.),2026-10-08,4,41-900--1-MF10-402,bus,900,"Stud Park SC (Rowville) - Caulfield via Monash University, Chadstone (SMARTBUS Service)",22968,Burlington St/Huntingdale Rd,481.65786893,19809,Monash University,534.13597085,30900,31800,900
monash_clayton,21218,Huntingdale (Vic.),2026-10-08,4,41-900--1-MF10-403,bus,900,"Stud Park SC (Rowville) - Caulfield via Monash University, Chadstone (SMARTBUS Service)",22968,Burlington St/Huntingdale Rd,481.65786893,19809,Monash University,534.13597085,31500,32400,900
monash_clayton,21218,Huntingdale (Vic.),2026-10-08,4,41-900--1-MF10-404,bus,900,"Stud Park SC (Rowville) - Caulfield via Monash University, Chadstone (SMARTBUS Service)",22968,Burlington St/Huntingdale Rd,481.65786893,19809,Monash University,534.13597085,32100,33000,900
monash_clayton,21218,Huntingdale (Vic.),2026-10-08,4,49-601--1-MF2-1,bus,601,Huntingdale -  Monash University (Clayton),51587,Huntingdale Station/Haughton Rd,708.22793311,21611,Monash University,536.80240348,25440,25800,360
monash_clayton,21218,Huntingdale (Vic.),2026-10-08,4,49-601--1-MF2-128,bus,601,Huntingdale -  Monash University (Clayton),51587,Huntingdale Station/Haughton Rd,708.22793311,21611,Monash University,536.80240348,25620,25980,360
monash_clayton,21218,Huntingdale (Vic.),2026-10-08,4,49-601--1-MF2-129,bus,601,Huntingdale -  Monash University (Clayton),51587,Huntingdale Station/Haughton Rd,708.22793311,21611,Monash University,536.80240348,26520,26880,360
monash_clayton,21218,Huntingdale (Vic.),2026-10-08,4,49-601--1-MF2-130,bus,601,Huntingdale -  Monash University (Clayton),51587,Huntingdale Station/Haughton Rd,708.22793311,21611,Monash University,536.80240348,27420,27780,360
monash_clayton,21218,Huntingdale (Vic.),2026-10-08,4,49-601--1-MF2-131,bus,601,Huntingdale -  Monash University (Clayton),51587,Huntingdale Station/Haughton Rd,708.22793311,21611,Monash University,536.80240348,28320,28680,360
monash_clayton,21218,Huntingdale (Vic.),2026-10-08,4,49-601--1-MF2-132,bus,601,Huntingdale -  Monash University (Clayton),51587,Huntingdale Station/Haughton Rd,708.22793311,21611,Monash University,536.80240348,29220,29640,420
monash_clayton,21218,Huntingdale (Vic.),2026-10-08,4,49-601--1-MF2-133,bus,601,Huntingdale -  Monash University (Clayton),51587,Huntingdale Station/Haughton Rd,708.22793311,21611,Monash University,536.80240348,30120,30540,420
monash_clayton,21218,Huntingdale (Vic.),2026-10-08,4,49-601--1-MF2-134,bus,601,Huntingdale -  Monash University (Clayton),51587,Huntingdale Station/Haughton Rd,708.22793311,21611,Monash University,536.80240348,31020,31440,420
monash_clayton,21218,Huntingdale (Vic.),2026-10-08,4,49-601--1-MF2-135,bus,601,Huntingdale -  Monash University (Clayton),51587,Huntingdale Station/Haughton Rd,708.22793311,21611,Monash University,536.80240348,32100,32520,420
monash_clayton,21218,Huntingdale (Vic.),2026-10-08,4,49-601--1-MF2-165,bus,601,Huntingdale -  Monash University (Clayton),51587,Huntingdale Station/Haughton Rd,708.22793311,21611,Monash University,536.80240348,25980,26340,360
monash_clayton,21218,Huntingdale (Vic.),2026-10-08,4,49-601--1-MF2-166,bus,601,Huntingdale -  Monash University (Clayton),51587,Huntingdale Station/Haughton Rd,708.22793311,21611,Monash University,536.80240348,26880,27240,360
monash_clayton,21218,Huntingdale (Vic.),2026-10-08,4,49-601--1-MF2-167,bus,601,Huntingdale -  Monash University (Clayton),51587,Huntingdale Station/Haughton Rd,708.22793311,21611,Monash University,536.80240348,27780,28140,360
monash_clayton,21218,Huntingdale (Vic.),2026-10-08,4,49-601--1-MF2-168,bus,601,Huntingdale -  Monash University (Clayton),51587,Huntingdale Station/Haughton Rd,708.22793311,21611,Monash University,536.80240348,28680,29100,420
monash_clayton,21218,Huntingdale (Vic.),2026-10-08,4,49-601--1-MF2-169,bus,601,Huntingdale -  Monash University (Clayton),51587,Huntingdale Station/Haughton Rd,708.22793311,21611,Monash University,536.80240348,29580,30000,420
monash_clayton,21218,Huntingdale (Vic.),2026-10-08,4,49-601--1-MF2-170,bus,601,Huntingdale -  Monash University (Clayton),51587,Huntingdale Station/Haughton Rd,708.22793311,21611,Monash University,536.80240348,30480,30900,420
monash_clayton,21218,Huntingdale (Vic.),2026-10-08,4,49-601--1-MF2-171,bus,601,Huntingdale -  Monash University (Clayton),51587,Huntingdale Station/Haughton Rd,708.22793311,21611,Monash University,536.80240348,31380,31800,420
monash_clayton,21218,Huntingdale (Vic.),2026-10-08,4,49-601--1-MF2-172,bus,601,Huntingdale -  Monash University (Clayton),51587,Huntingdale Station/Haughton Rd,708.22793311,21611,Monash University,536.80240348,32280,32700,420
monash_clayton,21218,Huntingdale (Vic.),2026-10-08,4,49-601--1-MF2-2,bus,601,Huntingdale -  Monash University (Clayton),51587,Huntingdale Station/Haughton Rd,708.22793311,21611,Monash University,536.80240348,26340,26700,360
monash_clayton,21218,Huntingdale (Vic.),2026-10-08,4,49-601--1-MF2-254,bus,601,Huntingdale -  Monash University (Clayton),51587,Huntingdale Station/Haughton Rd,708.22793311,21611,Monash University,536.80240348,25800,26160,360
monash_clayton,21218,Huntingdale (Vic.),2026-10-08,4,49-601--1-MF2-255,bus,601,Huntingdale -  Monash University (Clayton),51587,Huntingdale Station/Haughton Rd,708.22793311,21611,Monash University,536.80240348,26700,27060,360
monash_clayton,21218,Huntingdale (Vic.),2026-10-08,4,49-601--1-MF2-256,bus,601,Huntingdale -  Monash University (Clayton),51587,Huntingdale Station/Haughton Rd,708.22793311,21611,Monash University,536.80240348,27600,27960,360
monash_clayton,21218,Huntingdale (Vic.),2026-10-08,4,49-601--1-MF2-257,bus,601,Huntingdale -  Monash University (Clayton),51587,Huntingdale Station/Haughton Rd,708.22793311,21611,Monash University,536.80240348,28500,28920,420
monash_clayton,21218,Huntingdale (Vic.),2026-10-08,4,49-601--1-MF2-258,bus,601,Huntingdale -  Monash University (Clayton),51587,Huntingdale Station/Haughton Rd,708.22793311,21611,Monash University,536.80240348,29400,29820,420
monash_clayton,21218,Huntingdale (Vic.),2026-10-08,4,49-601--1-MF2-259,bus,601,Huntingdale -  Monash University (Clayton),51587,Huntingdale Station/Haughton Rd,708.22793311,21611,Monash University,536.80240348,30300,30720,420
monash_clayton,21218,Huntingdale (Vic.),2026-10-08,4,49-601--1-MF2-260,bus,601,Huntingdale -  Monash University (Clayton),51587,Huntingdale Station/Haughton Rd,708.22793311,21611,Monash University,536.80240348,31200,31620,420
monash_clayton,21218,Huntingdale (Vic.),2026-10-08,4,49-601--1-MF2-261,bus,601,Huntingdale -  Monash University (Clayton),51587,Huntingdale Station/Haughton Rd,708.22793311,21611,Monash University,536.80240348,32100,32520,420
monash_clayton,21218,Huntingdale (Vic.),2026-10-08,4,49-601--1-MF2-3,bus,601,Huntingdale -  Monash University (Clayton),51587,Huntingdale Station/Haughton Rd,708.22793311,21611,Monash University,536.80240348,27240,27600,360
monash_clayton,21218,Huntingdale (Vic.),2026-10-08,4,49-601--1-MF2-36,bus,601,Huntingdale -  Monash University (Clayton),51587,Huntingdale Station/Haughton Rd,708.22793311,21611,Monash University,536.80240348,25980,26340,360
monash_clayton,21218,Huntingdale (Vic.),2026-10-08,4,49-601--1-MF2-37,bus,601,Huntingdale -  Monash University (Clayton),51587,Huntingdale Station/Haughton Rd,708.22793311,21611,Monash University,536.80240348,27240,27600,360
monash_clayton,21218,Huntingdale (Vic.),2026-10-08,4,49-601--1-MF2-38,bus,601,Huntingdale -  Monash University (Clayton),51587,Huntingdale Station/Haughton Rd,708.22793311,21611,Monash University,536.80240348,28140,28500,360
monash_clayton,21218,Huntingdale (Vic.),2026-10-08,4,49-601--1-MF2-39,bus,601,Huntingdale -  Monash University (Clayton),51587,Huntingdale Station/Haughton Rd,708.22793311,21611,Monash University,536.80240348,29040,29460,420
monash_clayton,21218,Huntingdale (Vic.),2026-10-08,4,49-601--1-MF2-4,bus,601,Huntingdale -  Monash University (Clayton),51587,Huntingdale Station/Haughton Rd,708.22793311,21611,Monash University,536.80240348,28500,28920,420
monash_clayton,21218,Huntingdale (Vic.),2026-10-08,4,49-601--1-MF2-40,bus,601,Huntingdale -  Monash University (Clayton),51587,Huntingdale Station/Haughton Rd,708.22793311,21611,Monash University,536.80240348,29940,30360,420
monash_clayton,21218,Huntingdale (Vic.),2026-10-08,4,49-601--1-MF2-41,bus,601,Huntingdale -  Monash University (Clayton),51587,Huntingdale Station/Haughton Rd,708.22793311,21611,Monash University,536.80240348,30840,31260,420
monash_clayton,21218,Huntingdale (Vic.),2026-10-08,4,49-601--1-MF2-42,bus,601,Huntingdale -  Monash University (Clayton),51587,Huntingdale Station/Haughton Rd,708.22793311,21611,Monash University,536.80240348,31920,32340,420
monash_clayton,21218,Huntingdale (Vic.),2026-10-08,4,49-601--1-MF2-5,bus,601,Huntingdale -  Monash University (Clayton),51587,Huntingdale Station/Haughton Rd,708.22793311,21611,Monash University,536.80240348,29580,30000,420
monash_clayton,21218,Huntingdale (Vic.),2026-10-08,4,49-601--1-MF2-6,bus,601,Huntingdale -  Monash University (Clayton),51587,Huntingdale Station/Haughton Rd,708.22793311,21611,Monash University,536.80240348,30840,31260,420
monash_clayton,21218,Huntingdale (Vic.),2026-10-08,4,49-601--1-MF2-7,bus,601,Huntingdale -  Monash University (Clayton),51587,Huntingdale Station/Haughton Rd,708.22793311,21611,Monash University,536.80240348,31740,32160,420
monash_clayton,21218,Huntingdale (Vic.),2026-10-08,4,49-601--1-MF2-84,bus,601,Huntingdale -  Monash University (Clayton),51587,Huntingdale Station/Haughton Rd,708.22793311,21611,Monash University,536.80240348,25260,25620,360
monash_clayton,21218,Huntingdale (Vic.),2026-10-08,4,49-601--1-MF2-85,bus,601,Huntingdale -  Monash University (Clayton),51587,Huntingdale Station/Haughton Rd,708.22793311,21611,Monash University,536.80240348,26160,26520,360
monash_clayton,21218,Huntingdale (Vic.),2026-10-08,4,49-601--1-MF2-86,bus,601,Huntingdale -  Monash University (Clayton),51587,Huntingdale Station/Haughton Rd,708.22793311,21611,Monash University,536.80240348,27060,27420,360
monash_clayton,21218,Huntingdale (Vic.),2026-10-08,4,49-601--1-MF2-87,bus,601,Huntingdale -  Monash University (Clayton),51587,Huntingdale Station/Haughton Rd,708.22793311,21611,Monash University,536.80240348,27960,28320,360
monash_clayton,21218,Huntingdale (Vic.),2026-10-08,4,49-601--1-MF2-88,bus,601,Huntingdale -  Monash University (Clayton),51587,Huntingdale Station/Haughton Rd,708.22793311,21611,Monash University,536.80240348,28860,29280,420
monash_clayton,21218,Huntingdale (Vic.),2026-10-08,4,49-601--1-MF2-89,bus,601,Huntingdale -  Monash University (Clayton),51587,Huntingdale Station/Haughton Rd,708.22793311,21611,Monash University,536.80240348,29760,30180,420
monash_clayton,21218,Huntingdale (Vic.),2026-10-08,4,49-601--1-MF2-90,bus,601,Huntingdale -  Monash University (Clayton),51587,Huntingdale Station/Haughton Rd,708.22793311,21611,Monash University,536.80240348,30660,31080,420
monash_clayton,21218,Huntingdale (Vic.),2026-10-08,4,49-601--1-MF2-91,bus,601,Huntingdale -  Monash University (Clayton),51587,Huntingdale Station/Haughton Rd,708.22793311,21611,Monash University,536.80240348,31560,31980,420
monash_clayton,21218,Huntingdale (Vic.),2026-10-08,4,49-630--1-MF4-1313,bus,630,"Elwood - Monash University via Gardenvale, Ormond & Huntingdale",21673,Shafton St/North Rd,561.57531069,48368,Monash University,602.93947732,29760,30180,420
monash_clayton,21218,Huntingdale (Vic.),2026-10-08,4,49-630--1-MF4-1333,bus,630,"Elwood - Monash University via Gardenvale, Ormond & Huntingdale",21673,Shafton St/North Rd,561.57531069,48368,Monash University,602.93947732,25500,25860,360
monash_clayton,21218,Huntingdale (Vic.),2026-10-08,4,49-630--1-MF4-1334,bus,630,"Elwood - Monash University via Gardenvale, Ormond & Huntingdale",21673,Shafton St/North Rd,561.57531069,48368,Monash University,602.93947732,31920,32280,360
monash_clayton,21218,Huntingdale (Vic.),2026-10-08,4,49-630--1-MF4-1343,bus,630,"Elwood - Monash University via Gardenvale, Ormond & Huntingdale",21673,Shafton St/North Rd,561.57531069,48368,Monash University,602.93947732,26220,26580,360
monash_clayton,21218,Huntingdale (Vic.),2026-10-08,4,49-630--1-MF4-1370,bus,630,"Elwood - Monash University via Gardenvale, Ormond & Huntingdale",21673,Shafton St/North Rd,561.57531069,48368,Monash University,602.93947732,28860,29280,420
monash_clayton,21218,Huntingdale (Vic.),2026-10-08,4,49-630--1-MF4-1384,bus,630,"Elwood - Monash University via Gardenvale, Ormond & Huntingdale",21673,Shafton St/North Rd,561.57531069,48368,Monash University,602.93947732,31200,31560,360
monash_clayton,21218,Huntingdale (Vic.),2026-10-08,4,49-630--1-MF4-1412,bus,630,"Elwood - Monash University via Gardenvale, Ormond & Huntingdale",21673,Shafton St/North Rd,561.57531069,48368,Monash University,602.93947732,26940,27300,360
monash_clayton,21218,Huntingdale (Vic.),2026-10-08,4,49-630--1-MF4-1512,bus,630,"Elwood - Monash University via Gardenvale, Ormond & Huntingdale",21673,Shafton St/North Rd,561.57531069,48368,Monash University,602.93947732,30480,30900,420
monash_clayton,21218,Huntingdale (Vic.),2026-10-08,4,49-630--1-MF4-1514,bus,630,"Elwood - Monash University via Gardenvale, Ormond & Huntingdale",21673,Shafton St/North Rd,561.57531069,48368,Monash University,602.93947732,27900,28320,420
monash_clayton,21218,Huntingdale (Vic.),2026-10-08,4,49-900--1-MF2-1215,bus,900,"Stud Park SC (Rowville) - Caulfield via Monash University, Chadstone (SMARTBUS Service)",22968,Burlington St/Huntingdale Rd,481.65786893,19809,Monash University,534.13597085,26940,27540,600
monash_clayton,21218,Huntingdale (Vic.),2026-10-08,4,49-900--1-MF2-1249,bus,900,"Stud Park SC (Rowville) - Caulfield via Monash University, Chadstone (SMARTBUS Service)",22968,Burlington St/Huntingdale Rd,481.65786893,19809,Monash University,534.13597085,29880,30480,600
monash_clayton,21218,Huntingdale (Vic.),2026-10-08,4,49-900--1-MF2-1327,bus,900,"Stud Park SC (Rowville) - Caulfield via Monash University, Chadstone (SMARTBUS Service)",22968,Burlington St/Huntingdale Rd,481.65786893,19809,Monash University,534.13597085,26160,26640,480
monash_clayton,21218,Huntingdale (Vic.),2026-10-08,4,49-900--1-MF2-1331,bus,900,"Stud Park SC (Rowville) - Caulfield via Monash University, Chadstone (SMARTBUS Service)",22968,Burlington St/Huntingdale Rd,481.65786893,19809,Monash University,534.13597085,25560,26040,480
monash_clayton,21218,Huntingdale (Vic.),2026-10-08,4,49-900--1-MF2-1464,bus,900,"Stud Park SC (Rowville) - Caulfield via Monash University, Chadstone (SMARTBUS Service)",22968,Burlington St/Huntingdale Rd,481.65786893,19809,Monash University,534.13597085,27660,28260,600
monash_clayton,21218,Huntingdale (Vic.),2026-10-08,4,49-900--1-MF2-1510,bus,900,"Stud Park SC (Rowville) - Caulfield via Monash University, Chadstone (SMARTBUS Service)",22968,Burlington St/Huntingdale Rd,481.65786893,19809,Monash University,534.13597085,28680,29280,600
monash_clayton,21816,Mount Waverley,2026-10-08,4,20-733--1-MF18-117,bus,733,"Oakleigh - Box Hill via Clayton, Monash University, Mt Waverley",6409,Sherwood Rd/Stephensons Rd,76.91037832,19812,Monash University,583.35927425,26820,27720,900
monash_clayton,21816,Mount Waverley,2026-10-08,4,20-733--1-MF18-119,bus,733,"Oakleigh - Box Hill via Clayton, Monash University, Mt Waverley",6409,Sherwood Rd/Stephensons Rd,76.91037832,19812,Monash University,583.35927425,28980,29880,900
monash_clayton,21816,Mount Waverley,2026-10-08,4,20-733--1-MF18-121,bus,733,"Oakleigh - Box Hill via Clayton, Monash University, Mt Waverley",6409,Sherwood Rd/Stephensons Rd,76.91037832,19812,Monash University,583.35927425,30900,31800,900
monash_clayton,21816,Mount Waverley,2026-10-08,4,20-733--1-MF18-123,bus,733,"Oakleigh - Box Hill via Clayton, Monash University, Mt Waverley",9519,White St/Stephensons Rd,690.93669314,19812,Monash University,583.35927425,32340,33420,1080
monash_clayton,21816,Mount Waverley,2026-10-08,4,20-733--1-MF18-333,bus,733,"Oakleigh - Box Hill via Clayton, Monash University, Mt Waverley",6409,Sherwood Rd/Stephensons Rd,76.91037832,19812,Monash University,583.35927425,30720,31620,900
monash_clayton,21816,Mount Waverley,2026-10-08,4,20-733--1-MF18-55,bus,733,"Oakleigh - Box Hill via Clayton, Monash University, Mt Waverley",6409,Sherwood Rd/Stephensons Rd,76.91037832,19812,Monash University,583.35927425,25860,26700,840
monash_clayton,21816,Mount Waverley,2026-10-08,4,20-733--1-MF18-57,bus,733,"Oakleigh - Box Hill via Clayton, Monash University, Mt Waverley",6409,Sherwood Rd/Stephensons Rd,76.91037832,19812,Monash University,583.35927425,27840,28680,840
monash_clayton,21816,Mount Waverley,2026-10-08,4,20-733--1-MF18-59,bus,733,"Oakleigh - Box Hill via Clayton, Monash University, Mt Waverley",6409,Sherwood Rd/Stephensons Rd,76.91037832,19812,Monash University,583.35927425,30000,30840,840
monash_clayton,21816,Mount Waverley,2026-10-08,4,20-733--1-MF18-61,bus,733,"Oakleigh - Box Hill via Clayton, Monash University, Mt Waverley",6409,Sherwood Rd/Stephensons Rd,76.91037832,19812,Monash University,583.35927425,31740,32580,840
monash_clayton,21827,Mulgrave (Vic.),2026-10-08,4,41-802--1-MF10-25,bus,802,"Dandenong - Chadstone via Mulgrave, Oakleigh",2358,Wanda St/Wellington Rd,166.67213821,48471,Monash University,556.70141252,26820,27420,600
monash_clayton,21827,Mulgrave (Vic.),2026-10-08,4,41-802--1-MF10-26,bus,802,"Dandenong - Chadstone via Mulgrave, Oakleigh",2358,Wanda St/Wellington Rd,166.67213821,48471,Monash University,556.70141252,29040,29640,600
monash_clayton,21827,Mulgrave (Vic.),2026-10-08,4,41-802--1-MF10-27,bus,802,"Dandenong - Chadstone via Mulgrave, Oakleigh",2358,Wanda St/Wellington Rd,166.67213821,48471,Monash University,556.70141252,31740,32220,480
monash_clayton,21827,Mulgrave (Vic.),2026-10-08,4,41-804--1-MF10-32,bus,804,"Dandenong - Chadstone via Wheelers Hill, Oakleigh",2358,Wanda St/Wellington Rd,166.67213821,48471,Monash University,556.70141252,26280,26820,540
monash_clayton,21827,Mulgrave (Vic.),2026-10-08,4,41-804--1-MF10-33,bus,804,"Dandenong - Chadstone via Wheelers Hill, Oakleigh",2358,Wanda St/Wellington Rd,166.67213821,48471,Monash University,556.70141252,28500,29040,540
monash_clayton,21827,Mulgrave (Vic.),2026-10-08,4,41-804--1-MF10-34,bus,804,"Dandenong - Chadstone via Wheelers Hill, Oakleigh",2358,Wanda St/Wellington Rd,166.67213821,48471,Monash University,556.70141252,31200,31740,540
monash_clayton,21827,Mulgrave (Vic.),2026-10-08,4,41-862--1-MF10-73,bus,862,"Dandenong - Chadstone via North Dandenong, Oakleigh",2360,Springvale Rd/Wellington Rd,459.04694172,48473,Monash University,574.16366923,25200,25620,420
monash_clayton,21827,Mulgrave (Vic.),2026-10-08,4,41-862--1-MF10-74,bus,862,"Dandenong - Chadstone via North Dandenong, Oakleigh",2358,Wanda St/Wellington Rd,166.67213821,48473,Monash University,574.16366923,27840,28320,480
monash_clayton,21827,Mulgrave (Vic.),2026-10-08,4,41-862--1-MF10-75,bus,862,"Dandenong - Chadstone via North Dandenong, Oakleigh",2358,Wanda St/Wellington Rd,166.67213821,48473,Monash University,574.16366923,30300,30780,480
monash_clayton,21827,Mulgrave (Vic.),2026-10-08,4,41-900--1-MF10-15,bus,900,"Stud Park SC (Rowville) - Caulfield via Monash University, Chadstone (SMARTBUS Service)",2358,Wanda St/Wellington Rd,166.67213821,22969,Monash University,566.52033048,30900,31500,600
monash_clayton,21827,Mulgrave (Vic.),2026-10-08,4,41-900--1-MF10-51,bus,900,"Stud Park SC (Rowville) - Caulfield via Monash University, Chadstone (SMARTBUS Service)",2359,Springvale Rd/Wellington Rd,674.88826055,22969,Monash University,566.52033048,25260,25680,420
monash_clayton,21827,Mulgrave (Vic.),2026-10-08,4,41-900--1-MF10-52,bus,900,"Stud Park SC (Rowville) - Caulfield via Monash University, Chadstone (SMARTBUS Service)",2358,Wanda St/Wellington Rd,166.67213821,22969,Monash University,566.52033048,27060,27660,600
monash_clayton,21827,Mulgrave (Vic.),2026-10-08,4,41-900--1-MF10-53,bus,900,"Stud Park SC (Rowville) - Caulfield via Monash University, Chadstone (SMARTBUS Service)",2358,Wanda St/Wellington Rd,166.67213821,22969,Monash University,566.52033048,27780,28380,600
monash_clayton,21827,Mulgrave (Vic.),2026-10-08,4,41-900--1-MF10-54,bus,900,"Stud Park SC (Rowville) - Caulfield via Monash University, Chadstone (SMARTBUS Service)",2358,Wanda St/Wellington Rd,166.67213821,22969,Monash University,566.52033048,32100,32700,600
monash_clayton,21827,Mulgrave (Vic.),2026-10-08,4,41-900--1-MF10-7,bus,900,"Stud Park SC (Rowville) - Caulfield via Monash University, Chadstone (SMARTBUS Service)",2358,Wanda St/Wellington Rd,166.67213821,22969,Monash University,566.52033048,25860,26460,600
monash_clayton,21827,Mulgrave (Vic.),2026-10-08,4,41-900--1-MF10-8,bus,900,"Stud Park SC (Rowville) - Caulfield via Monash University, Chadstone (SMARTBUS Service)",2358,Wanda St/Wellington Rd,166.67213821,22969,Monash University,566.52033048,26460,27060,600
monash_clayton,21827,Mulgrave (Vic.),2026-10-08,4,49-900--1-MF2-1049,bus,900,"Stud Park SC (Rowville) - Caulfield via Monash University, Chadstone (SMARTBUS Service)",2358,Wanda St/Wellington Rd,166.67213821,22969,Monash University,566.52033048,29640,30120,480
monash_clayton,21827,Mulgrave (Vic.),2026-10-08,4,49-900--1-MF2-1157,bus,900,"Stud Park SC (Rowville) - Caulfield via Monash University, Chadstone (SMARTBUS Service)",2358,Wanda St/Wellington Rd,166.67213821,22969,Monash University,566.52033048,31440,31920,480
monash_clayton,21827,Mulgrave (Vic.),2026-10-08,4,49-900--1-MF2-875,bus,900,"Stud Park SC (Rowville) - Caulfield via Monash University, Chadstone (SMARTBUS Service)",2358,Wanda St/Wellington Rd,166.67213821,22969,Monash University,566.52033048,30240,30720,480
monash_clayton,21827,Mulgrave (Vic.),2026-10-08,4,49-900--1-MF2-983,bus,900,"Stud Park SC (Rowville) - Caulfield via Monash University, Chadstone (SMARTBUS Service)",2358,Wanda St/Wellington Rd,166.67213821,22969,Monash University,566.52033048,29040,29520,480
monash_clayton,21827,Mulgrave (Vic.),2026-10-08,4,49-900--1-MF2-986,bus,900,"Stud Park SC (Rowville) - Caulfield via Monash University, Chadstone (SMARTBUS Service)",2358,Wanda St/Wellington Rd,166.67213821,22969,Monash University,566.52033048,28440,28920,480
monash_clayton,21974,Notting Hill,2026-10-08,4,19-737--1-MF32-3,bus,737,"Belgrave - Lilydale via Kallista, The Patch, Monbulk, Mt Evelyn",16202,Samada St/Blackburn Rd,250.50963752,16206,Monash Biomedical Imaging/Blackburn Rd,427.19163374,26640,26820,180
monash_clayton,21974,Notting Hill,2026-10-08,4,19-737--1-MF32-91,bus,737,"Belgrave - Lilydale via Kallista, The Patch, Monbulk, Mt Evelyn",16202,Samada St/Blackburn Rd,250.50963752,16206,Monash Biomedical Imaging/Blackburn Rd,427.19163374,32100,32280,180
monash_clayton,21974,Notting Hill,2026-10-08,4,19-737--1-MF32-95,bus,737,"Belgrave - Lilydale via Kallista, The Patch, Monbulk, Mt Evelyn",16202,Samada St/Blackburn Rd,250.50963752,16206,Monash Biomedical Imaging/Blackburn Rd,427.19163374,30720,30960,240
monash_clayton,21974,Notting Hill,2026-10-08,4,19-742--1-MF32-50,bus,742,Belgrave - Gembrook,13038,Blackburn Rd/Ferntree Gully Rd,497.15808598,15419,Howleys Rd/Normanby Rd,499.71725791,26820,27240,420
monash_clayton,21974,Notting Hill,2026-10-08,4,19-742--1-MF32-53,bus,742,Belgrave - Gembrook,13038,Blackburn Rd/Ferntree Gully Rd,497.15808598,22447,Monash University/Research Way,385.09906596,30600,31140,540
monash_clayton,21974,Notting Hill,2026-10-08,4,20-703--1-MF18-895,bus,703,"Middle Brighton - Blackburn via Bentleigh, Clayton, Monash University",16202,Samada St/Blackburn Rd,250.50963752,16206,Monash Biomedical Imaging/Blackburn Rd,427.19163374,25380,25500,120
monash_clayton,21974,Notting Hill,2026-10-08,4,20-703--1-MF18-897,bus,703,"Middle Brighton - Blackburn via Bentleigh, Clayton, Monash University",16202,Samada St/Blackburn Rd,250.50963752,16206,Monash Biomedical Imaging/Blackburn Rd,427.19163374,26820,27000,180
monash_clayton,21974,Notting Hill,2026-10-08,4,20-703--1-MF18-899,bus,703,"Middle Brighton - Blackburn via Bentleigh, Clayton, Monash University",16202,Samada St/Blackburn Rd,250.50963752,16206,Monash Biomedical Imaging/Blackburn Rd,427.19163374,27480,27660,180
monash_clayton,21974,Notting Hill,2026-10-08,4,20-703--1-MF18-901,bus,703,"Middle Brighton - Blackburn via Bentleigh, Clayton, Monash University",16202,Samada St/Blackburn Rd,250.50963752,16206,Monash Biomedical Imaging/Blackburn Rd,427.19163374,28920,29100,180
monash_clayton,21974,Notting Hill,2026-10-08,4,20-703--1-MF18-903,bus,703,"Middle Brighton - Blackburn via Bentleigh, Clayton, Monash University",16202,Samada St/Blackburn Rd,250.50963752,16206,Monash Biomedical Imaging/Blackburn Rd,427.19163374,29640,29820,180
monash_clayton,21974,Notting Hill,2026-10-08,4,20-703--1-MF18-905,bus,703,"Middle Brighton - Blackburn via Bentleigh, Clayton, Monash University",16202,Samada St/Blackburn Rd,250.50963752,16206,Monash Biomedical Imaging/Blackburn Rd,427.19163374,30780,30960,180
monash_clayton,21974,Notting Hill,2026-10-08,4,20-703--1-MF18-907,bus,703,"Middle Brighton - Blackburn via Bentleigh, Clayton, Monash University",16202,Samada St/Blackburn Rd,250.50963752,16206,Monash Biomedical Imaging/Blackburn Rd,427.19163374,31680,31860,180
monash_clayton,21974,Notting Hill,2026-10-08,4,20-703--1-MF18-909,bus,703,"Middle Brighton - Blackburn via Bentleigh, Clayton, Monash University",16202,Samada St/Blackburn Rd,250.50963752,16206,Monash Biomedical Imaging/Blackburn Rd,427.19163374,32340,32520,180
monash_clayton,21974,Notting Hill,2026-10-08,4,21-737--1-MF21-101,bus,737,"Belgrave - Lilydale via Kallista, The Patch, Monbulk, Mt Evelyn",16202,Samada St/Blackburn Rd,250.50963752,16206,Monash Biomedical Imaging/Blackburn Rd,427.19163374,27720,27900,180
monash_clayton,21974,Notting Hill,2026-10-08,4,21-737--1-MF21-115,bus,737,"Belgrave - Lilydale via Kallista, The Patch, Monbulk, Mt Evelyn",16202,Samada St/Blackburn Rd,250.50963752,16206,Monash Biomedical Imaging/Blackburn Rd,427.19163374,29460,29640,180
monash_clayton,21974,Notting Hill,2026-10-08,4,21-737--1-MF21-99,bus,737,"Belgrave - Lilydale via Kallista, The Patch, Monbulk, Mt Evelyn",16202,Samada St/Blackburn Rd,250.50963752,16206,Monash Biomedical Imaging/Blackburn Rd,427.19163374,25380,25560,180
monash_clayton,21974,Notting Hill,2026-10-08,4,21-742--1-MF21-106,bus,742,Belgrave - Gembrook,13038,Blackburn Rd/Ferntree Gully Rd,497.15808598,15419,Howleys Rd/Normanby Rd,499.71725791,25500,25680,180
monash_clayton,21974,Notting Hill,2026-10-08,4,21-742--1-MF21-110,bus,742,Belgrave - Gembrook,13038,Blackburn Rd/Ferntree Gully Rd,497.15808598,15419,Howleys Rd/Normanby Rd,499.71725791,26400,26580,180
monash_clayton,21974,Notting Hill,2026-10-08,4,21-742--1-MF21-112,bus,742,Belgrave - Gembrook,13038,Blackburn Rd/Ferntree Gully Rd,497.15808598,22447,Monash University/Research Way,385.09906596,28500,28800,300
monash_clayton,21974,Notting Hill,2026-10-08,4,21-742--1-MF21-116,bus,742,Belgrave - Gembrook,13038,Blackburn Rd/Ferntree Gully Rd,497.15808598,22447,Monash University/Research Way,385.09906596,29520,29820,300
monash_clayton,21974,Notting Hill,2026-10-08,4,29-742--1-MF30-12,bus,742,Belgrave - Gembrook,13038,Blackburn Rd/Ferntree Gully Rd,497.15808598,22447,Monash University/Research Way,385.09906596,32100,32640,540
monash_clayton,22000,Oakleigh,2026-10-08,4,19-742--1-MF32-19,bus,742,Belgrave - Gembrook,15683,Westminster St/Burlington St,269.98430735,15792,Howleys Rd/Normanby Rd,509.62643044,26100,26880,780
monash_clayton,22000,Oakleigh,2026-10-08,4,19-742--1-MF32-21,bus,742,Belgrave - Gembrook,15683,Westminster St/Burlington St,269.98430735,22446,Monash University/Research Way,409.08323406,30240,31200,960
monash_clayton,22000,Oakleigh,2026-10-08,4,20-733--1-MF18-221,bus,733,"Oakleigh - Box Hill via Clayton, Monash University, Mt Waverley",8168,Willgilson Ct/Golf Links Ave,721.9211175,19813,Monash University,600.4027561,25920,27300,1380
monash_clayton,22000,Oakleigh,2026-10-08,4,20-733--1-MF18-223,bus,733,"Oakleigh - Box Hill via Clayton, Monash University, Mt Waverley",8168,Willgilson Ct/Golf Links Ave,721.9211175,19813,Monash University,600.4027561,27300,28860,1560
monash_clayton,22000,Oakleigh,2026-10-08,4,20-733--1-MF18-225,bus,733,"Oakleigh - Box Hill via Clayton, Monash University, Mt Waverley",8168,Willgilson Ct/Golf Links Ave,721.9211175,19813,Monash University,600.4027561,28920,30660,1740
monash_clayton,22000,Oakleigh,2026-10-08,4,20-733--1-MF18-227,bus,733,"Oakleigh - Box Hill via Clayton, Monash University, Mt Waverley",8168,Willgilson Ct/Golf Links Ave,721.9211175,19813,Monash University,600.4027561,30780,32520,1740
monash_clayton,22000,Oakleigh,2026-10-08,4,21-742--1-MF21-54,bus,742,Belgrave - Gembrook,15683,Westminster St/Burlington St,269.98430735,15792,Howleys Rd/Normanby Rd,509.62643044,26880,27720,840
monash_clayton,22000,Oakleigh,2026-10-08,4,21-742--1-MF21-56,bus,742,Belgrave - Gembrook,15683,Westminster St/Burlington St,269.98430735,22446,Monash University/Research Way,409.08323406,27720,28800,1080
monash_clayton,22000,Oakleigh,2026-10-08,4,21-742--1-MF21-58,bus,742,Belgrave - Gembrook,15683,Westminster St/Burlington St,269.98430735,22446,Monash University/Research Way,409.08323406,31140,32160,1020
monash_clayton,22000,Oakleigh,2026-10-08,4,21-742--1-MF21-76,bus,742,Belgrave - Gembrook,15683,Westminster St/Burlington St,269.98430735,22446,Monash University/Research Way,409.08323406,28740,29700,960
monash_clayton,22000,Oakleigh,2026-10-08,4,41-802--1-MF10-4,bus,802,"Dandenong - Chadstone via Mulgrave, Oakleigh",1973,Clyde St/Atherton Rd,40.82471132,1497,Monash University/Wellington Rd,542.25845409,28620,29340,720
monash_clayton,22000,Oakleigh,2026-10-08,4,41-802--1-MF10-5,bus,802,"Dandenong - Chadstone via Mulgrave, Oakleigh",1973,Clyde St/Atherton Rd,40.82471132,1497,Monash University/Wellington Rd,542.25845409,30780,31560,780
monash_clayton,22000,Oakleigh,2026-10-08,4,41-804--1-MF10-10,bus,804,"Dandenong - Chadstone via Wheelers Hill, Oakleigh",1973,Clyde St/Atherton Rd,40.82471132,1497,Monash University/Wellington Rd,542.25845409,26040,26700,660
monash_clayton,22000,Oakleigh,2026-10-08,4,41-804--1-MF10-11,bus,804,"Dandenong - Chadstone via Wheelers Hill, Oakleigh",1973,Clyde St/Atherton Rd,40.82471132,1497,Monash University/Wellington Rd,542.25845409,31860,32580,720
monash_clayton,22000,Oakleigh,2026-10-08,4,41-804--1-MF10-3,bus,804,"Dandenong - Chadstone via Wheelers Hill, Oakleigh",1973,Clyde St/Atherton Rd,40.82471132,1497,Monash University/Wellington Rd,542.25845409,29520,30300,780
monash_clayton,22000,Oakleigh,2026-10-08,4,41-862--1-MF10-29,bus,862,"Dandenong - Chadstone via North Dandenong, Oakleigh",1973,Clyde St/Atherton Rd,40.82471132,1497,Monash University/Wellington Rd,542.25845409,25560,26160,600
monash_clayton,22000,Oakleigh,2026-10-08,4,41-862--1-MF10-30,bus,862,"Dandenong - Chadstone via North Dandenong, Oakleigh",1973,Clyde St/Atherton Rd,40.82471132,1497,Monash University/Wellington Rd,542.25845409,28260,29040,780
monash_clayton,22000,Oakleigh,2026-10-08,4,41-862--1-MF10-31,bus,862,"Dandenong - Chadstone via North Dandenong, Oakleigh",1973,Clyde St/Atherton Rd,40.82471132,1497,Monash University/Wellington Rd,542.25845409,30600,31380,780
monash_clayton,22000,Oakleigh,2026-10-08,4,41-900--1-MF10-399,bus,900,"Stud Park SC (Rowville) - Caulfield via Monash University, Chadstone (SMARTBUS Service)",15683,Westminster St/Burlington St,269.98430735,19809,Monash University,534.13597085,27780,28800,1020
monash_clayton,22000,Oakleigh,2026-10-08,4,41-900--1-MF10-400,bus,900,"Stud Park SC (Rowville) - Caulfield via Monash University, Chadstone (SMARTBUS Service)",15683,Westminster St/Burlington St,269.98430735,19809,Monash University,534.13597085,28980,30000,1020
monash_clayton,22000,Oakleigh,2026-10-08,4,41-900--1-MF10-401,bus,900,"Stud Park SC (Rowville) - Caulfield via Monash University, Chadstone (SMARTBUS Service)",15683,Westminster St/Burlington St,269.98430735,19809,Monash University,534.13597085,30180,31200,1020
monash_clayton,22000,Oakleigh,2026-10-08,4,41-900--1-MF10-402,bus,900,"Stud Park SC (Rowville) - Caulfield via Monash University, Chadstone (SMARTBUS Service)",15683,Westminster St/Burlington St,269.98430735,19809,Monash University,534.13597085,30780,31800,1020
monash_clayton,22000,Oakleigh,2026-10-08,4,41-900--1-MF10-403,bus,900,"Stud Park SC (Rowville) - Caulfield via Monash University, Chadstone (SMARTBUS Service)",15683,Westminster St/Burlington St,269.98430735,19809,Monash University,534.13597085,31380,32400,1020
monash_clayton,22000,Oakleigh,2026-10-08,4,41-900--1-MF10-404,bus,900,"Stud Park SC (Rowville) - Caulfield via Monash University, Chadstone (SMARTBUS Service)",15683,Westminster St/Burlington St,269.98430735,19809,Monash University,534.13597085,31980,33000,1020
monash_clayton,22000,Oakleigh,2026-10-08,4,49-900--1-MF2-1215,bus,900,"Stud Park SC (Rowville) - Caulfield via Monash University, Chadstone (SMARTBUS Service)",15683,Westminster St/Burlington St,269.98430735,19809,Monash University,534.13597085,26700,27540,840
monash_clayton,22000,Oakleigh,2026-10-08,4,49-900--1-MF2-1249,bus,900,"Stud Park SC (Rowville) - Caulfield via Monash University, Chadstone (SMARTBUS Service)",15683,Westminster St/Burlington St,269.98430735,19809,Monash University,534.13597085,29640,30480,840
monash_clayton,22000,Oakleigh,2026-10-08,4,49-900--1-MF2-1327,bus,900,"Stud Park SC (Rowville) - Caulfield via Monash University, Chadstone (SMARTBUS Service)",15683,Westminster St/Burlington St,269.98430735,19809,Monash University,534.13597085,26040,26640,600
monash_clayton,22000,Oakleigh,2026-10-08,4,49-900--1-MF2-1331,bus,900,"Stud Park SC (Rowville) - Caulfield via Monash University, Chadstone (SMARTBUS Service)",15683,Westminster St/Burlington St,269.98430735,19809,Monash University,534.13597085,25440,26040,600
monash_clayton,22000,Oakleigh,2026-10-08,4,49-900--1-MF2-1464,bus,900,"Stud Park SC (Rowville) - Caulfield via Monash University, Chadstone (SMARTBUS Service)",15683,Westminster St/Burlington St,269.98430735,19809,Monash University,534.13597085,27420,28260,840
monash_clayton,22000,Oakleigh,2026-10-08,4,49-900--1-MF2-1510,bus,900,"Stud Park SC (Rowville) - Caulfield via Monash University, Chadstone (SMARTBUS Service)",15683,Westminster St/Burlington St,269.98430735,19809,Monash University,534.13597085,28440,29280,840
monash_clayton,22001,Oakleigh East,2026-10-08,4,19-742--1-MF32-19,bus,742,Belgrave - Gembrook,15027,Sunnyside Rd/Ferntree Gully Rd,756.9735417,15792,Howleys Rd/Normanby Rd,509.62643044,26520,26880,360
monash_clayton,22001,Oakleigh East,2026-10-08,4,19-742--1-MF32-21,bus,742,Belgrave - Gembrook,15027,Sunnyside Rd/Ferntree Gully Rd,756.9735417,22446,Monash University/Research Way,409.08323406,30720,31200,480
monash_clayton,22001,Oakleigh East,2026-10-08,4,20-733--1-MF18-115,bus,733,"Oakleigh - Box Hill via Clayton, Monash University, Mt Waverley",6421,Bayview Ave/Clayton Rd,495.8301729,19812,Monash University,583.35927425,25560,25920,360
monash_clayton,22001,Oakleigh East,2026-10-08,4,20-733--1-MF18-117,bus,733,"Oakleigh - Box Hill via Clayton, Monash University, Mt Waverley",6421,Bayview Ave/Clayton Rd,495.8301729,19812,Monash University,583.35927425,27360,27720,360
monash_clayton,22001,Oakleigh East,2026-10-08,4,20-733--1-MF18-119,bus,733,"Oakleigh - Box Hill via Clayton, Monash University, Mt Waverley",6421,Bayview Ave/Clayton Rd,495.8301729,19812,Monash University,583.35927425,29520,29880,360
monash_clayton,22001,Oakleigh East,2026-10-08,4,20-733--1-MF18-121,bus,733,"Oakleigh - Box Hill via Clayton, Monash University, Mt Waverley",6421,Bayview Ave/Clayton Rd,495.8301729,19812,Monash University,583.35927425,31440,31800,360
monash_clayton,22001,Oakleigh East,2026-10-08,4,20-733--1-MF18-333,bus,733,"Oakleigh - Box Hill via Clayton, Monash University, Mt Waverley",6421,Bayview Ave/Clayton Rd,495.8301729,19812,Monash University,583.35927425,31260,31620,360
monash_clayton,22001,Oakleigh East,2026-10-08,4,20-733--1-MF18-55,bus,733,"Oakleigh - Box Hill via Clayton, Monash University, Mt Waverley",6421,Bayview Ave/Clayton Rd,495.8301729,19812,Monash University,583.35927425,26400,26700,300
monash_clayton,22001,Oakleigh East,2026-10-08,4,20-733--1-MF18-57,bus,733,"Oakleigh - Box Hill via Clayton, Monash University, Mt Waverley",6421,Bayview Ave/Clayton Rd,495.8301729,19812,Monash University,583.35927425,28380,28680,300
monash_clayton,22001,Oakleigh East,2026-10-08,4,20-733--1-MF18-59,bus,733,"Oakleigh - Box Hill via Clayton, Monash University, Mt Waverley",6421,Bayview Ave/Clayton Rd,495.8301729,19812,Monash University,583.35927425,30540,30840,300
monash_clayton,22001,Oakleigh East,2026-10-08,4,20-733--1-MF18-61,bus,733,"Oakleigh - Box Hill via Clayton, Monash University, Mt Waverley",6421,Bayview Ave/Clayton Rd,495.8301729,19812,Monash University,583.35927425,32280,32580,300
monash_clayton,22001,Oakleigh East,2026-10-08,4,21-742--1-MF21-54,bus,742,Belgrave - Gembrook,15027,Sunnyside Rd/Ferntree Gully Rd,756.9735417,15792,Howleys Rd/Normanby Rd,509.62643044,27240,27720,480
monash_clayton,22001,Oakleigh East,2026-10-08,4,21-742--1-MF21-56,bus,742,Belgrave - Gembrook,15027,Sunnyside Rd/Ferntree Gully Rd,756.9735417,22446,Monash University/Research Way,409.08323406,27960,28800,840
monash_clayton,22001,Oakleigh East,2026-10-08,4,21-742--1-MF21-58,bus,742,Belgrave - Gembrook,15027,Sunnyside Rd/Ferntree Gully Rd,756.9735417,22446,Monash University/Research Way,409.08323406,31380,32160,780
monash_clayton,22001,Oakleigh East,2026-10-08,4,21-742--1-MF21-6,bus,742,Belgrave - Gembrook,15027,Sunnyside Rd/Ferntree Gully Rd,756.9735417,15792,Howleys Rd/Normanby Rd,509.62643044,25260,25740,480
monash_clayton,22001,Oakleigh East,2026-10-08,4,21-742--1-MF21-76,bus,742,Belgrave - Gembrook,15027,Sunnyside Rd/Ferntree Gully Rd,756.9735417,22446,Monash University/Research Way,409.08323406,29220,29700,480
monash_clayton,22001,Oakleigh East,2026-10-08,4,41-802--1-MF10-3,bus,802,"Dandenong - Chadstone via Mulgrave, Oakleigh",1501,Leumear St/Princes Hwy,368.10811197,1497,Monash University/Wellington Rd,542.25845409,25320,25680,360
monash_clayton,22001,Oakleigh East,2026-10-08,4,41-802--1-MF10-4,bus,802,"Dandenong - Chadstone via Mulgrave, Oakleigh",1501,Leumear St/Princes Hwy,368.10811197,1497,Monash University/Wellington Rd,542.25845409,28920,29340,420
monash_clayton,22001,Oakleigh East,2026-10-08,4,41-802--1-MF10-5,bus,802,"Dandenong - Chadstone via Mulgrave, Oakleigh",1501,Leumear St/Princes Hwy,368.10811197,1497,Monash University/Wellington Rd,542.25845409,31140,31560,420
monash_clayton,22001,Oakleigh East,2026-10-08,4,41-804--1-MF10-10,bus,804,"Dandenong - Chadstone via Wheelers Hill, Oakleigh",1501,Leumear St/Princes Hwy,368.10811197,1497,Monash University/Wellington Rd,542.25845409,26340,26700,360
monash_clayton,22001,Oakleigh East,2026-10-08,4,41-804--1-MF10-11,bus,804,"Dandenong - Chadstone via Wheelers Hill, Oakleigh",1501,Leumear St/Princes Hwy,368.10811197,1497,Monash University/Wellington Rd,542.25845409,32160,32580,420
monash_clayton,22001,Oakleigh East,2026-10-08,4,41-804--1-MF10-3,bus,804,"Dandenong - Chadstone via Wheelers Hill, Oakleigh",1501,Leumear St/Princes Hwy,368.10811197,1497,Monash University/Wellington Rd,542.25845409,29880,30300,420
monash_clayton,22001,Oakleigh East,2026-10-08,4,41-862--1-MF10-29,bus,862,"Dandenong - Chadstone via North Dandenong, Oakleigh",1501,Leumear St/Princes Hwy,368.10811197,1497,Monash University/Wellington Rd,542.25845409,25860,26160,300
monash_clayton,22001,Oakleigh East,2026-10-08,4,41-862--1-MF10-30,bus,862,"Dandenong - Chadstone via North Dandenong, Oakleigh",1501,Leumear St/Princes Hwy,368.10811197,1497,Monash University/Wellington Rd,542.25845409,28620,29040,420
monash_clayton,22001,Oakleigh East,2026-10-08,4,41-862--1-MF10-31,bus,862,"Dandenong - Chadstone via North Dandenong, Oakleigh",1501,Leumear St/Princes Hwy,368.10811197,1497,Monash University/Wellington Rd,542.25845409,30960,31380,420
monash_clayton,22002,Oakleigh South,2026-10-08,4,20-703--1-MF18-1008,bus,703,"Middle Brighton - Blackburn via Bentleigh, Clayton, Monash University",8176,Jacks Rd/Centre Rd,228.51268257,17614,Monash Biomedical Imaging/Blackburn Rd,409.74022519,29100,30720,1620
monash_clayton,22002,Oakleigh South,2026-10-08,4,20-703--1-MF18-1010,bus,703,"Middle Brighton - Blackburn via Bentleigh, Clayton, Monash University",8176,Jacks Rd/Centre Rd,228.51268257,17614,Monash Biomedical Imaging/Blackburn Rd,409.74022519,30420,31680,1260
monash_clayton,22002,Oakleigh South,2026-10-08,4,20-703--1-MF18-1012,bus,703,"Middle Brighton - Blackburn via Bentleigh, Clayton, Monash University",8176,Jacks Rd/Centre Rd,228.51268257,17614,Monash Biomedical Imaging/Blackburn Rd,409.74022519,31680,33000,1320
monash_clayton,22002,Oakleigh South,2026-10-08,4,20-703--1-MF18-1113,bus,703,"Middle Brighton - Blackburn via Bentleigh, Clayton, Monash University",8176,Jacks Rd/Centre Rd,228.51268257,17614,Monash Biomedical Imaging/Blackburn Rd,409.74022519,26460,27720,1260
monash_clayton,22002,Oakleigh South,2026-10-08,4,20-703--1-MF18-1115,bus,703,"Middle Brighton - Blackburn via Bentleigh, Clayton, Monash University",8176,Jacks Rd/Centre Rd,228.51268257,17614,Monash Biomedical Imaging/Blackburn Rd,409.74022519,27420,28920,1500
monash_clayton,22002,Oakleigh South,2026-10-08,4,20-703--1-MF18-1117,bus,703,"Middle Brighton - Blackburn via Bentleigh, Clayton, Monash University",8176,Jacks Rd/Centre Rd,228.51268257,17614,Monash Biomedical Imaging/Blackburn Rd,409.74022519,28440,29880,1440
monash_clayton,22002,Oakleigh South,2026-10-08,4,20-733--1-MF18-221,bus,733,"Oakleigh - Box Hill via Clayton, Monash University, Mt Waverley",8176,Jacks Rd/Centre Rd,228.51268257,19813,Monash University,600.4027561,26280,27300,1020
monash_clayton,22002,Oakleigh South,2026-10-08,4,20-733--1-MF18-223,bus,733,"Oakleigh - Box Hill via Clayton, Monash University, Mt Waverley",8176,Jacks Rd/Centre Rd,228.51268257,19813,Monash University,600.4027561,27660,28860,1200
monash_clayton,22002,Oakleigh South,2026-10-08,4,20-733--1-MF18-225,bus,733,"Oakleigh - Box Hill via Clayton, Monash University, Mt Waverley",8176,Jacks Rd/Centre Rd,228.51268257,19813,Monash University,600.4027561,29340,30660,1320
monash_clayton,22002,Oakleigh South,2026-10-08,4,20-733--1-MF18-227,bus,733,"Oakleigh - Box Hill via Clayton, Monash University, Mt Waverley",8176,Jacks Rd/Centre Rd,228.51268257,19813,Monash University,600.4027561,31200,32520,1320
monash_clayton,22766,Wheelers Hill,2026-10-08,4,41-804--1-MF10-32,bus,804,"Dandenong - Chadstone via Wheelers Hill, Oakleigh",1475,Wheelers Hill Shopping Centre/Jells Rd,656.363574,48471,Monash University,556.70141252,25860,26820,960
monash_clayton,22766,Wheelers Hill,2026-10-08,4,41-804--1-MF10-33,bus,804,"Dandenong - Chadstone via Wheelers Hill, Oakleigh",1475,Wheelers Hill Shopping Centre/Jells Rd,656.363574,48471,Monash University,556.70141252,27900,29040,1140
monash_clayton,22766,Wheelers Hill,2026-10-08,4,41-804--1-MF10-34,bus,804,"Dandenong - Chadstone via Wheelers Hill, Oakleigh",1475,Wheelers Hill Shopping Centre/Jells Rd,656.363574,48471,Monash University,556.70141252,30540,31740,1200
rmit_city,20002,Abbotsford (Vic.),2026-10-08,4,14-200--1-MF76-200895,bus,200,City - Bulleen via Key Junction,3182,Trenerry Cres/Johnston St,344.99487114,19531,La Trobe St/Russell St,347.22144049,31920,33300,1380
rmit_city,20002,Abbotsford (Vic.),2026-10-08,4,14-200--1-MF76-200911,bus,200,City - Bulleen via Key Junction,3182,Trenerry Cres/Johnston St,344.99487114,19531,La Trobe St/Russell St,347.22144049,30840,32220,1380
rmit_city,20002,Abbotsford (Vic.),2026-10-08,4,14-207--1-MF76-208071,bus,207,City - Doncaster Shopping Centre via Kew Junction,1170,Hoddle St/Johnston St,701.90130438,19531,La Trobe St/Russell St,347.22144049,25200,25980,780
rmit_city,20002,Abbotsford (Vic.),2026-10-08,4,14-207--1-MF76-208090,bus,207,City - Doncaster Shopping Centre via Kew Junction,3182,Trenerry Cres/Johnston St,344.99487114,19531,La Trobe St/Russell St,347.22144049,28980,30360,1380
rmit_city,20002,Abbotsford (Vic.),2026-10-08,4,14-207--1-MF76-208091,bus,207,City - Doncaster Shopping Centre via Kew Junction,3182,Trenerry Cres/Johnston St,344.99487114,19531,La Trobe St/Russell St,347.22144049,31200,32580,1380
rmit_city,20002,Abbotsford (Vic.),2026-10-08,4,14-207--1-MF76-208098,bus,207,City - Doncaster Shopping Centre via Kew Junction,3182,Trenerry Cres/Johnston St,344.99487114,19531,La Trobe St/Russell St,347.22144049,26400,27420,1020
rmit_city,20002,Abbotsford (Vic.),2026-10-08,4,14-302--1-MF76-302834,bus,302,City - Box Hill Station via Belmore Rd and Eastern Fwy,1131,Vere St/Hoddle St,653.16487798,19545,Melbourne Central/Lonsdale St,435.17422349,29460,30360,900
rmit_city,20002,Abbotsford (Vic.),2026-10-08,4,14-302--1-MF76-302839,bus,302,City - Box Hill Station via Belmore Rd and Eastern Fwy,1131,Vere St/Hoddle St,653.16487798,19545,Melbourne Central/Lonsdale St,435.17422349,31860,32820,960
rmit_city,20002,Abbotsford (Vic.),2026-10-08,4,14-302--1-MF76-302845,bus,302,City - Box Hill Station via Belmore Rd and Eastern Fwy,1131,Vere St/Hoddle St,653.16487798,19545,Melbourne Central/Lonsdale St,435.17422349,28800,29640,840
rmit_city,20002,Abbotsford (Vic.),2026-10-08,4,14-302--1-MF76-302849,bus,302,City - Box Hill Station via Belmore Rd and Eastern Fwy,1131,Vere St/Hoddle St,653.16487798,19545,Melbourne Central/Lonsdale St,435.17422349,30660,31560,900
rmit_city,20002,Abbotsford (Vic.),2026-10-08,4,14-302--1-MF76-302927,bus,302,City - Box Hill Station via Belmore Rd and Eastern Fwy,1131,Vere St/Hoddle St,653.16487798,19545,Melbourne Central/Lonsdale St,435.17422349,30840,31800,960
rmit_city,20002,Abbotsford (Vic.),2026-10-08,4,14-303--1-MF76-303020,bus,303,City - Ringwood North via Park Rd,1131,Vere St/Hoddle St,653.16487798,19545,Melbourne Central/Lonsdale St,435.17422349,25920,26640,720
rmit_city,20002,Abbotsford (Vic.),2026-10-08,4,14-303--1-MF76-303021,bus,303,City - Ringwood North via Park Rd,1131,Vere St/Hoddle St,653.16487798,19545,Melbourne Central/Lonsdale St,435.17422349,27240,28020,780
rmit_city,20002,Abbotsford (Vic.),2026-10-08,4,14-303--1-MF76-303022,bus,303,City - Ringwood North via Park Rd,1131,Vere St/Hoddle St,653.16487798,19545,Melbourne Central/Lonsdale St,435.17422349,29520,30360,840
rmit_city,20002,Abbotsford (Vic.),2026-10-08,4,14-303--1-MF76-303023,bus,303,City - Ringwood North via Park Rd,1131,Vere St/Hoddle St,653.16487798,19545,Melbourne Central/Lonsdale St,435.17422349,30660,31500,840
rmit_city,20002,Abbotsford (Vic.),2026-10-08,4,14-304--1-MF76-304528,bus,304,City - Doncaster SC via Belmore Rd and Eastern Fwy,1131,Vere St/Hoddle St,653.16487798,19545,Melbourne Central/Lonsdale St,435.17422349,32280,33300,1020
rmit_city,20002,Abbotsford (Vic.),2026-10-08,4,14-304--1-MF76-304541,bus,304,City - Doncaster SC via Belmore Rd and Eastern Fwy,1131,Vere St/Hoddle St,653.16487798,19545,Melbourne Central/Lonsdale St,435.17422349,29220,30240,1020
rmit_city,20002,Abbotsford (Vic.),2026-10-08,4,14-304--1-MF76-304548,bus,304,City - Doncaster SC via Belmore Rd and Eastern Fwy,1131,Vere St/Hoddle St,653.16487798,19545,Melbourne Central/Lonsdale St,435.17422349,27660,28560,900
rmit_city,20002,Abbotsford (Vic.),2026-10-08,4,14-304--1-MF76-304553,bus,304,City - Doncaster SC via Belmore Rd and Eastern Fwy,1131,Vere St/Hoddle St,653.16487798,19545,Melbourne Central/Lonsdale St,435.17422349,31080,32100,1020
rmit_city,20002,Abbotsford (Vic.),2026-10-08,4,14-305--1-MF76-306017,bus,305,City - The Pines SC via Eastern Fwy and George St,1131,Vere St/Hoddle St,653.16487798,19545,Melbourne Central/Lonsdale St,435.17422349,25860,26760,900
rmit_city,20002,Abbotsford (Vic.),2026-10-08,4,14-305--1-MF76-306018,bus,305,City - The Pines SC via Eastern Fwy and George St,1131,Vere St/Hoddle St,653.16487798,19545,Melbourne Central/Lonsdale St,435.17422349,32340,33360,1020
rmit_city,20002,Abbotsford (Vic.),2026-10-08,4,14-305--1-MF76-306020,bus,305,City - The Pines SC via Eastern Fwy and George St,1131,Vere St/Hoddle St,653.16487798,19545,Melbourne Central/Lonsdale St,435.17422349,26820,27720,900
rmit_city,20002,Abbotsford (Vic.),2026-10-08,4,14-305--1-MF76-306021,bus,305,City - The Pines SC via Eastern Fwy and George St,1131,Vere St/Hoddle St,653.16487798,19545,Melbourne Central/Lonsdale St,435.17422349,27960,28980,1020
rmit_city,20002,Abbotsford (Vic.),2026-10-08,4,14-305--1-MF76-306022,bus,305,City - The Pines SC via Eastern Fwy and George St,1131,Vere St/Hoddle St,653.16487798,19545,Melbourne Central/Lonsdale St,435.17422349,29220,30300,1080
rmit_city,20002,Abbotsford (Vic.),2026-10-08,4,14-305--1-MF76-306024,bus,305,City - The Pines SC via Eastern Fwy and George St,1131,Vere St/Hoddle St,653.16487798,19545,Melbourne Central/Lonsdale St,435.17422349,31680,32760,1080
rmit_city,20002,Abbotsford (Vic.),2026-10-08,4,14-305--1-MF76-306025,bus,305,City - The Pines SC via Eastern Fwy and George St,1131,Vere St/Hoddle St,653.16487798,19545,Melbourne Central/Lonsdale St,435.17422349,29880,30960,1080
rmit_city,20002,Abbotsford (Vic.),2026-10-08,4,14-309--1-MF76-309064,bus,309,City - The Pines SC via Eastern Fwy and Reynolds Rd,1131,Vere St/Hoddle St,653.16487798,19545,Melbourne Central/Lonsdale St,435.17422349,29340,30300,960
rmit_city,20002,Abbotsford (Vic.),2026-10-08,4,14-309--1-MF76-309065,bus,309,City - The Pines SC via Eastern Fwy and Reynolds Rd,1131,Vere St/Hoddle St,653.16487798,19545,Melbourne Central/Lonsdale St,435.17422349,27240,28020,780
rmit_city,20002,Abbotsford (Vic.),2026-10-08,4,14-309--1-MF76-309067,bus,309,City - The Pines SC via Eastern Fwy and Reynolds Rd,1131,Vere St/Hoddle St,653.16487798,19545,Melbourne Central/Lonsdale St,435.17422349,28740,29700,960
rmit_city,20002,Abbotsford (Vic.),2026-10-08,4,14-309--1-MF76-309068,bus,309,City - The Pines SC via Eastern Fwy and Reynolds Rd,1131,Vere St/Hoddle St,653.16487798,19545,Melbourne Central/Lonsdale St,435.17422349,29940,30900,960
rmit_city,20002,Abbotsford (Vic.),2026-10-08,4,14-309--1-MF76-309069,bus,309,City - The Pines SC via Eastern Fwy and Reynolds Rd,1131,Vere St/Hoddle St,653.16487798,19545,Melbourne Central/Lonsdale St,435.17422349,26220,26940,720
rmit_city,20002,Abbotsford (Vic.),2026-10-08,4,14-309--1-MF76-309070,bus,309,City - The Pines SC via Eastern Fwy and Reynolds Rd,1131,Vere St/Hoddle St,653.16487798,19545,Melbourne Central/Lonsdale St,435.17422349,28020,28860,840
rmit_city,20002,Abbotsford (Vic.),2026-10-08,4,14-318--1-MF76-318037,bus,318,City - Deep Creek,1131,Vere St/Hoddle St,653.16487798,19545,Melbourne Central/Lonsdale St,435.17422349,28140,29160,1020
rmit_city,20002,Abbotsford (Vic.),2026-10-08,4,14-318--1-MF76-318038,bus,318,City - Deep Creek,1131,Vere St/Hoddle St,653.16487798,19545,Melbourne Central/Lonsdale St,435.17422349,31620,32580,960
rmit_city,20002,Abbotsford (Vic.),2026-10-08,4,14-318--1-MF76-318039,bus,318,City - Deep Creek,1131,Vere St/Hoddle St,653.16487798,19545,Melbourne Central/Lonsdale St,435.17422349,29280,30240,960
rmit_city,20002,Abbotsford (Vic.),2026-10-08,4,14-318--1-MF76-318040,bus,318,City - Deep Creek,1131,Vere St/Hoddle St,653.16487798,19545,Melbourne Central/Lonsdale St,435.17422349,30180,31140,960
rmit_city,20002,Abbotsford (Vic.),2026-10-08,4,14-905--1-MF76-906442,bus,905,City - The Pines SC via Eastern Fwy and Thompsons Rd,1131,Vere St/Hoddle St,653.16487798,19545,Melbourne Central/Lonsdale St,435.17422349,26220,27000,780
rmit_city,20002,Abbotsford (Vic.),2026-10-08,4,14-905--1-MF76-906443,bus,905,City - The Pines SC via Eastern Fwy and Thompsons Rd,1131,Vere St/Hoddle St,653.16487798,19545,Melbourne Central/Lonsdale St,435.17422349,31920,32940,1020
rmit_city,20002,Abbotsford (Vic.),2026-10-08,4,14-905--1-MF76-906449,bus,905,City - The Pines SC via Eastern Fwy and Thompsons Rd,1131,Vere St/Hoddle St,653.16487798,19545,Melbourne Central/Lonsdale St,435.17422349,27540,28440,900
rmit_city,20002,Abbotsford (Vic.),2026-10-08,4,14-905--1-MF76-906452,bus,905,City - The Pines SC via Eastern Fwy and Thompsons Rd,1131,Vere St/Hoddle St,653.16487798,19545,Melbourne Central/Lonsdale St,435.17422349,28320,29280,960
rmit_city,20002,Abbotsford (Vic.),2026-10-08,4,14-905--1-MF76-906454,bus,905,City - The Pines SC via Eastern Fwy and Thompsons Rd,1131,Vere St/Hoddle St,653.16487798,19545,Melbourne Central/Lonsdale St,435.17422349,30360,31440,1080
rmit_city,20002,Abbotsford (Vic.),2026-10-08,4,14-905--1-MF76-906460,bus,905,City - The Pines SC via Eastern Fwy and Thompsons Rd,1131,Vere St/Hoddle St,653.16487798,19545,Melbourne Central/Lonsdale St,435.17422349,31020,32100,1080
rmit_city,20002,Abbotsford (Vic.),2026-10-08,4,14-905--1-MF76-906485,bus,905,City - The Pines SC via Eastern Fwy and Thompsons Rd,1131,Vere St/Hoddle St,653.16487798,19545,Melbourne Central/Lonsdale St,435.17422349,29220,30240,1020
rmit_city,20002,Abbotsford (Vic.),2026-10-08,4,14-905--1-MF76-906492,bus,905,City - The Pines SC via Eastern Fwy and Thompsons Rd,1131,Vere St/Hoddle St,653.16487798,19545,Melbourne Central/Lonsdale St,435.17422349,31500,32580,1080
rmit_city,20002,Abbotsford (Vic.),2026-10-08,4,14-905--1-MF76-906605,bus,905,City - The Pines SC via Eastern Fwy and Thompsons Rd,1131,Vere St/Hoddle St,653.16487798,19545,Melbourne Central/Lonsdale St,435.17422349,27960,28860,900
rmit_city,20002,Abbotsford (Vic.),2026-10-08,4,14-905--1-MF76-906606,bus,905,City - The Pines SC via Eastern Fwy and Thompsons Rd,1131,Vere St/Hoddle St,653.16487798,19545,Melbourne Central/Lonsdale St,435.17422349,29700,30780,1080
rmit_city,20002,Abbotsford (Vic.),2026-10-08,4,14-905--1-MF76-906607,bus,905,City - The Pines SC via Eastern Fwy and Thompsons Rd,1131,Vere St/Hoddle St,653.16487798,19545,Melbourne Central/Lonsdale St,435.17422349,28740,29760,1020
rmit_city,20002,Abbotsford (Vic.),2026-10-08,4,14-906--1-MF76-906678,bus,906,"City (King St) - Warrandyte via Eastern Fwy, The Pines Shopping Centre",1131,Vere St/Hoddle St,653.16487798,19545,Melbourne Central/Lonsdale St,435.17422349,29700,30720,1020
rmit_city,20002,Abbotsford (Vic.),2026-10-08,4,14-906--1-MF76-906681,bus,906,"City (King St) - Warrandyte via Eastern Fwy, The Pines Shopping Centre",1131,Vere St/Hoddle St,653.16487798,19545,Melbourne Central/Lonsdale St,435.17422349,31140,32160,1020
rmit_city,20002,Abbotsford (Vic.),2026-10-08,4,14-906--1-MF76-906689,bus,906,"City (King St) - Warrandyte via Eastern Fwy, The Pines Shopping Centre",1131,Vere St/Hoddle St,653.16487798,19545,Melbourne Central/Lonsdale St,435.17422349,27120,27960,840
rmit_city,20002,Abbotsford (Vic.),2026-10-08,4,14-906--1-MF76-906700,bus,906,"City (King St) - Warrandyte via Eastern Fwy, The Pines Shopping Centre",1131,Vere St/Hoddle St,653.16487798,19545,Melbourne Central/Lonsdale St,435.17422349,30660,31680,1020
rmit_city,20002,Abbotsford (Vic.),2026-10-08,4,14-906--1-MF76-906710,bus,906,"City (King St) - Warrandyte via Eastern Fwy, The Pines Shopping Centre",1131,Vere St/Hoddle St,653.16487798,19545,Melbourne Central/Lonsdale St,435.17422349,28980,29880,900
rmit_city,20002,Abbotsford (Vic.),2026-10-08,4,14-906--1-MF76-906720,bus,906,"City (King St) - Warrandyte via Eastern Fwy, The Pines Shopping Centre",1131,Vere St/Hoddle St,653.16487798,19545,Melbourne Central/Lonsdale St,435.17422349,25260,25920,660
rmit_city,20002,Abbotsford (Vic.),2026-10-08,4,14-906--1-MF76-906725,bus,906,"City (King St) - Warrandyte via Eastern Fwy, The Pines Shopping Centre",1131,Vere St/Hoddle St,653.16487798,19545,Melbourne Central/Lonsdale St,435.17422349,31980,33000,1020
rmit_city,20002,Abbotsford (Vic.),2026-10-08,4,14-906--1-MF76-906728,bus,906,"City (King St) - Warrandyte via Eastern Fwy, The Pines Shopping Centre",1131,Vere St/Hoddle St,653.16487798,19545,Melbourne Central/Lonsdale St,435.17422349,30060,31080,1020
rmit_city,20002,Abbotsford (Vic.),2026-10-08,4,14-906--1-MF76-907145,bus,906,"City (King St) - Warrandyte via Eastern Fwy, The Pines Shopping Centre",1131,Vere St/Hoddle St,653.16487798,19545,Melbourne Central/Lonsdale St,435.17422349,32100,33120,1020
rmit_city,20002,Abbotsford (Vic.),2026-10-08,4,14-906--1-MF76-907146,bus,906,"City (King St) - Warrandyte via Eastern Fwy, The Pines Shopping Centre",1131,Vere St/Hoddle St,653.16487798,19545,Melbourne Central/Lonsdale St,435.17422349,28080,28920,840
rmit_city,20002,Abbotsford (Vic.),2026-10-08,4,14-906--1-MF76-907147,bus,906,"City (King St) - Warrandyte via Eastern Fwy, The Pines Shopping Centre",1131,Vere St/Hoddle St,653.16487798,19545,Melbourne Central/Lonsdale St,435.17422349,30360,31380,1020
rmit_city,20002,Abbotsford (Vic.),2026-10-08,4,14-906--1-MF76-907148,bus,906,"City (King St) - Warrandyte via Eastern Fwy, The Pines Shopping Centre",1131,Vere St/Hoddle St,653.16487798,19545,Melbourne Central/Lonsdale St,435.17422349,30840,31860,1020
rmit_city,20002,Abbotsford (Vic.),2026-10-08,4,14-906--1-MF76-907149,bus,906,"City (King St) - Warrandyte via Eastern Fwy, The Pines Shopping Centre",1131,Vere St/Hoddle St,653.16487798,19545,Melbourne Central/Lonsdale St,435.17422349,29340,30360,1020
rmit_city,20002,Abbotsford (Vic.),2026-10-08,4,14-906--1-MF76-907150,bus,906,"City (King St) - Warrandyte via Eastern Fwy, The Pines Shopping Centre",1131,Vere St/Hoddle St,653.16487798,19545,Melbourne Central/Lonsdale St,435.17422349,31320,32340,1020
rmit_city,20002,Abbotsford (Vic.),2026-10-08,4,14-907--1-MF76-908171,bus,907,City - Mitcham via Eastern Fwy and Doncaster Rd,1131,Vere St/Hoddle St,653.16487798,19545,Melbourne Central/Lonsdale St,435.17422349,26340,27180,840
rmit_city,20002,Abbotsford (Vic.),2026-10-08,4,14-907--1-MF76-908179,bus,907,City - Mitcham via Eastern Fwy and Doncaster Rd,1131,Vere St/Hoddle St,653.16487798,19545,Melbourne Central/Lonsdale St,435.17422349,28560,29580,1020
rmit_city,20002,Abbotsford (Vic.),2026-10-08,4,14-907--1-MF76-908184,bus,907,City - Mitcham via Eastern Fwy and Doncaster Rd,1131,Vere St/Hoddle St,653.16487798,19545,Melbourne Central/Lonsdale St,435.17422349,30960,32040,1080
rmit_city,20002,Abbotsford (Vic.),2026-10-08,4,14-907--1-MF76-908187,bus,907,City - Mitcham via Eastern Fwy and Doncaster Rd,1131,Vere St/Hoddle St,653.16487798,19545,Melbourne Central/Lonsdale St,435.17422349,30120,31200,1080
rmit_city,20002,Abbotsford (Vic.),2026-10-08,4,14-907--1-MF76-908191,bus,907,City - Mitcham via Eastern Fwy and Doncaster Rd,1131,Vere St/Hoddle St,653.16487798,19545,Melbourne Central/Lonsdale St,435.17422349,25680,26520,840
rmit_city,20002,Abbotsford (Vic.),2026-10-08,4,14-907--1-MF76-908193,bus,907,City - Mitcham via Eastern Fwy and Doncaster Rd,1131,Vere St/Hoddle St,653.16487798,19545,Melbourne Central/Lonsdale St,435.17422349,30480,31560,1080
rmit_city,20002,Abbotsford (Vic.),2026-10-08,4,14-907--1-MF76-908195,bus,907,City - Mitcham via Eastern Fwy and Doncaster Rd,1131,Vere St/Hoddle St,653.16487798,19545,Melbourne Central/Lonsdale St,435.17422349,27840,28800,960
rmit_city,20002,Abbotsford (Vic.),2026-10-08,4,14-907--1-MF76-908214,bus,907,City - Mitcham via Eastern Fwy and Doncaster Rd,1131,Vere St/Hoddle St,653.16487798,19545,Melbourne Central/Lonsdale St,435.17422349,32340,33300,960
rmit_city,20002,Abbotsford (Vic.),2026-10-08,4,14-907--1-MF76-908220,bus,907,City - Mitcham via Eastern Fwy and Doncaster Rd,1131,Vere St/Hoddle St,653.16487798,19545,Melbourne Central/Lonsdale St,435.17422349,31440,32520,1080
rmit_city,20002,Abbotsford (Vic.),2026-10-08,4,14-907--1-MF76-908221,bus,907,City - Mitcham via Eastern Fwy and Doncaster Rd,1131,Vere St/Hoddle St,653.16487798,19545,Melbourne Central/Lonsdale St,435.17422349,31800,32820,1020
rmit_city,20002,Abbotsford (Vic.),2026-10-08,4,14-907--1-MF76-908226,bus,907,City - Mitcham via Eastern Fwy and Doncaster Rd,1131,Vere St/Hoddle St,653.16487798,19545,Melbourne Central/Lonsdale St,435.17422349,29220,30180,960
rmit_city,20002,Abbotsford (Vic.),2026-10-08,4,14-907--1-MF76-908232,bus,907,City - Mitcham via Eastern Fwy and Doncaster Rd,1131,Vere St/Hoddle St,653.16487798,19545,Melbourne Central/Lonsdale St,435.17422349,29640,30660,1020
rmit_city,20002,Abbotsford (Vic.),2026-10-08,4,14-907--1-MF76-908236,bus,907,City - Mitcham via Eastern Fwy and Doncaster Rd,1131,Vere St/Hoddle St,653.16487798,19545,Melbourne Central/Lonsdale St,435.17422349,27000,27960,960
rmit_city,20002,Abbotsford (Vic.),2026-10-08,4,14-907--1-MF76-908689,bus,907,City - Mitcham via Eastern Fwy and Doncaster Rd,1131,Vere St/Hoddle St,653.16487798,19545,Melbourne Central/Lonsdale St,435.17422349,28200,29160,960
rmit_city,20002,Abbotsford (Vic.),2026-10-08,4,14-907--1-MF76-908690,bus,907,City - Mitcham via Eastern Fwy and Doncaster Rd,1131,Vere St/Hoddle St,653.16487798,19545,Melbourne Central/Lonsdale St,435.17422349,26700,27540,840
rmit_city,20002,Abbotsford (Vic.),2026-10-08,4,14-908--1-MF76-908098,bus,908,City - The Pines SC via Eastern Fwy and High St,1131,Vere St/Hoddle St,653.16487798,19545,Melbourne Central/Lonsdale St,435.17422349,30000,31080,1080
rmit_city,20002,Abbotsford (Vic.),2026-10-08,4,14-908--1-MF76-908100,bus,908,City - The Pines SC via Eastern Fwy and High St,1131,Vere St/Hoddle St,653.16487798,19545,Melbourne Central/Lonsdale St,435.17422349,28980,29940,960
rmit_city,20002,Abbotsford (Vic.),2026-10-08,4,14-908--1-MF76-908101,bus,908,City - The Pines SC via Eastern Fwy and High St,1131,Vere St/Hoddle St,653.16487798,19545,Melbourne Central/Lonsdale St,435.17422349,29640,30660,1020
rmit_city,20002,Abbotsford (Vic.),2026-10-08,4,14-908--1-MF76-908102,bus,908,City - The Pines SC via Eastern Fwy and High St,1131,Vere St/Hoddle St,653.16487798,19545,Melbourne Central/Lonsdale St,435.17422349,25440,26220,780
rmit_city,20002,Abbotsford (Vic.),2026-10-08,4,14-908--1-MF76-908103,bus,908,City - The Pines SC via Eastern Fwy and High St,1293,Johnston St/Hoddle St,710.22757445,19545,Melbourne Central/Lonsdale St,435.17422349,32340,33300,960
rmit_city,20002,Abbotsford (Vic.),2026-10-08,4,14-908--1-MF76-908104,bus,908,City - The Pines SC via Eastern Fwy and High St,1131,Vere St/Hoddle St,653.16487798,19545,Melbourne Central/Lonsdale St,435.17422349,26100,26880,780
rmit_city,20002,Abbotsford (Vic.),2026-10-08,4,14-908--1-MF76-908105,bus,908,City - The Pines SC via Eastern Fwy and High St,1131,Vere St/Hoddle St,653.16487798,19545,Melbourne Central/Lonsdale St,435.17422349,31980,32940,960
rmit_city,20002,Abbotsford (Vic.),2026-10-08,4,14-908--1-MF76-908108,bus,908,City - The Pines SC via Eastern Fwy and High St,1131,Vere St/Hoddle St,653.16487798,19545,Melbourne Central/Lonsdale St,435.17422349,30660,31740,1080
rmit_city,20002,Abbotsford (Vic.),2026-10-08,4,14-908--1-MF76-908112,bus,908,City - The Pines SC via Eastern Fwy and High St,1131,Vere St/Hoddle St,653.16487798,19545,Melbourne Central/Lonsdale St,435.17422349,26940,27780,840
rmit_city,20002,Abbotsford (Vic.),2026-10-08,4,14-908--1-MF76-908115,bus,908,City - The Pines SC via Eastern Fwy and High St,1131,Vere St/Hoddle St,653.16487798,19545,Melbourne Central/Lonsdale St,435.17422349,31620,32700,1080
rmit_city,20002,Abbotsford (Vic.),2026-10-08,4,17-200--1-MF62-200810,bus,200,City - Bulleen via Key Junction,3182,Trenerry Cres/Johnston St,344.99487114,19531,La Trobe St/Russell St,347.22144049,28500,29820,1320
rmit_city,20002,Abbotsford (Vic.),2026-10-08,4,17-200--1-MF62-200812,bus,200,City - Bulleen via Key Junction,3182,Trenerry Cres/Johnston St,344.99487114,19531,La Trobe St/Russell St,347.22144049,29340,30720,1380
rmit_city,20002,Abbotsford (Vic.),2026-10-08,4,17-200--1-MF62-200813,bus,200,City - Bulleen via Key Junction,3182,Trenerry Cres/Johnston St,344.99487114,19531,La Trobe St/Russell St,347.22144049,25860,26820,960
rmit_city,20002,Abbotsford (Vic.),2026-10-08,4,17-200--1-MF62-200816,bus,200,City - Bulleen via Key Junction,3182,Trenerry Cres/Johnston St,344.99487114,19531,La Trobe St/Russell St,347.22144049,27060,28080,1020
rmit_city,20002,Abbotsford (Vic.),2026-10-08,4,17-200--1-MF62-200821,bus,200,City - Bulleen via Key Junction,3182,Trenerry Cres/Johnston St,344.99487114,19531,La Trobe St/Russell St,347.22144049,27720,28920,1200
rmit_city,20002,Abbotsford (Vic.),2026-10-08,4,17-207--1-MF62-207140,bus,207,City - Doncaster Shopping Centre via Kew Junction,3182,Trenerry Cres/Johnston St,344.99487114,19531,La Trobe St/Russell St,347.22144049,32280,33600,1320
rmit_city,20002,Abbotsford (Vic.),2026-10-08,4,17-207--1-MF62-207146,bus,207,City - Doncaster Shopping Centre via Kew Junction,3182,Trenerry Cres/Johnston St,344.99487114,19531,La Trobe St/Russell St,347.22144049,30000,31380,1380
rmit_city,20002,Abbotsford (Vic.),2026-10-08,4,17-207--1-MF62-207147,bus,207,City - Doncaster Shopping Centre via Kew Junction,3182,Trenerry Cres/Johnston St,344.99487114,19531,La Trobe St/Russell St,347.22144049,27360,28500,1140
rmit_city,20002,Abbotsford (Vic.),2026-10-08,4,17-207--1-MF62-207151,bus,207,City - Doncaster Shopping Centre via Kew Junction,3182,Trenerry Cres/Johnston St,344.99487114,19531,La Trobe St/Russell St,347.22144049,27960,29220,1260
rmit_city,20002,Abbotsford (Vic.),2026-10-08,4,17-302--1-MF62-302112,bus,302,City - Box Hill Station via Belmore Rd and Eastern Fwy,1131,Vere St/Hoddle St,653.16487798,19545,Melbourne Central/Lonsdale St,435.17422349,31260,32220,960
rmit_city,20002,Abbotsford (Vic.),2026-10-08,4,17-302--1-MF62-302113,bus,302,City - Box Hill Station via Belmore Rd and Eastern Fwy,1131,Vere St/Hoddle St,653.16487798,19545,Melbourne Central/Lonsdale St,435.17422349,25800,26520,720
rmit_city,20002,Abbotsford (Vic.),2026-10-08,4,17-302--1-MF62-302118,bus,302,City - Box Hill Station via Belmore Rd and Eastern Fwy,1131,Vere St/Hoddle St,653.16487798,19545,Melbourne Central/Lonsdale St,435.17422349,28020,28860,840
rmit_city,20002,Abbotsford (Vic.),2026-10-08,4,17-302--1-MF62-302121,bus,302,City - Box Hill Station via Belmore Rd and Eastern Fwy,1131,Vere St/Hoddle St,653.16487798,19545,Melbourne Central/Lonsdale St,435.17422349,30060,30960,900
rmit_city,20002,Abbotsford (Vic.),2026-10-08,4,17-302--1-MF62-302122,bus,302,City - Box Hill Station via Belmore Rd and Eastern Fwy,1131,Vere St/Hoddle St,653.16487798,19545,Melbourne Central/Lonsdale St,435.17422349,27120,27960,840
rmit_city,20002,Abbotsford (Vic.),2026-10-08,4,17-304--1-MF62-304742,bus,304,City - Doncaster SC via Belmore Rd and Eastern Fwy,1131,Vere St/Hoddle St,653.16487798,19545,Melbourne Central/Lonsdale St,435.17422349,31680,32700,1020
rmit_city,20002,Abbotsford (Vic.),2026-10-08,4,17-304--1-MF62-304743,bus,304,City - Doncaster SC via Belmore Rd and Eastern Fwy,1131,Vere St/Hoddle St,653.16487798,19545,Melbourne Central/Lonsdale St,435.17422349,30420,31440,1020
rmit_city,20002,Abbotsford (Vic.),2026-10-08,4,17-304--1-MF62-304744,bus,304,City - Doncaster SC via Belmore Rd and Eastern Fwy,1131,Vere St/Hoddle St,653.16487798,19545,Melbourne Central/Lonsdale St,435.17422349,26580,27420,840
rmit_city,20002,Abbotsford (Vic.),2026-10-08,4,17-304--1-MF62-304745,bus,304,City - Doncaster SC via Belmore Rd and Eastern Fwy,1131,Vere St/Hoddle St,653.16487798,19545,Melbourne Central/Lonsdale St,435.17422349,28500,29400,900
rmit_city,20002,Abbotsford (Vic.),2026-10-08,4,17-304--1-MF62-304746,bus,304,City - Doncaster SC via Belmore Rd and Eastern Fwy,1131,Vere St/Hoddle St,653.16487798,19545,Melbourne Central/Lonsdale St,435.17422349,29820,30840,1020
rmit_city,20002,Abbotsford (Vic.),2026-10-08,4,17-305--1-MF62-305781,bus,305,City - The Pines SC via Eastern Fwy and George St,1131,Vere St/Hoddle St,653.16487798,19545,Melbourne Central/Lonsdale St,435.17422349,30780,31860,1080
rmit_city,20002,Abbotsford (Vic.),2026-10-08,4,17-305--1-MF62-305788,bus,305,City - The Pines SC via Eastern Fwy and George St,1131,Vere St/Hoddle St,653.16487798,19545,Melbourne Central/Lonsdale St,435.17422349,28740,29760,1020
rmit_city,20002,Abbotsford (Vic.),2026-10-08,4,17-305--1-MF62-305789,bus,305,City - The Pines SC via Eastern Fwy and George St,1131,Vere St/Hoddle St,653.16487798,19545,Melbourne Central/Lonsdale St,435.17422349,27480,28440,960
rmit_city,20002,Abbotsford (Vic.),2026-10-08,4,17-309--1-MF62-309021,bus,309,City - The Pines SC via Eastern Fwy and Reynolds Rd,1131,Vere St/Hoddle St,653.16487798,19545,Melbourne Central/Lonsdale St,435.17422349,30840,31740,900
rmit_city,20002,Abbotsford (Vic.),2026-10-08,4,17-350--1-MF62-350100,bus,350,City - La Trobe University via Eastern Fwy,1131,Vere St/Hoddle St,653.16487798,19545,Melbourne Central/Lonsdale St,435.17422349,26160,26940,780
rmit_city,20002,Abbotsford (Vic.),2026-10-08,4,17-350--1-MF62-350107,bus,350,City - La Trobe University via Eastern Fwy,1131,Vere St/Hoddle St,653.16487798,19545,Melbourne Central/Lonsdale St,435.17422349,29700,30660,960
rmit_city,20002,Abbotsford (Vic.),2026-10-08,4,17-350--1-MF62-350112,bus,350,City - La Trobe University via Eastern Fwy,1131,Vere St/Hoddle St,653.16487798,19545,Melbourne Central/Lonsdale St,435.17422349,28560,29520,960
rmit_city,20002,Abbotsford (Vic.),2026-10-08,4,17-350--1-MF62-350117,bus,350,City - La Trobe University via Eastern Fwy,1131,Vere St/Hoddle St,653.16487798,19545,Melbourne Central/Lonsdale St,435.17422349,31020,32040,1020
rmit_city,20002,Abbotsford (Vic.),2026-10-08,4,17-350--1-MF62-350123,bus,350,City - La Trobe University via Eastern Fwy,1131,Vere St/Hoddle St,653.16487798,19545,Melbourne Central/Lonsdale St,435.17422349,27480,28380,900
rmit_city,20002,Abbotsford (Vic.),2026-10-08,4,17-350--1-MF62-350124,bus,350,City - La Trobe University via Eastern Fwy,1131,Vere St/Hoddle St,653.16487798,19545,Melbourne Central/Lonsdale St,435.17422349,32280,33240,960
rmit_city,20002,Abbotsford (Vic.),2026-10-08,4,17-905--1-MF62-905863,bus,905,City - The Pines SC via Eastern Fwy and Thompsons Rd,1131,Vere St/Hoddle St,653.16487798,19545,Melbourne Central/Lonsdale St,435.17422349,26880,27720,840
rmit_city,20002,Abbotsford (Vic.),2026-10-08,4,17-905--1-MF62-905871,bus,905,City - The Pines SC via Eastern Fwy and Thompsons Rd,1131,Vere St/Hoddle St,653.16487798,19545,Melbourne Central/Lonsdale St,435.17422349,30000,31080,1080
rmit_city,20002,Abbotsford (Vic.),2026-10-08,4,17-905--1-MF62-905917,bus,905,City - The Pines SC via Eastern Fwy and Thompsons Rd,1131,Vere St/Hoddle St,653.16487798,19545,Melbourne Central/Lonsdale St,435.17422349,30720,31800,1080
rmit_city,20002,Abbotsford (Vic.),2026-10-08,4,17-906--1-MF62-906154,bus,906,"City (King St) - Warrandyte via Eastern Fwy, The Pines Shopping Centre",1131,Vere St/Hoddle St,653.16487798,19545,Melbourne Central/Lonsdale St,435.17422349,31620,32640,1020
rmit_city,20002,Abbotsford (Vic.),2026-10-08,4,17-906--1-MF62-906156,bus,906,"City (King St) - Warrandyte via Eastern Fwy, The Pines Shopping Centre",1131,Vere St/Hoddle St,653.16487798,19545,Melbourne Central/Lonsdale St,435.17422349,27660,28500,840
rmit_city,20002,Abbotsford (Vic.),2026-10-08,4,17-906--1-MF62-906159,bus,906,"City (King St) - Warrandyte via Eastern Fwy, The Pines Shopping Centre",1131,Vere St/Hoddle St,653.16487798,19545,Melbourne Central/Lonsdale St,435.17422349,28380,29220,840
rmit_city,20002,Abbotsford (Vic.),2026-10-08,4,17-906--1-MF62-906160,bus,906,"City (King St) - Warrandyte via Eastern Fwy, The Pines Shopping Centre",1131,Vere St/Hoddle St,653.16487798,19545,Melbourne Central/Lonsdale St,435.17422349,26340,27060,720
rmit_city,20002,Abbotsford (Vic.),2026-10-08,4,17-906--1-MF62-906766,bus,906,"City (King St) - Warrandyte via Eastern Fwy, The Pines Shopping Centre",1131,Vere St/Hoddle St,653.16487798,19545,Melbourne Central/Lonsdale St,435.17422349,28740,29640,900
rmit_city,20002,Abbotsford (Vic.),2026-10-08,4,17-907--1-MF62-907040,bus,907,City - Mitcham via Eastern Fwy and Doncaster Rd,1131,Vere St/Hoddle St,653.16487798,19545,Melbourne Central/Lonsdale St,435.17422349,27540,28500,960
rmit_city,20002,Abbotsford (Vic.),2026-10-08,4,17-907--1-MF62-907041,bus,907,City - Mitcham via Eastern Fwy and Doncaster Rd,1131,Vere St/Hoddle St,653.16487798,19545,Melbourne Central/Lonsdale St,435.17422349,29040,30000,960
rmit_city,20002,Abbotsford (Vic.),2026-10-08,4,17-907--1-MF62-907042,bus,907,City - Mitcham via Eastern Fwy and Doncaster Rd,1131,Vere St/Hoddle St,653.16487798,19545,Melbourne Central/Lonsdale St,435.17422349,29940,31020,1080
rmit_city,20002,Abbotsford (Vic.),2026-10-08,4,17-908--1-MF62-908045,bus,908,City - The Pines SC via Eastern Fwy and High St,1131,Vere St/Hoddle St,653.16487798,19545,Melbourne Central/Lonsdale St,435.17422349,28380,29340,960
rmit_city,20002,Abbotsford (Vic.),2026-10-08,4,17-908--1-MF62-908046,bus,908,City - The Pines SC via Eastern Fwy and High St,1131,Vere St/Hoddle St,653.16487798,19545,Melbourne Central/Lonsdale St,435.17422349,27720,28680,960
rmit_city,20018,Albert Park (Vic.),2026-10-08,3,03-1--5-T5-142612078,tram,1,East Coburg - South Melbourne Beach,18661,Richardson St/Victoria Ave #30,145.64956897,19691,RMIT University/Swanston St #7,72.24980693,25260,26640,1380
rmit_city,20018,Albert Park (Vic.),2026-10-08,3,03-1--5-T5-142612079,tram,1,East Coburg - South Melbourne Beach,18661,Richardson St/Victoria Ave #30,145.64956897,19691,RMIT University/Swanston St #7,72.24980693,25980,27360,1380
rmit_city,20018,Albert Park (Vic.),2026-10-08,3,03-1--5-T5-142612080,tram,1,East Coburg - South Melbourne Beach,18661,Richardson St/Victoria Ave #30,145.64956897,19691,RMIT University/Swanston St #7,72.24980693,26460,27900,1440
rmit_city,20018,Albert Park (Vic.),2026-10-08,3,03-1--5-T5-142612081,tram,1,East Coburg - South Melbourne Beach,18661,Richardson St/Victoria Ave #30,145.64956897,19691,RMIT University/Swanston St #7,72.24980693,27000,28500,1500
rmit_city,20018,Albert Park (Vic.),2026-10-08,3,03-1--5-T5-142612082,tram,1,East Coburg - South Melbourne Beach,18661,Richardson St/Victoria Ave #30,145.64956897,19691,RMIT University/Swanston St #7,72.24980693,27540,29100,1560
rmit_city,20018,Albert Park (Vic.),2026-10-08,3,03-1--5-T5-142612083,tram,1,East Coburg - South Melbourne Beach,18661,Richardson St/Victoria Ave #30,145.64956897,19691,RMIT University/Swanston St #7,72.24980693,28140,29700,1560
rmit_city,20018,Albert Park (Vic.),2026-10-08,3,03-1--5-T5-142612084,tram,1,East Coburg - South Melbourne Beach,18661,Richardson St/Victoria Ave #30,145.64956897,19691,RMIT University/Swanston St #7,72.24980693,28740,30300,1560
rmit_city,20018,Albert Park (Vic.),2026-10-08,3,03-1--5-T5-142612085,tram,1,East Coburg - South Melbourne Beach,18661,Richardson St/Victoria Ave #30,145.64956897,19691,RMIT University/Swanston St #7,72.24980693,29280,30840,1560
rmit_city,20018,Albert Park (Vic.),2026-10-08,3,03-1--5-T5-142612086,tram,1,East Coburg - South Melbourne Beach,18661,Richardson St/Victoria Ave #30,145.64956897,19691,RMIT University/Swanston St #7,72.24980693,29760,31320,1560
rmit_city,20018,Albert Park (Vic.),2026-10-08,3,03-1--5-T5-142612087,tram,1,East Coburg - South Melbourne Beach,18661,Richardson St/Victoria Ave #30,145.64956897,19691,RMIT University/Swanston St #7,72.24980693,30300,31860,1560
rmit_city,20018,Albert Park (Vic.),2026-10-08,3,03-1--5-T5-142612088,tram,1,East Coburg - South Melbourne Beach,18661,Richardson St/Victoria Ave #30,145.64956897,19691,RMIT University/Swanston St #7,72.24980693,30780,32340,1560
rmit_city,20018,Albert Park (Vic.),2026-10-08,3,03-1--5-T5-142612089,tram,1,East Coburg - South Melbourne Beach,18661,Richardson St/Victoria Ave #30,145.64956897,19691,RMIT University/Swanston St #7,72.24980693,31200,32760,1560
rmit_city,20018,Albert Park (Vic.),2026-10-08,3,03-1--5-T5-142612090,tram,1,East Coburg - South Melbourne Beach,18661,Richardson St/Victoria Ave #30,145.64956897,19691,RMIT University/Swanston St #7,72.24980693,31560,33120,1560
rmit_city,20018,Albert Park (Vic.),2026-10-08,3,03-1--5-T5-142612091,tram,1,East Coburg - South Melbourne Beach,18661,Richardson St/Victoria Ave #30,145.64956897,19691,RMIT University/Swanston St #7,72.24980693,31920,33480,1560
rmit_city,20018,Albert Park (Vic.),2026-10-08,3,03-1--5-T5-142612092,tram,1,East Coburg - South Melbourne Beach,18661,Richardson St/Victoria Ave #30,145.64956897,19691,RMIT University/Swanston St #7,72.24980693,32340,33900,1560
rmit_city,20018,Albert Park (Vic.),2026-10-08,4,17-236--1-MF62-236085,bus,236,City (Queen Victoria Market) - Garden City via South Melbourne,47138,Graham St/Pickles St,590.92960143,47244,A'Beckett St/Queen St,414.3657922,29640,31260,1620
rmit_city,20018,Albert Park (Vic.),2026-10-08,4,17-236--1-MF62-236097,bus,236,City (Queen Victoria Market) - Garden City via South Melbourne,47138,Graham St/Pickles St,590.92960143,47244,A'Beckett St/Queen St,414.3657922,32280,33600,1320
rmit_city,20018,Albert Park (Vic.),2026-10-08,4,35-236--1-MF74-236792,bus,236,City (Queen Victoria Market) - Garden City via South Melbourne,47138,Graham St/Pickles St,590.92960143,47244,A'Beckett St/Queen St,414.3657922,27180,28860,1680
rmit_city,20361,Brunswick (Vic.),2026-10-08,2,02-UFD--69-T5-5614,metropolitan_train,Upfield,Upfield Line,14314,Brunswick Station,127.69102224,12197,Melbourne Central Station,192.75714128,25800,26820,1020
rmit_city,20361,Brunswick (Vic.),2026-10-08,2,02-UFD--69-T5-5616,metropolitan_train,Upfield,Upfield Line,14314,Brunswick Station,127.69102224,12197,Melbourne Central Station,192.75714128,26760,27780,1020
rmit_city,20361,Brunswick (Vic.),2026-10-08,2,02-UFD--69-T5-5618,metropolitan_train,Upfield,Upfield Line,14314,Brunswick Station,127.69102224,12197,Melbourne Central Station,192.75714128,27720,28740,1020
rmit_city,20361,Brunswick (Vic.),2026-10-08,2,02-UFD--69-T5-5620,metropolitan_train,Upfield,Upfield Line,14314,Brunswick Station,127.69102224,12197,Melbourne Central Station,192.75714128,28680,29700,1020
rmit_city,20361,Brunswick (Vic.),2026-10-08,2,02-UFD--69-T5-5622,metropolitan_train,Upfield,Upfield Line,14314,Brunswick Station,127.69102224,12197,Melbourne Central Station,192.75714128,29640,30660,1020
rmit_city,20361,Brunswick (Vic.),2026-10-08,2,02-UFD--69-T5-5624,metropolitan_train,Upfield,Upfield Line,14314,Brunswick Station,127.69102224,12197,Melbourne Central Station,192.75714128,30600,31620,1020
rmit_city,20361,Brunswick (Vic.),2026-10-08,2,02-UFD--69-T5-5626,metropolitan_train,Upfield,Upfield Line,14314,Brunswick Station,127.69102224,12197,Melbourne Central Station,192.75714128,31560,32580,1020
rmit_city,20361,Brunswick (Vic.),2026-10-08,3,03-19--5-T5-142611904,tram,19,North Coburg - Flinders Street Station,17323,Victoria St/Sydney Rd #23,150.82880664,17871,Queen Victoria Market/Elizabeth St #7,278.17645067,25260,26220,960
rmit_city,20361,Brunswick (Vic.),2026-10-08,3,03-19--5-T5-142611905,tram,19,North Coburg - Flinders Street Station,17323,Victoria St/Sydney Rd #23,150.82880664,17871,Queen Victoria Market/Elizabeth St #7,278.17645067,25620,26580,960
rmit_city,20361,Brunswick (Vic.),2026-10-08,3,03-19--5-T5-142611906,tram,19,North Coburg - Flinders Street Station,17323,Victoria St/Sydney Rd #23,150.82880664,17871,Queen Victoria Market/Elizabeth St #7,278.17645067,25980,26940,960
rmit_city,20361,Brunswick (Vic.),2026-10-08,3,03-19--5-T5-142611907,tram,19,North Coburg - Flinders Street Station,17323,Victoria St/Sydney Rd #23,150.82880664,17871,Queen Victoria Market/Elizabeth St #7,278.17645067,26280,27300,1020
rmit_city,20361,Brunswick (Vic.),2026-10-08,3,03-19--5-T5-142611908,tram,19,North Coburg - Flinders Street Station,17323,Victoria St/Sydney Rd #23,150.82880664,17871,Queen Victoria Market/Elizabeth St #7,278.17645067,26580,27600,1020
rmit_city,20361,Brunswick (Vic.),2026-10-08,3,03-19--5-T5-142611909,tram,19,North Coburg - Flinders Street Station,17323,Victoria St/Sydney Rd #23,150.82880664,17871,Queen Victoria Market/Elizabeth St #7,278.17645067,26940,27960,1020
rmit_city,20361,Brunswick (Vic.),2026-10-08,3,03-19--5-T5-142611910,tram,19,North Coburg - Flinders Street Station,17323,Victoria St/Sydney Rd #23,150.82880664,17871,Queen Victoria Market/Elizabeth St #7,278.17645067,27300,28320,1020
rmit_city,20361,Brunswick (Vic.),2026-10-08,3,03-19--5-T5-142611911,tram,19,North Coburg - Flinders Street Station,17323,Victoria St/Sydney Rd #23,150.82880664,17871,Queen Victoria Market/Elizabeth St #7,278.17645067,27600,28620,1020
rmit_city,20361,Brunswick (Vic.),2026-10-08,3,03-19--5-T5-142611912,tram,19,North Coburg - Flinders Street Station,17323,Victoria St/Sydney Rd #23,150.82880664,17871,Queen Victoria Market/Elizabeth St #7,278.17645067,27900,28980,1080
rmit_city,20361,Brunswick (Vic.),2026-10-08,3,03-19--5-T5-142611913,tram,19,North Coburg - Flinders Street Station,17323,Victoria St/Sydney Rd #23,150.82880664,17871,Queen Victoria Market/Elizabeth St #7,278.17645067,28260,29340,1080
rmit_city,20361,Brunswick (Vic.),2026-10-08,3,03-19--5-T5-142611914,tram,19,North Coburg - Flinders Street Station,17323,Victoria St/Sydney Rd #23,150.82880664,17871,Queen Victoria Market/Elizabeth St #7,278.17645067,28620,29700,1080
rmit_city,20361,Brunswick (Vic.),2026-10-08,3,03-19--5-T5-142611915,tram,19,North Coburg - Flinders Street Station,17323,Victoria St/Sydney Rd #23,150.82880664,17871,Queen Victoria Market/Elizabeth St #7,278.17645067,28920,30060,1140
rmit_city,20361,Brunswick (Vic.),2026-10-08,3,03-19--5-T5-142611916,tram,19,North Coburg - Flinders Street Station,17323,Victoria St/Sydney Rd #23,150.82880664,17871,Queen Victoria Market/Elizabeth St #7,278.17645067,29160,30300,1140
rmit_city,20361,Brunswick (Vic.),2026-10-08,3,03-19--5-T5-142611917,tram,19,North Coburg - Flinders Street Station,17323,Victoria St/Sydney Rd #23,150.82880664,17871,Queen Victoria Market/Elizabeth St #7,278.17645067,29460,30600,1140
rmit_city,20361,Brunswick (Vic.),2026-10-08,3,03-19--5-T5-142611918,tram,19,North Coburg - Flinders Street Station,17323,Victoria St/Sydney Rd #23,150.82880664,17871,Queen Victoria Market/Elizabeth St #7,278.17645067,29700,30840,1140
rmit_city,20361,Brunswick (Vic.),2026-10-08,3,03-19--5-T5-142611919,tram,19,North Coburg - Flinders Street Station,17323,Victoria St/Sydney Rd #23,150.82880664,17871,Queen Victoria Market/Elizabeth St #7,278.17645067,30000,31140,1140
rmit_city,20361,Brunswick (Vic.),2026-10-08,3,03-19--5-T5-142611920,tram,19,North Coburg - Flinders Street Station,17323,Victoria St/Sydney Rd #23,150.82880664,17871,Queen Victoria Market/Elizabeth St #7,278.17645067,30180,31320,1140
rmit_city,20361,Brunswick (Vic.),2026-10-08,3,03-19--5-T5-142611921,tram,19,North Coburg - Flinders Street Station,17323,Victoria St/Sydney Rd #23,150.82880664,17871,Queen Victoria Market/Elizabeth St #7,278.17645067,30420,31560,1140
rmit_city,20361,Brunswick (Vic.),2026-10-08,3,03-19--5-T5-142611922,tram,19,North Coburg - Flinders Street Station,17323,Victoria St/Sydney Rd #23,150.82880664,17871,Queen Victoria Market/Elizabeth St #7,278.17645067,30720,31860,1140
rmit_city,20361,Brunswick (Vic.),2026-10-08,3,03-19--5-T5-142611923,tram,19,North Coburg - Flinders Street Station,17323,Victoria St/Sydney Rd #23,150.82880664,17871,Queen Victoria Market/Elizabeth St #7,278.17645067,30960,32100,1140
rmit_city,20361,Brunswick (Vic.),2026-10-08,3,03-19--5-T5-142611924,tram,19,North Coburg - Flinders Street Station,17323,Victoria St/Sydney Rd #23,150.82880664,17871,Queen Victoria Market/Elizabeth St #7,278.17645067,31200,32340,1140
rmit_city,20361,Brunswick (Vic.),2026-10-08,3,03-19--5-T5-142611925,tram,19,North Coburg - Flinders Street Station,17323,Victoria St/Sydney Rd #23,150.82880664,17871,Queen Victoria Market/Elizabeth St #7,278.17645067,31380,32520,1140
rmit_city,20361,Brunswick (Vic.),2026-10-08,3,03-19--5-T5-142611926,tram,19,North Coburg - Flinders Street Station,17323,Victoria St/Sydney Rd #23,150.82880664,17871,Queen Victoria Market/Elizabeth St #7,278.17645067,31620,32760,1140
rmit_city,20361,Brunswick (Vic.),2026-10-08,3,03-19--5-T5-142611927,tram,19,North Coburg - Flinders Street Station,17323,Victoria St/Sydney Rd #23,150.82880664,17871,Queen Victoria Market/Elizabeth St #7,278.17645067,31860,33000,1140
rmit_city,20361,Brunswick (Vic.),2026-10-08,3,03-19--5-T5-142611928,tram,19,North Coburg - Flinders Street Station,17323,Victoria St/Sydney Rd #23,150.82880664,17871,Queen Victoria Market/Elizabeth St #7,278.17645067,32220,33360,1140
rmit_city,20362,Brunswick East,2026-10-08,3,03-1--5-T5-142610602,tram,1,East Coburg - South Melbourne Beach,19352,Victoria St/Lygon St #124,501.71693354,19494,RMIT University/Swanston St #7,73.16936843,25320,26400,1080
rmit_city,20362,Brunswick East,2026-10-08,3,03-1--5-T5-142610603,tram,1,East Coburg - South Melbourne Beach,19352,Victoria St/Lygon St #124,501.71693354,19494,RMIT University/Swanston St #7,73.16936843,25800,26940,1140
rmit_city,20362,Brunswick East,2026-10-08,3,03-1--5-T5-142610604,tram,1,East Coburg - South Melbourne Beach,19352,Victoria St/Lygon St #124,501.71693354,19494,RMIT University/Swanston St #7,73.16936843,26340,27480,1140
rmit_city,20362,Brunswick East,2026-10-08,3,03-1--5-T5-142610605,tram,1,East Coburg - South Melbourne Beach,19352,Victoria St/Lygon St #124,501.71693354,19494,RMIT University/Swanston St #7,73.16936843,26820,27960,1140
rmit_city,20362,Brunswick East,2026-10-08,3,03-1--5-T5-142610606,tram,1,East Coburg - South Melbourne Beach,19352,Victoria St/Lygon St #124,501.71693354,19494,RMIT University/Swanston St #7,73.16936843,27300,28440,1140
rmit_city,20362,Brunswick East,2026-10-08,3,03-1--5-T5-142610607,tram,1,East Coburg - South Melbourne Beach,19352,Victoria St/Lygon St #124,501.71693354,19494,RMIT University/Swanston St #7,73.16936843,27720,28860,1140
rmit_city,20362,Brunswick East,2026-10-08,3,03-1--5-T5-142610608,tram,1,East Coburg - South Melbourne Beach,19352,Victoria St/Lygon St #124,501.71693354,19494,RMIT University/Swanston St #7,73.16936843,28200,29340,1140
rmit_city,20362,Brunswick East,2026-10-08,3,03-1--5-T5-142610609,tram,1,East Coburg - South Melbourne Beach,19352,Victoria St/Lygon St #124,501.71693354,19494,RMIT University/Swanston St #7,73.16936843,28560,29700,1140
rmit_city,20362,Brunswick East,2026-10-08,3,03-1--5-T5-142610610,tram,1,East Coburg - South Melbourne Beach,19352,Victoria St/Lygon St #124,501.71693354,19494,RMIT University/Swanston St #7,73.16936843,28920,30060,1140
rmit_city,20362,Brunswick East,2026-10-08,3,03-1--5-T5-142610611,tram,1,East Coburg - South Melbourne Beach,19352,Victoria St/Lygon St #124,501.71693354,19494,RMIT University/Swanston St #7,73.16936843,29280,30420,1140
rmit_city,20362,Brunswick East,2026-10-08,3,03-1--5-T5-142610612,tram,1,East Coburg - South Melbourne Beach,19352,Victoria St/Lygon St #124,501.71693354,19494,RMIT University/Swanston St #7,73.16936843,29640,30780,1140
rmit_city,20362,Brunswick East,2026-10-08,3,03-1--5-T5-142610613,tram,1,East Coburg - South Melbourne Beach,19352,Victoria St/Lygon St #124,501.71693354,19494,RMIT University/Swanston St #7,73.16936843,30000,31140,1140
rmit_city,20362,Brunswick East,2026-10-08,3,03-1--5-T5-142610614,tram,1,East Coburg - South Melbourne Beach,19352,Victoria St/Lygon St #124,501.71693354,19494,RMIT University/Swanston St #7,73.16936843,30360,31500,1140
rmit_city,20362,Brunswick East,2026-10-08,3,03-1--5-T5-142610615,tram,1,East Coburg - South Melbourne Beach,19352,Victoria St/Lygon St #124,501.71693354,19494,RMIT University/Swanston St #7,73.16936843,30720,31860,1140
rmit_city,20362,Brunswick East,2026-10-08,3,03-1--5-T5-142610616,tram,1,East Coburg - South Melbourne Beach,19352,Victoria St/Lygon St #124,501.71693354,19494,RMIT University/Swanston St #7,73.16936843,31080,32220,1140
rmit_city,20362,Brunswick East,2026-10-08,3,03-1--5-T5-142610617,tram,1,East Coburg - South Melbourne Beach,19352,Victoria St/Lygon St #124,501.71693354,19494,RMIT University/Swanston St #7,73.16936843,31440,32580,1140
rmit_city,20362,Brunswick East,2026-10-08,3,03-1--5-T5-142610618,tram,1,East Coburg - South Melbourne Beach,19352,Victoria St/Lygon St #124,501.71693354,19494,RMIT University/Swanston St #7,73.16936843,31860,33000,1140
rmit_city,20362,Brunswick East,2026-10-08,3,03-1--5-T5-142610619,tram,1,East Coburg - South Melbourne Beach,19353,Blyth St/Lygon St #125,534.39294356,19494,RMIT University/Swanston St #7,73.16936843,32340,33480,1140
rmit_city,20362,Brunswick East,2026-10-08,3,03-6--5-T5-142611605,tram,6,Moreland - Glen Iris,19352,Victoria St/Lygon St #124,501.71693354,19494,RMIT University/Swanston St #7,73.16936843,25560,26640,1080
rmit_city,20362,Brunswick East,2026-10-08,3,03-6--5-T5-142611607,tram,6,Moreland - Glen Iris,19352,Victoria St/Lygon St #124,501.71693354,19494,RMIT University/Swanston St #7,73.16936843,26100,27240,1140
rmit_city,20362,Brunswick East,2026-10-08,3,03-6--5-T5-142611609,tram,6,Moreland - Glen Iris,19352,Victoria St/Lygon St #124,501.71693354,19494,RMIT University/Swanston St #7,73.16936843,26640,27780,1140
rmit_city,20362,Brunswick East,2026-10-08,3,03-6--5-T5-142611612,tram,6,Moreland - Glen Iris,19352,Victoria St/Lygon St #124,501.71693354,19494,RMIT University/Swanston St #7,73.16936843,27000,28140,1140
rmit_city,20362,Brunswick East,2026-10-08,3,03-6--5-T5-142611614,tram,6,Moreland - Glen Iris,19352,Victoria St/Lygon St #124,501.71693354,19494,RMIT University/Swanston St #7,73.16936843,27480,28620,1140
rmit_city,20362,Brunswick East,2026-10-08,3,03-6--5-T5-142611615,tram,6,Moreland - Glen Iris,19352,Victoria St/Lygon St #124,501.71693354,19494,RMIT University/Swanston St #7,73.16936843,28020,29160,1140
rmit_city,20362,Brunswick East,2026-10-08,3,03-6--5-T5-142611619,tram,6,Moreland - Glen Iris,19352,Victoria St/Lygon St #124,501.71693354,19494,RMIT University/Swanston St #7,73.16936843,28380,29520,1140
rmit_city,20362,Brunswick East,2026-10-08,3,03-6--5-T5-142611621,tram,6,Moreland - Glen Iris,19352,Victoria St/Lygon St #124,501.71693354,19494,RMIT University/Swanston St #7,73.16936843,28740,29880,1140
rmit_city,20362,Brunswick East,2026-10-08,3,03-6--5-T5-142611624,tram,6,Moreland - Glen Iris,19352,Victoria St/Lygon St #124,501.71693354,19494,RMIT University/Swanston St #7,73.16936843,29100,30240,1140
rmit_city,20362,Brunswick East,2026-10-08,3,03-6--5-T5-142611625,tram,6,Moreland - Glen Iris,19352,Victoria St/Lygon St #124,501.71693354,19494,RMIT University/Swanston St #7,73.16936843,29460,30600,1140
rmit_city,20362,Brunswick East,2026-10-08,3,03-6--5-T5-142611628,tram,6,Moreland - Glen Iris,19352,Victoria St/Lygon St #124,501.71693354,19494,RMIT University/Swanston St #7,73.16936843,29820,30960,1140
rmit_city,20362,Brunswick East,2026-10-08,3,03-6--5-T5-142611631,tram,6,Moreland - Glen Iris,19352,Victoria St/Lygon St #124,501.71693354,19494,RMIT University/Swanston St #7,73.16936843,30180,31320,1140
rmit_city,20362,Brunswick East,2026-10-08,3,03-6--5-T5-142611632,tram,6,Moreland - Glen Iris,19352,Victoria St/Lygon St #124,501.71693354,19494,RMIT University/Swanston St #7,73.16936843,30540,31680,1140
rmit_city,20362,Brunswick East,2026-10-08,3,03-6--5-T5-142611633,tram,6,Moreland - Glen Iris,19352,Victoria St/Lygon St #124,501.71693354,19494,RMIT University/Swanston St #7,73.16936843,30900,32040,1140
rmit_city,20362,Brunswick East,2026-10-08,3,03-6--5-T5-142611634,tram,6,Moreland - Glen Iris,19352,Victoria St/Lygon St #124,501.71693354,19494,RMIT University/Swanston St #7,73.16936843,31260,32400,1140
rmit_city,20362,Brunswick East,2026-10-08,3,03-6--5-T5-142611635,tram,6,Moreland - Glen Iris,19352,Victoria St/Lygon St #124,501.71693354,19494,RMIT University/Swanston St #7,73.16936843,31620,32760,1140
rmit_city,20362,Brunswick East,2026-10-08,3,03-6--5-T5-142611637,tram,6,Moreland - Glen Iris,19352,Victoria St/Lygon St #124,501.71693354,19494,RMIT University/Swanston St #7,73.16936843,32160,33240,1080
rmit_city,20362,Brunswick East,2026-10-08,3,03-96--5-T5-142606725,tram,96,East Brunswick - St Kilda Beach,6071,Albert St/Nicholson St #22,248.66237196,17593,Swanston St/Bourke St #6,656.03804169,25200,26340,1140
rmit_city,20362,Brunswick East,2026-10-08,3,03-96--5-T5-142606726,tram,96,East Brunswick - St Kilda Beach,6071,Albert St/Nicholson St #22,248.66237196,17593,Swanston St/Bourke St #6,656.03804169,25620,26760,1140
rmit_city,20362,Brunswick East,2026-10-08,3,03-96--5-T5-142606727,tram,96,East Brunswick - St Kilda Beach,6071,Albert St/Nicholson St #22,248.66237196,17593,Swanston St/Bourke St #6,656.03804169,26040,27240,1200
rmit_city,20362,Brunswick East,2026-10-08,3,03-96--5-T5-142606728,tram,96,East Brunswick - St Kilda Beach,6071,Albert St/Nicholson St #22,248.66237196,17593,Swanston St/Bourke St #6,656.03804169,26460,27660,1200
rmit_city,20362,Brunswick East,2026-10-08,3,03-96--5-T5-142606729,tram,96,East Brunswick - St Kilda Beach,6071,Albert St/Nicholson St #22,248.66237196,17593,Swanston St/Bourke St #6,656.03804169,26820,28080,1260
rmit_city,20362,Brunswick East,2026-10-08,3,03-96--5-T5-142606730,tram,96,East Brunswick - St Kilda Beach,6071,Albert St/Nicholson St #22,248.66237196,17593,Swanston St/Bourke St #6,656.03804169,27240,28500,1260
rmit_city,20362,Brunswick East,2026-10-08,3,03-96--5-T5-142606731,tram,96,East Brunswick - St Kilda Beach,6071,Albert St/Nicholson St #22,248.66237196,17593,Swanston St/Bourke St #6,656.03804169,27540,28800,1260
rmit_city,20362,Brunswick East,2026-10-08,3,03-96--5-T5-142606732,tram,96,East Brunswick - St Kilda Beach,6071,Albert St/Nicholson St #22,248.66237196,17593,Swanston St/Bourke St #6,656.03804169,27840,29160,1320
rmit_city,20362,Brunswick East,2026-10-08,3,03-96--5-T5-142606733,tram,96,East Brunswick - St Kilda Beach,6071,Albert St/Nicholson St #22,248.66237196,17593,Swanston St/Bourke St #6,656.03804169,28200,29520,1320
rmit_city,20362,Brunswick East,2026-10-08,3,03-96--5-T5-142606734,tram,96,East Brunswick - St Kilda Beach,6071,Albert St/Nicholson St #22,248.66237196,17593,Swanston St/Bourke St #6,656.03804169,28560,29880,1320
rmit_city,20362,Brunswick East,2026-10-08,3,03-96--5-T5-142606735,tram,96,East Brunswick - St Kilda Beach,6071,Albert St/Nicholson St #22,248.66237196,17593,Swanston St/Bourke St #6,656.03804169,28920,30240,1320
rmit_city,20362,Brunswick East,2026-10-08,3,03-96--5-T5-142606736,tram,96,East Brunswick - St Kilda Beach,6071,Albert St/Nicholson St #22,248.66237196,17593,Swanston St/Bourke St #6,656.03804169,29280,30600,1320
rmit_city,20362,Brunswick East,2026-10-08,3,03-96--5-T5-142606737,tram,96,East Brunswick - St Kilda Beach,6071,Albert St/Nicholson St #22,248.66237196,17593,Swanston St/Bourke St #6,656.03804169,29640,30960,1320
rmit_city,20362,Brunswick East,2026-10-08,3,03-96--5-T5-142606738,tram,96,East Brunswick - St Kilda Beach,6071,Albert St/Nicholson St #22,248.66237196,17593,Swanston St/Bourke St #6,656.03804169,30000,31320,1320
rmit_city,20362,Brunswick East,2026-10-08,3,03-96--5-T5-142606739,tram,96,East Brunswick - St Kilda Beach,6071,Albert St/Nicholson St #22,248.66237196,17593,Swanston St/Bourke St #6,656.03804169,30360,31680,1320
rmit_city,20362,Brunswick East,2026-10-08,3,03-96--5-T5-142606740,tram,96,East Brunswick - St Kilda Beach,6071,Albert St/Nicholson St #22,248.66237196,17593,Swanston St/Bourke St #6,656.03804169,30720,32040,1320
rmit_city,20362,Brunswick East,2026-10-08,3,03-96--5-T5-142606741,tram,96,East Brunswick - St Kilda Beach,6071,Albert St/Nicholson St #22,248.66237196,17593,Swanston St/Bourke St #6,656.03804169,31080,32400,1320
rmit_city,20362,Brunswick East,2026-10-08,3,03-96--5-T5-142606742,tram,96,East Brunswick - St Kilda Beach,6071,Albert St/Nicholson St #22,248.66237196,17593,Swanston St/Bourke St #6,656.03804169,31440,32760,1320
rmit_city,20362,Brunswick East,2026-10-08,3,03-96--5-T5-142606743,tram,96,East Brunswick - St Kilda Beach,6071,Albert St/Nicholson St #22,248.66237196,17593,Swanston St/Bourke St #6,656.03804169,31800,33120,1320
rmit_city,20362,Brunswick East,2026-10-08,3,03-96--5-T5-142606744,tram,96,East Brunswick - St Kilda Beach,6071,Albert St/Nicholson St #22,248.66237196,17593,Swanston St/Bourke St #6,656.03804169,32160,33480,1320
rmit_city,20495,Carlton (Vic.),2026-10-08,3,03-1--5-T5-142610601,tram,1,East Coburg - South Melbourne Beach,19489,Melbourne University/Swanston St #1,456.46747032,19494,RMIT University/Swanston St #7,73.16936843,25320,25560,240
rmit_city,20495,Carlton (Vic.),2026-10-08,3,03-1--5-T5-142610602,tram,1,East Coburg - South Melbourne Beach,19340,Lygon St/Elgin St #112,421.27094217,19494,RMIT University/Swanston St #7,73.16936843,25980,26400,420
rmit_city,20495,Carlton (Vic.),2026-10-08,3,03-1--5-T5-142610603,tram,1,East Coburg - South Melbourne Beach,19340,Lygon St/Elgin St #112,421.27094217,19494,RMIT University/Swanston St #7,73.16936843,26520,26940,420
rmit_city,20495,Carlton (Vic.),2026-10-08,3,03-1--5-T5-142610604,tram,1,East Coburg - South Melbourne Beach,19340,Lygon St/Elgin St #112,421.27094217,19494,RMIT University/Swanston St #7,73.16936843,27060,27480,420
rmit_city,20495,Carlton (Vic.),2026-10-08,3,03-1--5-T5-142610605,tram,1,East Coburg - South Melbourne Beach,19340,Lygon St/Elgin St #112,421.27094217,19494,RMIT University/Swanston St #7,73.16936843,27540,27960,420
rmit_city,20495,Carlton (Vic.),2026-10-08,3,03-1--5-T5-142610606,tram,1,East Coburg - South Melbourne Beach,19340,Lygon St/Elgin St #112,421.27094217,19494,RMIT University/Swanston St #7,73.16936843,28020,28440,420
rmit_city,20495,Carlton (Vic.),2026-10-08,3,03-1--5-T5-142610607,tram,1,East Coburg - South Melbourne Beach,19340,Lygon St/Elgin St #112,421.27094217,19494,RMIT University/Swanston St #7,73.16936843,28440,28860,420
rmit_city,20495,Carlton (Vic.),2026-10-08,3,03-1--5-T5-142610608,tram,1,East Coburg - South Melbourne Beach,19340,Lygon St/Elgin St #112,421.27094217,19494,RMIT University/Swanston St #7,73.16936843,28920,29340,420
rmit_city,20495,Carlton (Vic.),2026-10-08,3,03-1--5-T5-142610609,tram,1,East Coburg - South Melbourne Beach,19340,Lygon St/Elgin St #112,421.27094217,19494,RMIT University/Swanston St #7,73.16936843,29280,29700,420
rmit_city,20495,Carlton (Vic.),2026-10-08,3,03-1--5-T5-142610610,tram,1,East Coburg - South Melbourne Beach,19340,Lygon St/Elgin St #112,421.27094217,19494,RMIT University/Swanston St #7,73.16936843,29640,30060,420
rmit_city,20495,Carlton (Vic.),2026-10-08,3,03-1--5-T5-142610611,tram,1,East Coburg - South Melbourne Beach,19340,Lygon St/Elgin St #112,421.27094217,19494,RMIT University/Swanston St #7,73.16936843,30000,30420,420
rmit_city,20495,Carlton (Vic.),2026-10-08,3,03-1--5-T5-142610612,tram,1,East Coburg - South Melbourne Beach,19340,Lygon St/Elgin St #112,421.27094217,19494,RMIT University/Swanston St #7,73.16936843,30360,30780,420
rmit_city,20495,Carlton (Vic.),2026-10-08,3,03-1--5-T5-142610613,tram,1,East Coburg - South Melbourne Beach,19340,Lygon St/Elgin St #112,421.27094217,19494,RMIT University/Swanston St #7,73.16936843,30720,31140,420
rmit_city,20495,Carlton (Vic.),2026-10-08,3,03-1--5-T5-142610614,tram,1,East Coburg - South Melbourne Beach,19340,Lygon St/Elgin St #112,421.27094217,19494,RMIT University/Swanston St #7,73.16936843,31080,31500,420
rmit_city,20495,Carlton (Vic.),2026-10-08,3,03-1--5-T5-142610615,tram,1,East Coburg - South Melbourne Beach,19340,Lygon St/Elgin St #112,421.27094217,19494,RMIT University/Swanston St #7,73.16936843,31440,31860,420
rmit_city,20495,Carlton (Vic.),2026-10-08,3,03-1--5-T5-142610616,tram,1,East Coburg - South Melbourne Beach,19340,Lygon St/Elgin St #112,421.27094217,19494,RMIT University/Swanston St #7,73.16936843,31800,32220,420
rmit_city,20495,Carlton (Vic.),2026-10-08,3,03-1--5-T5-142610617,tram,1,East Coburg - South Melbourne Beach,19340,Lygon St/Elgin St #112,421.27094217,19494,RMIT University/Swanston St #7,73.16936843,32160,32580,420
rmit_city,20495,Carlton (Vic.),2026-10-08,3,03-1--5-T5-142611852,tram,1,East Coburg - South Melbourne Beach,19340,Lygon St/Elgin St #112,421.27094217,19494,RMIT University/Swanston St #7,73.16936843,25560,25980,420
rmit_city,20495,Carlton (Vic.),2026-10-08,3,03-16--5-T5-142612194,tram,16,Melbourne University - Kew,19489,Melbourne University/Swanston St #1,456.46747032,19494,RMIT University/Swanston St #7,73.16936843,25320,25620,300
rmit_city,20495,Carlton (Vic.),2026-10-08,3,03-16--5-T5-142612197,tram,16,Melbourne University - Kew,19489,Melbourne University/Swanston St #1,456.46747032,19494,RMIT University/Swanston St #7,73.16936843,25980,26280,300
rmit_city,20495,Carlton (Vic.),2026-10-08,3,03-16--5-T5-142612200,tram,16,Melbourne University - Kew,19489,Melbourne University/Swanston St #1,456.46747032,19494,RMIT University/Swanston St #7,73.16936843,26820,27120,300
rmit_city,20495,Carlton (Vic.),2026-10-08,3,03-16--5-T5-142612203,tram,16,Melbourne University - Kew,19489,Melbourne University/Swanston St #1,456.46747032,19494,RMIT University/Swanston St #7,73.16936843,27540,27840,300
rmit_city,20495,Carlton (Vic.),2026-10-08,3,03-16--5-T5-142612206,tram,16,Melbourne University - Kew,19489,Melbourne University/Swanston St #1,456.46747032,19494,RMIT University/Swanston St #7,73.16936843,28200,28500,300
rmit_city,20495,Carlton (Vic.),2026-10-08,3,03-16--5-T5-142612209,tram,16,Melbourne University - Kew,19489,Melbourne University/Swanston St #1,456.46747032,19494,RMIT University/Swanston St #7,73.16936843,28800,29100,300
rmit_city,20495,Carlton (Vic.),2026-10-08,3,03-16--5-T5-142612212,tram,16,Melbourne University - Kew,19489,Melbourne University/Swanston St #1,456.46747032,19494,RMIT University/Swanston St #7,73.16936843,29460,29760,300
rmit_city,20495,Carlton (Vic.),2026-10-08,3,03-16--5-T5-142612215,tram,16,Melbourne University - Kew,19489,Melbourne University/Swanston St #1,456.46747032,19494,RMIT University/Swanston St #7,73.16936843,30060,30360,300
rmit_city,20495,Carlton (Vic.),2026-10-08,3,03-16--5-T5-142612218,tram,16,Melbourne University - Kew,19489,Melbourne University/Swanston St #1,456.46747032,19494,RMIT University/Swanston St #7,73.16936843,30720,31020,300
rmit_city,20495,Carlton (Vic.),2026-10-08,3,03-16--5-T5-142612221,tram,16,Melbourne University - Kew,19489,Melbourne University/Swanston St #1,456.46747032,19494,RMIT University/Swanston St #7,73.16936843,31320,31620,300
rmit_city,20495,Carlton (Vic.),2026-10-08,3,03-16--5-T5-142612224,tram,16,Melbourne University - Kew,19489,Melbourne University/Swanston St #1,456.46747032,19494,RMIT University/Swanston St #7,73.16936843,31980,32280,300
rmit_city,20495,Carlton (Vic.),2026-10-08,3,03-3--5-T5-142613153,tram,3,Melbourne University - East Malvern,19489,Melbourne University/Swanston St #1,456.46747032,19494,RMIT University/Swanston St #7,73.16936843,25260,25500,240
rmit_city,20495,Carlton (Vic.),2026-10-08,3,03-3--5-T5-142613156,tram,3,Melbourne University - East Malvern,19489,Melbourne University/Swanston St #1,456.46747032,19494,RMIT University/Swanston St #7,73.16936843,25920,26160,240
rmit_city,20495,Carlton (Vic.),2026-10-08,3,03-3--5-T5-142613159,tram,3,Melbourne University - East Malvern,19489,Melbourne University/Swanston St #1,456.46747032,19494,RMIT University/Swanston St #7,73.16936843,26640,26880,240
rmit_city,20495,Carlton (Vic.),2026-10-08,3,03-3--5-T5-142613162,tram,3,Melbourne University - East Malvern,19489,Melbourne University/Swanston St #1,456.46747032,19494,RMIT University/Swanston St #7,73.16936843,27420,27660,240
rmit_city,20495,Carlton (Vic.),2026-10-08,3,03-3--5-T5-142613165,tram,3,Melbourne University - East Malvern,19489,Melbourne University/Swanston St #1,456.46747032,19494,RMIT University/Swanston St #7,73.16936843,28080,28320,240
rmit_city,20495,Carlton (Vic.),2026-10-08,3,03-3--5-T5-142613168,tram,3,Melbourne University - East Malvern,19489,Melbourne University/Swanston St #1,456.46747032,19494,RMIT University/Swanston St #7,73.16936843,28740,28980,240
rmit_city,20495,Carlton (Vic.),2026-10-08,3,03-3--5-T5-142613172,tram,3,Melbourne University - East Malvern,19489,Melbourne University/Swanston St #1,456.46747032,19494,RMIT University/Swanston St #7,73.16936843,29400,29640,240
rmit_city,20495,Carlton (Vic.),2026-10-08,3,03-3--5-T5-142613175,tram,3,Melbourne University - East Malvern,19489,Melbourne University/Swanston St #1,456.46747032,19494,RMIT University/Swanston St #7,73.16936843,30060,30300,240
rmit_city,20495,Carlton (Vic.),2026-10-08,3,03-3--5-T5-142613178,tram,3,Melbourne University - East Malvern,19489,Melbourne University/Swanston St #1,456.46747032,19494,RMIT University/Swanston St #7,73.16936843,30660,30900,240
rmit_city,20495,Carlton (Vic.),2026-10-08,3,03-3--5-T5-142613181,tram,3,Melbourne University - East Malvern,19489,Melbourne University/Swanston St #1,456.46747032,19494,RMIT University/Swanston St #7,73.16936843,31320,31560,240
rmit_city,20495,Carlton (Vic.),2026-10-08,3,03-3--5-T5-142613184,tram,3,Melbourne University - East Malvern,19489,Melbourne University/Swanston St #1,456.46747032,19494,RMIT University/Swanston St #7,73.16936843,31920,32160,240
rmit_city,20495,Carlton (Vic.),2026-10-08,3,03-5--5-T5-142612195,tram,5,Melbourne University - Malvern,19489,Melbourne University/Swanston St #1,456.46747032,19494,RMIT University/Swanston St #7,73.16936843,25800,26040,240
rmit_city,20495,Carlton (Vic.),2026-10-08,3,03-5--5-T5-142612198,tram,5,Melbourne University - Malvern,19489,Melbourne University/Swanston St #1,456.46747032,19494,RMIT University/Swanston St #7,73.16936843,26460,26700,240
rmit_city,20495,Carlton (Vic.),2026-10-08,3,03-5--5-T5-142612201,tram,5,Melbourne University - Malvern,19489,Melbourne University/Swanston St #1,456.46747032,19494,RMIT University/Swanston St #7,73.16936843,27060,27300,240
rmit_city,20495,Carlton (Vic.),2026-10-08,3,03-5--5-T5-142612204,tram,5,Melbourne University - Malvern,19489,Melbourne University/Swanston St #1,456.46747032,19494,RMIT University/Swanston St #7,73.16936843,27660,27900,240
rmit_city,20495,Carlton (Vic.),2026-10-08,3,03-5--5-T5-142612207,tram,5,Melbourne University - Malvern,19489,Melbourne University/Swanston St #1,456.46747032,19494,RMIT University/Swanston St #7,73.16936843,28320,28560,240
rmit_city,20495,Carlton (Vic.),2026-10-08,3,03-5--5-T5-142612210,tram,5,Melbourne University - Malvern,19489,Melbourne University/Swanston St #1,456.46747032,19494,RMIT University/Swanston St #7,73.16936843,28980,29220,240
rmit_city,20495,Carlton (Vic.),2026-10-08,3,03-5--5-T5-142612213,tram,5,Melbourne University - Malvern,19489,Melbourne University/Swanston St #1,456.46747032,19494,RMIT University/Swanston St #7,73.16936843,29700,29940,240
rmit_city,20495,Carlton (Vic.),2026-10-08,3,03-5--5-T5-142612216,tram,5,Melbourne University - Malvern,19489,Melbourne University/Swanston St #1,456.46747032,19494,RMIT University/Swanston St #7,73.16936843,30240,30480,240
rmit_city,20495,Carlton (Vic.),2026-10-08,3,03-5--5-T5-142612219,tram,5,Melbourne University - Malvern,19489,Melbourne University/Swanston St #1,456.46747032,19494,RMIT University/Swanston St #7,73.16936843,30840,31080,240
rmit_city,20495,Carlton (Vic.),2026-10-08,3,03-5--5-T5-142612222,tram,5,Melbourne University - Malvern,19489,Melbourne University/Swanston St #1,456.46747032,19494,RMIT University/Swanston St #7,73.16936843,31500,31740,240
rmit_city,20495,Carlton (Vic.),2026-10-08,3,03-5--5-T5-142612225,tram,5,Melbourne University - Malvern,19489,Melbourne University/Swanston St #1,456.46747032,19494,RMIT University/Swanston St #7,73.16936843,32100,32340,240
rmit_city,20495,Carlton (Vic.),2026-10-08,3,03-6--5-T5-142611603,tram,6,Moreland - Glen Iris,19340,Lygon St/Elgin St #112,421.27094217,19494,RMIT University/Swanston St #7,73.16936843,25680,26100,420
rmit_city,20495,Carlton (Vic.),2026-10-08,3,03-6--5-T5-142611605,tram,6,Moreland - Glen Iris,19340,Lygon St/Elgin St #112,421.27094217,19494,RMIT University/Swanston St #7,73.16936843,26220,26640,420
rmit_city,20495,Carlton (Vic.),2026-10-08,3,03-6--5-T5-142611607,tram,6,Moreland - Glen Iris,19340,Lygon St/Elgin St #112,421.27094217,19494,RMIT University/Swanston St #7,73.16936843,26820,27240,420
rmit_city,20495,Carlton (Vic.),2026-10-08,3,03-6--5-T5-142611609,tram,6,Moreland - Glen Iris,19340,Lygon St/Elgin St #112,421.27094217,19494,RMIT University/Swanston St #7,73.16936843,27360,27780,420
rmit_city,20495,Carlton (Vic.),2026-10-08,3,03-6--5-T5-142611612,tram,6,Moreland - Glen Iris,19340,Lygon St/Elgin St #112,421.27094217,19494,RMIT University/Swanston St #7,73.16936843,27720,28140,420
rmit_city,20495,Carlton (Vic.),2026-10-08,3,03-6--5-T5-142611614,tram,6,Moreland - Glen Iris,19340,Lygon St/Elgin St #112,421.27094217,19494,RMIT University/Swanston St #7,73.16936843,28200,28620,420
rmit_city,20495,Carlton (Vic.),2026-10-08,3,03-6--5-T5-142611615,tram,6,Moreland - Glen Iris,19340,Lygon St/Elgin St #112,421.27094217,19494,RMIT University/Swanston St #7,73.16936843,28740,29160,420
rmit_city,20495,Carlton (Vic.),2026-10-08,3,03-6--5-T5-142611619,tram,6,Moreland - Glen Iris,19340,Lygon St/Elgin St #112,421.27094217,19494,RMIT University/Swanston St #7,73.16936843,29100,29520,420
rmit_city,20495,Carlton (Vic.),2026-10-08,3,03-6--5-T5-142611621,tram,6,Moreland - Glen Iris,19340,Lygon St/Elgin St #112,421.27094217,19494,RMIT University/Swanston St #7,73.16936843,29460,29880,420
rmit_city,20495,Carlton (Vic.),2026-10-08,3,03-6--5-T5-142611624,tram,6,Moreland - Glen Iris,19340,Lygon St/Elgin St #112,421.27094217,19494,RMIT University/Swanston St #7,73.16936843,29820,30240,420
rmit_city,20495,Carlton (Vic.),2026-10-08,3,03-6--5-T5-142611625,tram,6,Moreland - Glen Iris,19340,Lygon St/Elgin St #112,421.27094217,19494,RMIT University/Swanston St #7,73.16936843,30180,30600,420
rmit_city,20495,Carlton (Vic.),2026-10-08,3,03-6--5-T5-142611628,tram,6,Moreland - Glen Iris,19340,Lygon St/Elgin St #112,421.27094217,19494,RMIT University/Swanston St #7,73.16936843,30540,30960,420
rmit_city,20495,Carlton (Vic.),2026-10-08,3,03-6--5-T5-142611631,tram,6,Moreland - Glen Iris,19340,Lygon St/Elgin St #112,421.27094217,19494,RMIT University/Swanston St #7,73.16936843,30900,31320,420
rmit_city,20495,Carlton (Vic.),2026-10-08,3,03-6--5-T5-142611632,tram,6,Moreland - Glen Iris,19340,Lygon St/Elgin St #112,421.27094217,19494,RMIT University/Swanston St #7,73.16936843,31260,31680,420
rmit_city,20495,Carlton (Vic.),2026-10-08,3,03-6--5-T5-142611633,tram,6,Moreland - Glen Iris,19340,Lygon St/Elgin St #112,421.27094217,19494,RMIT University/Swanston St #7,73.16936843,31620,32040,420
rmit_city,20495,Carlton (Vic.),2026-10-08,3,03-6--5-T5-142611634,tram,6,Moreland - Glen Iris,19340,Lygon St/Elgin St #112,421.27094217,19494,RMIT University/Swanston St #7,73.16936843,31980,32400,420
rmit_city,20495,Carlton (Vic.),2026-10-08,3,03-6--5-T5-142611635,tram,6,Moreland - Glen Iris,19340,Lygon St/Elgin St #112,421.27094217,19494,RMIT University/Swanston St #7,73.16936843,32340,32760,420
rmit_city,20495,Carlton (Vic.),2026-10-08,3,03-64--5-T5-142613154,tram,64,Melbourne University - East Brighton,19489,Melbourne University/Swanston St #1,456.46747032,19494,RMIT University/Swanston St #7,73.16936843,25440,25680,240
rmit_city,20495,Carlton (Vic.),2026-10-08,3,03-64--5-T5-142613157,tram,64,Melbourne University - East Brighton,19489,Melbourne University/Swanston St #1,456.46747032,19494,RMIT University/Swanston St #7,73.16936843,26100,26340,240
rmit_city,20495,Carlton (Vic.),2026-10-08,3,03-64--5-T5-142613160,tram,64,Melbourne University - East Brighton,19489,Melbourne University/Swanston St #1,456.46747032,19494,RMIT University/Swanston St #7,73.16936843,26820,27060,240
rmit_city,20495,Carlton (Vic.),2026-10-08,3,03-64--5-T5-142613163,tram,64,Melbourne University - East Brighton,19489,Melbourne University/Swanston St #1,456.46747032,19494,RMIT University/Swanston St #7,73.16936843,27480,27720,240
rmit_city,20495,Carlton (Vic.),2026-10-08,3,03-64--5-T5-142613164,tram,64,Melbourne University - East Brighton,19489,Melbourne University/Swanston St #1,456.46747032,19494,RMIT University/Swanston St #7,73.16936843,27960,28200,240
rmit_city,20495,Carlton (Vic.),2026-10-08,3,03-64--5-T5-142613167,tram,64,Melbourne University - East Brighton,19489,Melbourne University/Swanston St #1,456.46747032,19494,RMIT University/Swanston St #7,73.16936843,28680,28920,240
rmit_city,20495,Carlton (Vic.),2026-10-08,3,03-64--5-T5-142613170,tram,64,Melbourne University - East Brighton,19489,Melbourne University/Swanston St #1,456.46747032,19494,RMIT University/Swanston St #7,73.16936843,29220,29460,240
rmit_city,20495,Carlton (Vic.),2026-10-08,3,03-64--5-T5-142613173,tram,64,Melbourne University - East Brighton,19489,Melbourne University/Swanston St #1,456.46747032,19494,RMIT University/Swanston St #7,73.16936843,29880,30120,240
rmit_city,20495,Carlton (Vic.),2026-10-08,3,03-64--5-T5-142613176,tram,64,Melbourne University - East Brighton,19489,Melbourne University/Swanston St #1,456.46747032,19494,RMIT University/Swanston St #7,73.16936843,30480,30720,240
rmit_city,20495,Carlton (Vic.),2026-10-08,3,03-64--5-T5-142613179,tram,64,Melbourne University - East Brighton,19489,Melbourne University/Swanston St #1,456.46747032,19494,RMIT University/Swanston St #7,73.16936843,31140,31380,240
rmit_city,20495,Carlton (Vic.),2026-10-08,3,03-64--5-T5-142613182,tram,64,Melbourne University - East Brighton,19489,Melbourne University/Swanston St #1,456.46747032,19494,RMIT University/Swanston St #7,73.16936843,31740,31980,240
rmit_city,20495,Carlton (Vic.),2026-10-08,3,03-64--5-T5-142613185,tram,64,Melbourne University - East Brighton,19489,Melbourne University/Swanston St #1,456.46747032,19494,RMIT University/Swanston St #7,73.16936843,32280,32520,240
rmit_city,20495,Carlton (Vic.),2026-10-08,3,03-67--5-T5-142613155,tram,67,Melbourne University - Carnegie,19489,Melbourne University/Swanston St #1,456.46747032,19494,RMIT University/Swanston St #7,73.16936843,25680,25920,240
rmit_city,20495,Carlton (Vic.),2026-10-08,3,03-67--5-T5-142613158,tram,67,Melbourne University - Carnegie,19489,Melbourne University/Swanston St #1,456.46747032,19494,RMIT University/Swanston St #7,73.16936843,26520,26760,240
rmit_city,20495,Carlton (Vic.),2026-10-08,3,03-67--5-T5-142613161,tram,67,Melbourne University - Carnegie,19489,Melbourne University/Swanston St #1,456.46747032,19494,RMIT University/Swanston St #7,73.16936843,27300,27540,240
rmit_city,20495,Carlton (Vic.),2026-10-08,3,03-67--5-T5-142613166,tram,67,Melbourne University - Carnegie,19489,Melbourne University/Swanston St #1,456.46747032,19494,RMIT University/Swanston St #7,73.16936843,28140,28380,240
rmit_city,20495,Carlton (Vic.),2026-10-08,3,03-67--5-T5-142613169,tram,67,Melbourne University - Carnegie,19489,Melbourne University/Swanston St #1,456.46747032,19494,RMIT University/Swanston St #7,73.16936843,28800,29040,240
rmit_city,20495,Carlton (Vic.),2026-10-08,3,03-67--5-T5-142613171,tram,67,Melbourne University - Carnegie,19489,Melbourne University/Swanston St #1,456.46747032,19494,RMIT University/Swanston St #7,73.16936843,29340,29580,240
rmit_city,20495,Carlton (Vic.),2026-10-08,3,03-67--5-T5-142613174,tram,67,Melbourne University - Carnegie,19489,Melbourne University/Swanston St #1,456.46747032,19494,RMIT University/Swanston St #7,73.16936843,29940,30180,240
rmit_city,20495,Carlton (Vic.),2026-10-08,3,03-67--5-T5-142613177,tram,67,Melbourne University - Carnegie,19489,Melbourne University/Swanston St #1,456.46747032,19494,RMIT University/Swanston St #7,73.16936843,30600,30840,240
rmit_city,20495,Carlton (Vic.),2026-10-08,3,03-67--5-T5-142613180,tram,67,Melbourne University - Carnegie,19489,Melbourne University/Swanston St #1,456.46747032,19494,RMIT University/Swanston St #7,73.16936843,31200,31440,240
rmit_city,20495,Carlton (Vic.),2026-10-08,3,03-67--5-T5-142613183,tram,67,Melbourne University - Carnegie,19489,Melbourne University/Swanston St #1,456.46747032,19494,RMIT University/Swanston St #7,73.16936843,31860,32100,240
rmit_city,20495,Carlton (Vic.),2026-10-08,3,03-72--5-T5-142612193,tram,72,Melbourne University - Camberwell,19489,Melbourne University/Swanston St #1,456.46747032,19494,RMIT University/Swanston St #7,73.16936843,25200,25440,240
rmit_city,20495,Carlton (Vic.),2026-10-08,3,03-72--5-T5-142612196,tram,72,Melbourne University - Camberwell,19489,Melbourne University/Swanston St #1,456.46747032,19494,RMIT University/Swanston St #7,73.16936843,25980,26220,240
rmit_city,20495,Carlton (Vic.),2026-10-08,3,03-72--5-T5-142612199,tram,72,Melbourne University - Camberwell,19489,Melbourne University/Swanston St #1,456.46747032,19494,RMIT University/Swanston St #7,73.16936843,26760,27000,240
rmit_city,20495,Carlton (Vic.),2026-10-08,3,03-72--5-T5-142612202,tram,72,Melbourne University - Camberwell,19489,Melbourne University/Swanston St #1,456.46747032,19494,RMIT University/Swanston St #7,73.16936843,27360,27600,240
rmit_city,20495,Carlton (Vic.),2026-10-08,3,03-72--5-T5-142612205,tram,72,Melbourne University - Camberwell,19489,Melbourne University/Swanston St #1,456.46747032,19494,RMIT University/Swanston St #7,73.16936843,28020,28260,240
rmit_city,20495,Carlton (Vic.),2026-10-08,3,03-72--5-T5-142612208,tram,72,Melbourne University - Camberwell,19489,Melbourne University/Swanston St #1,456.46747032,19494,RMIT University/Swanston St #7,73.16936843,28560,28800,240
rmit_city,20495,Carlton (Vic.),2026-10-08,3,03-72--5-T5-142612211,tram,72,Melbourne University - Camberwell,19489,Melbourne University/Swanston St #1,456.46747032,19494,RMIT University/Swanston St #7,73.16936843,29160,29400,240
rmit_city,20495,Carlton (Vic.),2026-10-08,3,03-72--5-T5-142612214,tram,72,Melbourne University - Camberwell,19489,Melbourne University/Swanston St #1,456.46747032,19494,RMIT University/Swanston St #7,73.16936843,29760,30000,240
rmit_city,20495,Carlton (Vic.),2026-10-08,3,03-72--5-T5-142612217,tram,72,Melbourne University - Camberwell,19489,Melbourne University/Swanston St #1,456.46747032,19494,RMIT University/Swanston St #7,73.16936843,30420,30660,240
rmit_city,20495,Carlton (Vic.),2026-10-08,3,03-72--5-T5-142612220,tram,72,Melbourne University - Camberwell,19489,Melbourne University/Swanston St #1,456.46747032,19494,RMIT University/Swanston St #7,73.16936843,31020,31260,240
rmit_city,20495,Carlton (Vic.),2026-10-08,3,03-72--5-T5-142612223,tram,72,Melbourne University - Camberwell,19489,Melbourne University/Swanston St #1,456.46747032,19494,RMIT University/Swanston St #7,73.16936843,31680,31920,240
rmit_city,20495,Carlton (Vic.),2026-10-08,3,03-86--5-T5-142606403,tram,86,Bundoora RMIT - Waterfront City Docklands,17878,Melbourne Museum/Nicholson St #11,767.48813946,17593,Swanston St/Bourke St #6,656.03804169,25620,26040,420
rmit_city,20495,Carlton (Vic.),2026-10-08,3,03-86--5-T5-142606404,tram,86,Bundoora RMIT - Waterfront City Docklands,17878,Melbourne Museum/Nicholson St #11,767.48813946,17593,Swanston St/Bourke St #6,656.03804169,26580,27000,420
rmit_city,20495,Carlton (Vic.),2026-10-08,3,03-86--5-T5-142606405,tram,86,Bundoora RMIT - Waterfront City Docklands,17878,Melbourne Museum/Nicholson St #11,767.48813946,17593,Swanston St/Bourke St #6,656.03804169,27060,27480,420
rmit_city,20495,Carlton (Vic.),2026-10-08,3,03-86--5-T5-142606406,tram,86,Bundoora RMIT - Waterfront City Docklands,17878,Melbourne Museum/Nicholson St #11,767.48813946,17593,Swanston St/Bourke St #6,656.03804169,27540,27960,420
rmit_city,20495,Carlton (Vic.),2026-10-08,3,03-86--5-T5-142606407,tram,86,Bundoora RMIT - Waterfront City Docklands,17878,Melbourne Museum/Nicholson St #11,767.48813946,17593,Swanston St/Bourke St #6,656.03804169,28020,28440,420
rmit_city,20495,Carlton (Vic.),2026-10-08,3,03-86--5-T5-142606408,tram,86,Bundoora RMIT - Waterfront City Docklands,17878,Melbourne Museum/Nicholson St #11,767.48813946,17593,Swanston St/Bourke St #6,656.03804169,28440,28860,420
rmit_city,20495,Carlton (Vic.),2026-10-08,3,03-86--5-T5-142606409,tram,86,Bundoora RMIT - Waterfront City Docklands,17878,Melbourne Museum/Nicholson St #11,767.48813946,17593,Swanston St/Bourke St #6,656.03804169,28800,29280,480
rmit_city,20495,Carlton (Vic.),2026-10-08,3,03-86--5-T5-142606410,tram,86,Bundoora RMIT - Waterfront City Docklands,17878,Melbourne Museum/Nicholson St #11,767.48813946,17593,Swanston St/Bourke St #6,656.03804169,29220,29700,480
rmit_city,20495,Carlton (Vic.),2026-10-08,3,03-86--5-T5-142606411,tram,86,Bundoora RMIT - Waterfront City Docklands,17878,Melbourne Museum/Nicholson St #11,767.48813946,17593,Swanston St/Bourke St #6,656.03804169,29580,30060,480
rmit_city,20495,Carlton (Vic.),2026-10-08,3,03-86--5-T5-142606412,tram,86,Bundoora RMIT - Waterfront City Docklands,17878,Melbourne Museum/Nicholson St #11,767.48813946,17593,Swanston St/Bourke St #6,656.03804169,29940,30420,480
rmit_city,20495,Carlton (Vic.),2026-10-08,3,03-86--5-T5-142606413,tram,86,Bundoora RMIT - Waterfront City Docklands,17878,Melbourne Museum/Nicholson St #11,767.48813946,17593,Swanston St/Bourke St #6,656.03804169,30360,30840,480
rmit_city,20495,Carlton (Vic.),2026-10-08,3,03-86--5-T5-142606414,tram,86,Bundoora RMIT - Waterfront City Docklands,17878,Melbourne Museum/Nicholson St #11,767.48813946,17593,Swanston St/Bourke St #6,656.03804169,30780,31260,480
rmit_city,20495,Carlton (Vic.),2026-10-08,3,03-86--5-T5-142606415,tram,86,Bundoora RMIT - Waterfront City Docklands,17878,Melbourne Museum/Nicholson St #11,767.48813946,17593,Swanston St/Bourke St #6,656.03804169,31260,31740,480
rmit_city,20495,Carlton (Vic.),2026-10-08,3,03-86--5-T5-142606416,tram,86,Bundoora RMIT - Waterfront City Docklands,17878,Melbourne Museum/Nicholson St #11,767.48813946,17593,Swanston St/Bourke St #6,656.03804169,31740,32220,480
rmit_city,20495,Carlton (Vic.),2026-10-08,3,03-86--5-T5-142606417,tram,86,Bundoora RMIT - Waterfront City Docklands,17878,Melbourne Museum/Nicholson St #11,767.48813946,17593,Swanston St/Bourke St #6,656.03804169,32220,32700,480
rmit_city,20495,Carlton (Vic.),2026-10-08,3,03-86--5-T5-142608052,tram,86,Bundoora RMIT - Waterfront City Docklands,17878,Melbourne Museum/Nicholson St #11,767.48813946,17593,Swanston St/Bourke St #6,656.03804169,26100,26520,420
rmit_city,20495,Carlton (Vic.),2026-10-08,3,03-96--5-T5-142606724,tram,96,East Brunswick - St Kilda Beach,6059,Moor St/Nicholson St #12,480.85447991,17593,Swanston St/Bourke St #6,656.03804169,25440,25920,480
rmit_city,20495,Carlton (Vic.),2026-10-08,3,03-96--5-T5-142606725,tram,96,East Brunswick - St Kilda Beach,6059,Moor St/Nicholson St #12,480.85447991,17593,Swanston St/Bourke St #6,656.03804169,25860,26340,480
rmit_city,20495,Carlton (Vic.),2026-10-08,3,03-96--5-T5-142606726,tram,96,East Brunswick - St Kilda Beach,6059,Moor St/Nicholson St #12,480.85447991,17593,Swanston St/Bourke St #6,656.03804169,26280,26760,480
rmit_city,20495,Carlton (Vic.),2026-10-08,3,03-96--5-T5-142606727,tram,96,East Brunswick - St Kilda Beach,6059,Moor St/Nicholson St #12,480.85447991,17593,Swanston St/Bourke St #6,656.03804169,26760,27240,480
rmit_city,20495,Carlton (Vic.),2026-10-08,3,03-96--5-T5-142606728,tram,96,East Brunswick - St Kilda Beach,6059,Moor St/Nicholson St #12,480.85447991,17593,Swanston St/Bourke St #6,656.03804169,27180,27660,480
rmit_city,20495,Carlton (Vic.),2026-10-08,3,03-96--5-T5-142606729,tram,96,East Brunswick - St Kilda Beach,6059,Moor St/Nicholson St #12,480.85447991,17593,Swanston St/Bourke St #6,656.03804169,27600,28080,480
rmit_city,20495,Carlton (Vic.),2026-10-08,3,03-96--5-T5-142606730,tram,96,East Brunswick - St Kilda Beach,6059,Moor St/Nicholson St #12,480.85447991,17593,Swanston St/Bourke St #6,656.03804169,28020,28500,480
rmit_city,20495,Carlton (Vic.),2026-10-08,3,03-96--5-T5-142606731,tram,96,East Brunswick - St Kilda Beach,6059,Moor St/Nicholson St #12,480.85447991,17593,Swanston St/Bourke St #6,656.03804169,28320,28800,480
rmit_city,20495,Carlton (Vic.),2026-10-08,3,03-96--5-T5-142606732,tram,96,East Brunswick - St Kilda Beach,6059,Moor St/Nicholson St #12,480.85447991,17593,Swanston St/Bourke St #6,656.03804169,28620,29160,540
rmit_city,20495,Carlton (Vic.),2026-10-08,3,03-96--5-T5-142606733,tram,96,East Brunswick - St Kilda Beach,6059,Moor St/Nicholson St #12,480.85447991,17593,Swanston St/Bourke St #6,656.03804169,28980,29520,540
rmit_city,20495,Carlton (Vic.),2026-10-08,3,03-96--5-T5-142606734,tram,96,East Brunswick - St Kilda Beach,6059,Moor St/Nicholson St #12,480.85447991,17593,Swanston St/Bourke St #6,656.03804169,29340,29880,540
rmit_city,20495,Carlton (Vic.),2026-10-08,3,03-96--5-T5-142606735,tram,96,East Brunswick - St Kilda Beach,6059,Moor St/Nicholson St #12,480.85447991,17593,Swanston St/Bourke St #6,656.03804169,29700,30240,540
rmit_city,20495,Carlton (Vic.),2026-10-08,3,03-96--5-T5-142606736,tram,96,East Brunswick - St Kilda Beach,6059,Moor St/Nicholson St #12,480.85447991,17593,Swanston St/Bourke St #6,656.03804169,30060,30600,540
rmit_city,20495,Carlton (Vic.),2026-10-08,3,03-96--5-T5-142606737,tram,96,East Brunswick - St Kilda Beach,6059,Moor St/Nicholson St #12,480.85447991,17593,Swanston St/Bourke St #6,656.03804169,30420,30960,540
rmit_city,20495,Carlton (Vic.),2026-10-08,3,03-96--5-T5-142606738,tram,96,East Brunswick - St Kilda Beach,6059,Moor St/Nicholson St #12,480.85447991,17593,Swanston St/Bourke St #6,656.03804169,30780,31320,540
rmit_city,20495,Carlton (Vic.),2026-10-08,3,03-96--5-T5-142606739,tram,96,East Brunswick - St Kilda Beach,6059,Moor St/Nicholson St #12,480.85447991,17593,Swanston St/Bourke St #6,656.03804169,31140,31680,540
rmit_city,20495,Carlton (Vic.),2026-10-08,3,03-96--5-T5-142606740,tram,96,East Brunswick - St Kilda Beach,6059,Moor St/Nicholson St #12,480.85447991,17593,Swanston St/Bourke St #6,656.03804169,31500,32040,540
rmit_city,20495,Carlton (Vic.),2026-10-08,3,03-96--5-T5-142606741,tram,96,East Brunswick - St Kilda Beach,6059,Moor St/Nicholson St #12,480.85447991,17593,Swanston St/Bourke St #6,656.03804169,31860,32400,540
rmit_city,20495,Carlton (Vic.),2026-10-08,3,03-96--5-T5-142606742,tram,96,East Brunswick - St Kilda Beach,6059,Moor St/Nicholson St #12,480.85447991,17593,Swanston St/Bourke St #6,656.03804169,32220,32760,540
rmit_city,20495,Carlton (Vic.),2026-10-08,4,14-200--1-MF76-200886,bus,200,City - Bulleen via Key Junction,2131,Faraday St/Lygon St,213.24862475,19531,La Trobe St/Russell St,347.22144049,25200,25500,300
rmit_city,20495,Carlton (Vic.),2026-10-08,4,14-200--1-MF76-200911,bus,200,City - Bulleen via Key Junction,2131,Faraday St/Lygon St,213.24862475,19531,La Trobe St/Russell St,347.22144049,31740,32220,480
rmit_city,20495,Carlton (Vic.),2026-10-08,4,14-207--1-MF76-208071,bus,207,City - Doncaster Shopping Centre via Kew Junction,2131,Faraday St/Lygon St,213.24862475,19531,La Trobe St/Russell St,347.22144049,25680,25980,300
rmit_city,20495,Carlton (Vic.),2026-10-08,4,14-207--1-MF76-208090,bus,207,City - Doncaster Shopping Centre via Kew Junction,2131,Faraday St/Lygon St,213.24862475,19531,La Trobe St/Russell St,347.22144049,29880,30360,480
rmit_city,20495,Carlton (Vic.),2026-10-08,4,14-207--1-MF76-208091,bus,207,City - Doncaster Shopping Centre via Kew Junction,2131,Faraday St/Lygon St,213.24862475,19531,La Trobe St/Russell St,347.22144049,32100,32580,480
rmit_city,20495,Carlton (Vic.),2026-10-08,4,14-207--1-MF76-208098,bus,207,City - Doncaster Shopping Centre via Kew Junction,2131,Faraday St/Lygon St,213.24862475,19531,La Trobe St/Russell St,347.22144049,27060,27420,360
rmit_city,20495,Carlton (Vic.),2026-10-08,4,17-200--1-MF62-200810,bus,200,City - Bulleen via Key Junction,2131,Faraday St/Lygon St,213.24862475,19531,La Trobe St/Russell St,347.22144049,29340,29820,480
rmit_city,20495,Carlton (Vic.),2026-10-08,4,17-200--1-MF62-200812,bus,200,City - Bulleen via Key Junction,2131,Faraday St/Lygon St,213.24862475,19531,La Trobe St/Russell St,347.22144049,30240,30720,480
rmit_city,20495,Carlton (Vic.),2026-10-08,4,17-200--1-MF62-200813,bus,200,City - Bulleen via Key Junction,2131,Faraday St/Lygon St,213.24862475,19531,La Trobe St/Russell St,347.22144049,26460,26820,360
rmit_city,20495,Carlton (Vic.),2026-10-08,4,17-200--1-MF62-200816,bus,200,City - Bulleen via Key Junction,2131,Faraday St/Lygon St,213.24862475,19531,La Trobe St/Russell St,347.22144049,27720,28080,360
rmit_city,20495,Carlton (Vic.),2026-10-08,4,17-200--1-MF62-200821,bus,200,City - Bulleen via Key Junction,2131,Faraday St/Lygon St,213.24862475,19531,La Trobe St/Russell St,347.22144049,28560,28920,360
rmit_city,20495,Carlton (Vic.),2026-10-08,4,17-207--1-MF62-207146,bus,207,City - Doncaster Shopping Centre via Kew Junction,2131,Faraday St/Lygon St,213.24862475,19531,La Trobe St/Russell St,347.22144049,30900,31380,480
rmit_city,20495,Carlton (Vic.),2026-10-08,4,17-207--1-MF62-207147,bus,207,City - Doncaster Shopping Centre via Kew Junction,2131,Faraday St/Lygon St,213.24862475,19531,La Trobe St/Russell St,347.22144049,28140,28500,360
rmit_city,20495,Carlton (Vic.),2026-10-08,4,17-207--1-MF62-207151,bus,207,City - Doncaster Shopping Centre via Kew Junction,2131,Faraday St/Lygon St,213.24862475,19531,La Trobe St/Russell St,347.22144049,28800,29220,420
rmit_city,20495,Carlton (Vic.),2026-10-08,4,17-250--1-MF62-251131,bus,250,City (Queen St) - La Trobe University via Clifton Hill,657,Carlton Gardens/Rathdowne St,165.80706437,19545,Melbourne Central/Lonsdale St,435.17422349,27780,28140,360
rmit_city,20495,Carlton (Vic.),2026-10-08,4,17-250--1-MF62-251147,bus,250,City (Queen St) - La Trobe University via Clifton Hill,657,Carlton Gardens/Rathdowne St,165.80706437,19545,Melbourne Central/Lonsdale St,435.17422349,31800,32280,480
rmit_city,20495,Carlton (Vic.),2026-10-08,4,17-250--1-MF62-251148,bus,250,City (Queen St) - La Trobe University via Clifton Hill,657,Carlton Gardens/Rathdowne St,165.80706437,19545,Melbourne Central/Lonsdale St,435.17422349,28980,29340,360
rmit_city,20495,Carlton (Vic.),2026-10-08,4,17-250--1-MF62-251151,bus,250,City (Queen St) - La Trobe University via Clifton Hill,657,Carlton Gardens/Rathdowne St,165.80706437,19545,Melbourne Central/Lonsdale St,435.17422349,26460,26820,360
rmit_city,20495,Carlton (Vic.),2026-10-08,4,17-250--1-MF62-251167,bus,250,City (Queen St) - La Trobe University via Clifton Hill,657,Carlton Gardens/Rathdowne St,165.80706437,19545,Melbourne Central/Lonsdale St,435.17422349,30420,30900,480
rmit_city,20495,Carlton (Vic.),2026-10-08,4,17-250--1-MF62-251169,bus,250,City (Queen St) - La Trobe University via Clifton Hill,657,Carlton Gardens/Rathdowne St,165.80706437,19545,Melbourne Central/Lonsdale St,435.17422349,25260,25560,300
rmit_city,20495,Carlton (Vic.),2026-10-08,4,17-251--1-MF62-251168,bus,251,City (Queen St) - Northland Shopping Centre via Clifton Hill,657,Carlton Gardens/Rathdowne St,165.80706437,19545,Melbourne Central/Lonsdale St,435.17422349,26220,26580,360
rmit_city,20495,Carlton (Vic.),2026-10-08,4,17-251--1-MF62-251192,bus,251,City (Queen St) - Northland Shopping Centre via Clifton Hill,657,Carlton Gardens/Rathdowne St,165.80706437,19545,Melbourne Central/Lonsdale St,435.17422349,30840,31320,480
rmit_city,20495,Carlton (Vic.),2026-10-08,4,17-251--1-MF62-251196,bus,251,City (Queen St) - Northland Shopping Centre via Clifton Hill,657,Carlton Gardens/Rathdowne St,165.80706437,19545,Melbourne Central/Lonsdale St,435.17422349,32100,32640,540
rmit_city,20495,Carlton (Vic.),2026-10-08,4,17-251--1-MF62-251197,bus,251,City (Queen St) - Northland Shopping Centre via Clifton Hill,657,Carlton Gardens/Rathdowne St,165.80706437,19545,Melbourne Central/Lonsdale St,435.17422349,27600,27960,360
rmit_city,20495,Carlton (Vic.),2026-10-08,4,17-251--1-MF62-251204,bus,251,City (Queen St) - Northland Shopping Centre via Clifton Hill,657,Carlton Gardens/Rathdowne St,165.80706437,19545,Melbourne Central/Lonsdale St,435.17422349,29280,29640,360
rmit_city,20495,Carlton (Vic.),2026-10-08,4,53-402--1-MF17-10000105,bus,402,Footscray Station - East Melbourne via North Melbourne,657,Carlton Gardens/Rathdowne St,165.80706437,655,Exhibition Building/Rathdowne St,762.43625241,25800,25860,60
rmit_city,20495,Carlton (Vic.),2026-10-08,4,53-402--1-MF17-10000107,bus,402,Footscray Station - East Melbourne via North Melbourne,657,Carlton Gardens/Rathdowne St,165.80706437,655,Exhibition Building/Rathdowne St,762.43625241,31680,31800,120
rmit_city,20495,Carlton (Vic.),2026-10-08,4,53-402--1-MF17-10000139,bus,402,Footscray Station - East Melbourne via North Melbourne,657,Carlton Gardens/Rathdowne St,165.80706437,655,Exhibition Building/Rathdowne St,762.43625241,26700,26760,60
rmit_city,20495,Carlton (Vic.),2026-10-08,4,53-402--1-MF17-10000652,bus,402,Footscray Station - East Melbourne via North Melbourne,657,Carlton Gardens/Rathdowne St,165.80706437,655,Exhibition Building/Rathdowne St,762.43625241,29580,29700,120
rmit_city,20495,Carlton (Vic.),2026-10-08,4,53-402--1-MF17-10000713,bus,402,Footscray Station - East Melbourne via North Melbourne,657,Carlton Gardens/Rathdowne St,165.80706437,655,Exhibition Building/Rathdowne St,762.43625241,30840,30960,120
rmit_city,20495,Carlton (Vic.),2026-10-08,4,53-402--1-MF17-10000871,bus,402,Footscray Station - East Melbourne via North Melbourne,657,Carlton Gardens/Rathdowne St,165.80706437,655,Exhibition Building/Rathdowne St,762.43625241,30240,30360,120
rmit_city,20495,Carlton (Vic.),2026-10-08,4,53-402--1-MF17-10001222,bus,402,Footscray Station - East Melbourne via North Melbourne,657,Carlton Gardens/Rathdowne St,165.80706437,655,Exhibition Building/Rathdowne St,762.43625241,27180,27240,60
rmit_city,20495,Carlton (Vic.),2026-10-08,4,53-402--1-MF17-10001378,bus,402,Footscray Station - East Melbourne via North Melbourne,657,Carlton Gardens/Rathdowne St,165.80706437,655,Exhibition Building/Rathdowne St,762.43625241,27960,28020,60
rmit_city,20495,Carlton (Vic.),2026-10-08,4,53-402--1-MF17-10001426,bus,402,Footscray Station - East Melbourne via North Melbourne,657,Carlton Gardens/Rathdowne St,165.80706437,655,Exhibition Building/Rathdowne St,762.43625241,26400,26460,60
rmit_city,20495,Carlton (Vic.),2026-10-08,4,53-402--1-MF17-10001428,bus,402,Footscray Station - East Melbourne via North Melbourne,657,Carlton Gardens/Rathdowne St,165.80706437,655,Exhibition Building/Rathdowne St,762.43625241,32280,32400,120
rmit_city,20495,Carlton (Vic.),2026-10-08,4,53-402--1-MF17-10001654,bus,402,Footscray Station - East Melbourne via North Melbourne,657,Carlton Gardens/Rathdowne St,165.80706437,655,Exhibition Building/Rathdowne St,762.43625241,28680,28800,120
rmit_city,20496,Carlton North,2026-10-08,3,03-1--5-T5-142610602,tram,1,East Coburg - South Melbourne Beach,19344,Fenwick St/Lygon St #116,193.60084224,19494,RMIT University/Swanston St #7,73.16936843,25740,26400,660
rmit_city,20496,Carlton North,2026-10-08,3,03-1--5-T5-142610603,tram,1,East Coburg - South Melbourne Beach,19344,Fenwick St/Lygon St #116,193.60084224,19494,RMIT University/Swanston St #7,73.16936843,26280,26940,660
rmit_city,20496,Carlton North,2026-10-08,3,03-1--5-T5-142610604,tram,1,East Coburg - South Melbourne Beach,19344,Fenwick St/Lygon St #116,193.60084224,19494,RMIT University/Swanston St #7,73.16936843,26820,27480,660
rmit_city,20496,Carlton North,2026-10-08,3,03-1--5-T5-142610605,tram,1,East Coburg - South Melbourne Beach,19344,Fenwick St/Lygon St #116,193.60084224,19494,RMIT University/Swanston St #7,73.16936843,27300,27960,660
rmit_city,20496,Carlton North,2026-10-08,3,03-1--5-T5-142610606,tram,1,East Coburg - South Melbourne Beach,19344,Fenwick St/Lygon St #116,193.60084224,19494,RMIT University/Swanston St #7,73.16936843,27780,28440,660
rmit_city,20496,Carlton North,2026-10-08,3,03-1--5-T5-142610607,tram,1,East Coburg - South Melbourne Beach,19344,Fenwick St/Lygon St #116,193.60084224,19494,RMIT University/Swanston St #7,73.16936843,28200,28860,660
rmit_city,20496,Carlton North,2026-10-08,3,03-1--5-T5-142610608,tram,1,East Coburg - South Melbourne Beach,19344,Fenwick St/Lygon St #116,193.60084224,19494,RMIT University/Swanston St #7,73.16936843,28680,29340,660
rmit_city,20496,Carlton North,2026-10-08,3,03-1--5-T5-142610609,tram,1,East Coburg - South Melbourne Beach,19344,Fenwick St/Lygon St #116,193.60084224,19494,RMIT University/Swanston St #7,73.16936843,29040,29700,660
rmit_city,20496,Carlton North,2026-10-08,3,03-1--5-T5-142610610,tram,1,East Coburg - South Melbourne Beach,19344,Fenwick St/Lygon St #116,193.60084224,19494,RMIT University/Swanston St #7,73.16936843,29400,30060,660
rmit_city,20496,Carlton North,2026-10-08,3,03-1--5-T5-142610611,tram,1,East Coburg - South Melbourne Beach,19344,Fenwick St/Lygon St #116,193.60084224,19494,RMIT University/Swanston St #7,73.16936843,29760,30420,660
rmit_city,20496,Carlton North,2026-10-08,3,03-1--5-T5-142610612,tram,1,East Coburg - South Melbourne Beach,19344,Fenwick St/Lygon St #116,193.60084224,19494,RMIT University/Swanston St #7,73.16936843,30120,30780,660
rmit_city,20496,Carlton North,2026-10-08,3,03-1--5-T5-142610613,tram,1,East Coburg - South Melbourne Beach,19344,Fenwick St/Lygon St #116,193.60084224,19494,RMIT University/Swanston St #7,73.16936843,30480,31140,660
rmit_city,20496,Carlton North,2026-10-08,3,03-1--5-T5-142610614,tram,1,East Coburg - South Melbourne Beach,19344,Fenwick St/Lygon St #116,193.60084224,19494,RMIT University/Swanston St #7,73.16936843,30840,31500,660
rmit_city,20496,Carlton North,2026-10-08,3,03-1--5-T5-142610615,tram,1,East Coburg - South Melbourne Beach,19344,Fenwick St/Lygon St #116,193.60084224,19494,RMIT University/Swanston St #7,73.16936843,31200,31860,660
rmit_city,20496,Carlton North,2026-10-08,3,03-1--5-T5-142610616,tram,1,East Coburg - South Melbourne Beach,19344,Fenwick St/Lygon St #116,193.60084224,19494,RMIT University/Swanston St #7,73.16936843,31560,32220,660
rmit_city,20496,Carlton North,2026-10-08,3,03-1--5-T5-142610617,tram,1,East Coburg - South Melbourne Beach,19344,Fenwick St/Lygon St #116,193.60084224,19494,RMIT University/Swanston St #7,73.16936843,31920,32580,660
rmit_city,20496,Carlton North,2026-10-08,3,03-1--5-T5-142610618,tram,1,East Coburg - South Melbourne Beach,19344,Fenwick St/Lygon St #116,193.60084224,19494,RMIT University/Swanston St #7,73.16936843,32340,33000,660
rmit_city,20496,Carlton North,2026-10-08,3,03-1--5-T5-142611852,tram,1,East Coburg - South Melbourne Beach,19344,Fenwick St/Lygon St #116,193.60084224,19494,RMIT University/Swanston St #7,73.16936843,25320,25980,660
rmit_city,20496,Carlton North,2026-10-08,3,03-19--5-T5-142611903,tram,19,North Coburg - Flinders Street Station,17330,Walker St/Royal Pde #16,774.50590901,17871,Queen Victoria Market/Elizabeth St #7,278.17645067,25320,25860,540
rmit_city,20496,Carlton North,2026-10-08,3,03-19--5-T5-142611904,tram,19,North Coburg - Flinders Street Station,17330,Walker St/Royal Pde #16,774.50590901,17871,Queen Victoria Market/Elizabeth St #7,278.17645067,25680,26220,540
rmit_city,20496,Carlton North,2026-10-08,3,03-19--5-T5-142611905,tram,19,North Coburg - Flinders Street Station,17330,Walker St/Royal Pde #16,774.50590901,17871,Queen Victoria Market/Elizabeth St #7,278.17645067,26040,26580,540
rmit_city,20496,Carlton North,2026-10-08,3,03-19--5-T5-142611906,tram,19,North Coburg - Flinders Street Station,17330,Walker St/Royal Pde #16,774.50590901,17871,Queen Victoria Market/Elizabeth St #7,278.17645067,26400,26940,540
rmit_city,20496,Carlton North,2026-10-08,3,03-19--5-T5-142611907,tram,19,North Coburg - Flinders Street Station,17330,Walker St/Royal Pde #16,774.50590901,17871,Queen Victoria Market/Elizabeth St #7,278.17645067,26700,27300,600
rmit_city,20496,Carlton North,2026-10-08,3,03-19--5-T5-142611908,tram,19,North Coburg - Flinders Street Station,17330,Walker St/Royal Pde #16,774.50590901,17871,Queen Victoria Market/Elizabeth St #7,278.17645067,27000,27600,600
rmit_city,20496,Carlton North,2026-10-08,3,03-19--5-T5-142611909,tram,19,North Coburg - Flinders Street Station,17330,Walker St/Royal Pde #16,774.50590901,17871,Queen Victoria Market/Elizabeth St #7,278.17645067,27360,27960,600
rmit_city,20496,Carlton North,2026-10-08,3,03-19--5-T5-142611910,tram,19,North Coburg - Flinders Street Station,17330,Walker St/Royal Pde #16,774.50590901,17871,Queen Victoria Market/Elizabeth St #7,278.17645067,27720,28320,600
rmit_city,20496,Carlton North,2026-10-08,3,03-19--5-T5-142611911,tram,19,North Coburg - Flinders Street Station,17330,Walker St/Royal Pde #16,774.50590901,17871,Queen Victoria Market/Elizabeth St #7,278.17645067,28020,28620,600
rmit_city,20496,Carlton North,2026-10-08,3,03-19--5-T5-142611912,tram,19,North Coburg - Flinders Street Station,17330,Walker St/Royal Pde #16,774.50590901,17871,Queen Victoria Market/Elizabeth St #7,278.17645067,28320,28980,660
rmit_city,20496,Carlton North,2026-10-08,3,03-19--5-T5-142611913,tram,19,North Coburg - Flinders Street Station,17330,Walker St/Royal Pde #16,774.50590901,17871,Queen Victoria Market/Elizabeth St #7,278.17645067,28680,29340,660
rmit_city,20496,Carlton North,2026-10-08,3,03-19--5-T5-142611914,tram,19,North Coburg - Flinders Street Station,17330,Walker St/Royal Pde #16,774.50590901,17871,Queen Victoria Market/Elizabeth St #7,278.17645067,29040,29700,660
rmit_city,20496,Carlton North,2026-10-08,3,03-19--5-T5-142611915,tram,19,North Coburg - Flinders Street Station,17330,Walker St/Royal Pde #16,774.50590901,17871,Queen Victoria Market/Elizabeth St #7,278.17645067,29400,30060,660
rmit_city,20496,Carlton North,2026-10-08,3,03-19--5-T5-142611916,tram,19,North Coburg - Flinders Street Station,17330,Walker St/Royal Pde #16,774.50590901,17871,Queen Victoria Market/Elizabeth St #7,278.17645067,29640,30300,660
rmit_city,20496,Carlton North,2026-10-08,3,03-19--5-T5-142611917,tram,19,North Coburg - Flinders Street Station,17330,Walker St/Royal Pde #16,774.50590901,17871,Queen Victoria Market/Elizabeth St #7,278.17645067,29940,30600,660
rmit_city,20496,Carlton North,2026-10-08,3,03-19--5-T5-142611918,tram,19,North Coburg - Flinders Street Station,17330,Walker St/Royal Pde #16,774.50590901,17871,Queen Victoria Market/Elizabeth St #7,278.17645067,30180,30840,660
rmit_city,20496,Carlton North,2026-10-08,3,03-19--5-T5-142611919,tram,19,North Coburg - Flinders Street Station,17330,Walker St/Royal Pde #16,774.50590901,17871,Queen Victoria Market/Elizabeth St #7,278.17645067,30480,31140,660
rmit_city,20496,Carlton North,2026-10-08,3,03-19--5-T5-142611920,tram,19,North Coburg - Flinders Street Station,17330,Walker St/Royal Pde #16,774.50590901,17871,Queen Victoria Market/Elizabeth St #7,278.17645067,30660,31320,660
rmit_city,20496,Carlton North,2026-10-08,3,03-19--5-T5-142611921,tram,19,North Coburg - Flinders Street Station,17330,Walker St/Royal Pde #16,774.50590901,17871,Queen Victoria Market/Elizabeth St #7,278.17645067,30900,31560,660
rmit_city,20496,Carlton North,2026-10-08,3,03-19--5-T5-142611922,tram,19,North Coburg - Flinders Street Station,17330,Walker St/Royal Pde #16,774.50590901,17871,Queen Victoria Market/Elizabeth St #7,278.17645067,31200,31860,660
rmit_city,20496,Carlton North,2026-10-08,3,03-19--5-T5-142611923,tram,19,North Coburg - Flinders Street Station,17330,Walker St/Royal Pde #16,774.50590901,17871,Queen Victoria Market/Elizabeth St #7,278.17645067,31440,32100,660
rmit_city,20496,Carlton North,2026-10-08,3,03-19--5-T5-142611924,tram,19,North Coburg - Flinders Street Station,17330,Walker St/Royal Pde #16,774.50590901,17871,Queen Victoria Market/Elizabeth St #7,278.17645067,31680,32340,660
rmit_city,20496,Carlton North,2026-10-08,3,03-19--5-T5-142611925,tram,19,North Coburg - Flinders Street Station,17330,Walker St/Royal Pde #16,774.50590901,17871,Queen Victoria Market/Elizabeth St #7,278.17645067,31860,32520,660
rmit_city,20496,Carlton North,2026-10-08,3,03-19--5-T5-142611926,tram,19,North Coburg - Flinders Street Station,17330,Walker St/Royal Pde #16,774.50590901,17871,Queen Victoria Market/Elizabeth St #7,278.17645067,32100,32760,660
rmit_city,20496,Carlton North,2026-10-08,3,03-19--5-T5-142611927,tram,19,North Coburg - Flinders Street Station,17330,Walker St/Royal Pde #16,774.50590901,17871,Queen Victoria Market/Elizabeth St #7,278.17645067,32340,33000,660
rmit_city,20496,Carlton North,2026-10-08,3,03-6--5-T5-142611603,tram,6,Moreland - Glen Iris,19344,Fenwick St/Lygon St #116,193.60084224,19494,RMIT University/Swanston St #7,73.16936843,25440,26100,660
rmit_city,20496,Carlton North,2026-10-08,3,03-6--5-T5-142611605,tram,6,Moreland - Glen Iris,19344,Fenwick St/Lygon St #116,193.60084224,19494,RMIT University/Swanston St #7,73.16936843,25980,26640,660
rmit_city,20496,Carlton North,2026-10-08,3,03-6--5-T5-142611607,tram,6,Moreland - Glen Iris,19344,Fenwick St/Lygon St #116,193.60084224,19494,RMIT University/Swanston St #7,73.16936843,26580,27240,660
rmit_city,20496,Carlton North,2026-10-08,3,03-6--5-T5-142611609,tram,6,Moreland - Glen Iris,19344,Fenwick St/Lygon St #116,193.60084224,19494,RMIT University/Swanston St #7,73.16936843,27120,27780,660
rmit_city,20496,Carlton North,2026-10-08,3,03-6--5-T5-142611612,tram,6,Moreland - Glen Iris,19344,Fenwick St/Lygon St #116,193.60084224,19494,RMIT University/Swanston St #7,73.16936843,27480,28140,660
rmit_city,20496,Carlton North,2026-10-08,3,03-6--5-T5-142611614,tram,6,Moreland - Glen Iris,19344,Fenwick St/Lygon St #116,193.60084224,19494,RMIT University/Swanston St #7,73.16936843,27960,28620,660
rmit_city,20496,Carlton North,2026-10-08,3,03-6--5-T5-142611615,tram,6,Moreland - Glen Iris,19344,Fenwick St/Lygon St #116,193.60084224,19494,RMIT University/Swanston St #7,73.16936843,28500,29160,660
rmit_city,20496,Carlton North,2026-10-08,3,03-6--5-T5-142611619,tram,6,Moreland - Glen Iris,19344,Fenwick St/Lygon St #116,193.60084224,19494,RMIT University/Swanston St #7,73.16936843,28860,29520,660
rmit_city,20496,Carlton North,2026-10-08,3,03-6--5-T5-142611621,tram,6,Moreland - Glen Iris,19344,Fenwick St/Lygon St #116,193.60084224,19494,RMIT University/Swanston St #7,73.16936843,29220,29880,660
rmit_city,20496,Carlton North,2026-10-08,3,03-6--5-T5-142611624,tram,6,Moreland - Glen Iris,19344,Fenwick St/Lygon St #116,193.60084224,19494,RMIT University/Swanston St #7,73.16936843,29580,30240,660
rmit_city,20496,Carlton North,2026-10-08,3,03-6--5-T5-142611625,tram,6,Moreland - Glen Iris,19344,Fenwick St/Lygon St #116,193.60084224,19494,RMIT University/Swanston St #7,73.16936843,29940,30600,660
rmit_city,20496,Carlton North,2026-10-08,3,03-6--5-T5-142611628,tram,6,Moreland - Glen Iris,19344,Fenwick St/Lygon St #116,193.60084224,19494,RMIT University/Swanston St #7,73.16936843,30300,30960,660
rmit_city,20496,Carlton North,2026-10-08,3,03-6--5-T5-142611631,tram,6,Moreland - Glen Iris,19344,Fenwick St/Lygon St #116,193.60084224,19494,RMIT University/Swanston St #7,73.16936843,30660,31320,660
rmit_city,20496,Carlton North,2026-10-08,3,03-6--5-T5-142611632,tram,6,Moreland - Glen Iris,19344,Fenwick St/Lygon St #116,193.60084224,19494,RMIT University/Swanston St #7,73.16936843,31020,31680,660
rmit_city,20496,Carlton North,2026-10-08,3,03-6--5-T5-142611633,tram,6,Moreland - Glen Iris,19344,Fenwick St/Lygon St #116,193.60084224,19494,RMIT University/Swanston St #7,73.16936843,31380,32040,660
rmit_city,20496,Carlton North,2026-10-08,3,03-6--5-T5-142611634,tram,6,Moreland - Glen Iris,19344,Fenwick St/Lygon St #116,193.60084224,19494,RMIT University/Swanston St #7,73.16936843,31740,32400,660
rmit_city,20496,Carlton North,2026-10-08,3,03-6--5-T5-142611635,tram,6,Moreland - Glen Iris,19344,Fenwick St/Lygon St #116,193.60084224,19494,RMIT University/Swanston St #7,73.16936843,32100,32760,660
rmit_city,20496,Carlton North,2026-10-08,3,03-96--5-T5-142606725,tram,96,East Brunswick - St Kilda Beach,6066,Reid St/Nicholson St #17,788.58766821,17593,Swanston St/Bourke St #6,656.03804169,25560,26340,780
rmit_city,20496,Carlton North,2026-10-08,3,03-96--5-T5-142606726,tram,96,East Brunswick - St Kilda Beach,6066,Reid St/Nicholson St #17,788.58766821,17593,Swanston St/Bourke St #6,656.03804169,25980,26760,780
rmit_city,20496,Carlton North,2026-10-08,3,03-96--5-T5-142606727,tram,96,East Brunswick - St Kilda Beach,6066,Reid St/Nicholson St #17,788.58766821,17593,Swanston St/Bourke St #6,656.03804169,26400,27240,840
rmit_city,20496,Carlton North,2026-10-08,3,03-96--5-T5-142606728,tram,96,East Brunswick - St Kilda Beach,6066,Reid St/Nicholson St #17,788.58766821,17593,Swanston St/Bourke St #6,656.03804169,26820,27660,840
rmit_city,20496,Carlton North,2026-10-08,3,03-96--5-T5-142606729,tram,96,East Brunswick - St Kilda Beach,6066,Reid St/Nicholson St #17,788.58766821,17593,Swanston St/Bourke St #6,656.03804169,27240,28080,840
rmit_city,20496,Carlton North,2026-10-08,3,03-96--5-T5-142606730,tram,96,East Brunswick - St Kilda Beach,6066,Reid St/Nicholson St #17,788.58766821,17593,Swanston St/Bourke St #6,656.03804169,27660,28500,840
rmit_city,20496,Carlton North,2026-10-08,3,03-96--5-T5-142606731,tram,96,East Brunswick - St Kilda Beach,6066,Reid St/Nicholson St #17,788.58766821,17593,Swanston St/Bourke St #6,656.03804169,27960,28800,840
rmit_city,20496,Carlton North,2026-10-08,3,03-96--5-T5-142606732,tram,96,East Brunswick - St Kilda Beach,6066,Reid St/Nicholson St #17,788.58766821,17593,Swanston St/Bourke St #6,656.03804169,28260,29160,900
rmit_city,20496,Carlton North,2026-10-08,3,03-96--5-T5-142606733,tram,96,East Brunswick - St Kilda Beach,6066,Reid St/Nicholson St #17,788.58766821,17593,Swanston St/Bourke St #6,656.03804169,28620,29520,900
rmit_city,20496,Carlton North,2026-10-08,3,03-96--5-T5-142606734,tram,96,East Brunswick - St Kilda Beach,6066,Reid St/Nicholson St #17,788.58766821,17593,Swanston St/Bourke St #6,656.03804169,28980,29880,900
rmit_city,20496,Carlton North,2026-10-08,3,03-96--5-T5-142606735,tram,96,East Brunswick - St Kilda Beach,6066,Reid St/Nicholson St #17,788.58766821,17593,Swanston St/Bourke St #6,656.03804169,29340,30240,900
rmit_city,20496,Carlton North,2026-10-08,3,03-96--5-T5-142606736,tram,96,East Brunswick - St Kilda Beach,6066,Reid St/Nicholson St #17,788.58766821,17593,Swanston St/Bourke St #6,656.03804169,29700,30600,900
rmit_city,20496,Carlton North,2026-10-08,3,03-96--5-T5-142606737,tram,96,East Brunswick - St Kilda Beach,6066,Reid St/Nicholson St #17,788.58766821,17593,Swanston St/Bourke St #6,656.03804169,30060,30960,900
rmit_city,20496,Carlton North,2026-10-08,3,03-96--5-T5-142606738,tram,96,East Brunswick - St Kilda Beach,6066,Reid St/Nicholson St #17,788.58766821,17593,Swanston St/Bourke St #6,656.03804169,30420,31320,900
rmit_city,20496,Carlton North,2026-10-08,3,03-96--5-T5-142606739,tram,96,East Brunswick - St Kilda Beach,6066,Reid St/Nicholson St #17,788.58766821,17593,Swanston St/Bourke St #6,656.03804169,30780,31680,900
rmit_city,20496,Carlton North,2026-10-08,3,03-96--5-T5-142606740,tram,96,East Brunswick - St Kilda Beach,6066,Reid St/Nicholson St #17,788.58766821,17593,Swanston St/Bourke St #6,656.03804169,31140,32040,900
rmit_city,20496,Carlton North,2026-10-08,3,03-96--5-T5-142606741,tram,96,East Brunswick - St Kilda Beach,6066,Reid St/Nicholson St #17,788.58766821,17593,Swanston St/Bourke St #6,656.03804169,31500,32400,900
rmit_city,20496,Carlton North,2026-10-08,3,03-96--5-T5-142606742,tram,96,East Brunswick - St Kilda Beach,6066,Reid St/Nicholson St #17,788.58766821,17593,Swanston St/Bourke St #6,656.03804169,31860,32760,900
rmit_city,20496,Carlton North,2026-10-08,3,03-96--5-T5-142606743,tram,96,East Brunswick - St Kilda Beach,6066,Reid St/Nicholson St #17,788.58766821,17593,Swanston St/Bourke St #6,656.03804169,32220,33120,900
rmit_city,20496,Carlton North,2026-10-08,4,17-250--1-MF62-251131,bus,250,City (Queen St) - La Trobe University via Clifton Hill,662,Fenwick St/Rathdowne St,413.86265781,19545,Melbourne Central/Lonsdale St,435.17422349,27420,28140,720
rmit_city,20496,Carlton North,2026-10-08,4,17-250--1-MF62-251147,bus,250,City (Queen St) - La Trobe University via Clifton Hill,662,Fenwick St/Rathdowne St,413.86265781,19545,Melbourne Central/Lonsdale St,435.17422349,31200,32280,1080
rmit_city,20496,Carlton North,2026-10-08,4,17-250--1-MF62-251148,bus,250,City (Queen St) - La Trobe University via Clifton Hill,662,Fenwick St/Rathdowne St,413.86265781,19545,Melbourne Central/Lonsdale St,435.17422349,28500,29340,840
rmit_city,20496,Carlton North,2026-10-08,4,17-250--1-MF62-251151,bus,250,City (Queen St) - La Trobe University via Clifton Hill,662,Fenwick St/Rathdowne St,413.86265781,19545,Melbourne Central/Lonsdale St,435.17422349,26100,26820,720
rmit_city,20496,Carlton North,2026-10-08,4,17-250--1-MF62-251152,bus,250,City (Queen St) - La Trobe University via Clifton Hill,663,Richardson St/Rathdowne St,435.26069089,19545,Melbourne Central/Lonsdale St,435.17422349,32220,33480,1260
rmit_city,20496,Carlton North,2026-10-08,4,17-250--1-MF62-251167,bus,250,City (Queen St) - La Trobe University via Clifton Hill,662,Fenwick St/Rathdowne St,413.86265781,19545,Melbourne Central/Lonsdale St,435.17422349,29880,30900,1020
rmit_city,20496,Carlton North,2026-10-08,4,17-251--1-MF62-251168,bus,251,City (Queen St) - Northland Shopping Centre via Clifton Hill,662,Fenwick St/Rathdowne St,413.86265781,19545,Melbourne Central/Lonsdale St,435.17422349,25800,26580,780
rmit_city,20496,Carlton North,2026-10-08,4,17-251--1-MF62-251192,bus,251,City (Queen St) - Northland Shopping Centre via Clifton Hill,662,Fenwick St/Rathdowne St,413.86265781,19545,Melbourne Central/Lonsdale St,435.17422349,30240,31320,1080
rmit_city,20496,Carlton North,2026-10-08,4,17-251--1-MF62-251196,bus,251,City (Queen St) - Northland Shopping Centre via Clifton Hill,662,Fenwick St/Rathdowne St,413.86265781,19545,Melbourne Central/Lonsdale St,435.17422349,31440,32640,1200
rmit_city,20496,Carlton North,2026-10-08,4,17-251--1-MF62-251197,bus,251,City (Queen St) - Northland Shopping Centre via Clifton Hill,662,Fenwick St/Rathdowne St,413.86265781,19545,Melbourne Central/Lonsdale St,435.17422349,27180,27960,780
rmit_city,20496,Carlton North,2026-10-08,4,17-251--1-MF62-251204,bus,251,City (Queen St) - Northland Shopping Centre via Clifton Hill,662,Fenwick St/Rathdowne St,413.86265781,19545,Melbourne Central/Lonsdale St,435.17422349,28800,29640,840
rmit_city,20574,Clifton Hill,2026-10-08,3,03-86--5-T5-142606404,tram,86,Bundoora RMIT - Waterfront City Docklands,6120,Clifton Hill Interchange/Queens Pde #25,531.62506121,17593,Swanston St/Bourke St #6,656.03804169,25740,27000,1260
rmit_city,20574,Clifton Hill,2026-10-08,3,03-86--5-T5-142606405,tram,86,Bundoora RMIT - Waterfront City Docklands,6120,Clifton Hill Interchange/Queens Pde #25,531.62506121,17593,Swanston St/Bourke St #6,656.03804169,26100,27480,1380
rmit_city,20574,Clifton Hill,2026-10-08,3,03-86--5-T5-142606406,tram,86,Bundoora RMIT - Waterfront City Docklands,6120,Clifton Hill Interchange/Queens Pde #25,531.62506121,17593,Swanston St/Bourke St #6,656.03804169,26520,27960,1440
rmit_city,20574,Clifton Hill,2026-10-08,3,03-86--5-T5-142606407,tram,86,Bundoora RMIT - Waterfront City Docklands,6120,Clifton Hill Interchange/Queens Pde #25,531.62506121,17593,Swanston St/Bourke St #6,656.03804169,27000,28440,1440
rmit_city,20574,Clifton Hill,2026-10-08,3,03-86--5-T5-142606408,tram,86,Bundoora RMIT - Waterfront City Docklands,6120,Clifton Hill Interchange/Queens Pde #25,531.62506121,17593,Swanston St/Bourke St #6,656.03804169,27420,28860,1440
rmit_city,20574,Clifton Hill,2026-10-08,3,03-86--5-T5-142606409,tram,86,Bundoora RMIT - Waterfront City Docklands,6120,Clifton Hill Interchange/Queens Pde #25,531.62506121,17593,Swanston St/Bourke St #6,656.03804169,27780,29280,1500
rmit_city,20574,Clifton Hill,2026-10-08,3,03-86--5-T5-142606410,tram,86,Bundoora RMIT - Waterfront City Docklands,6120,Clifton Hill Interchange/Queens Pde #25,531.62506121,17593,Swanston St/Bourke St #6,656.03804169,28200,29700,1500
rmit_city,20574,Clifton Hill,2026-10-08,3,03-86--5-T5-142606411,tram,86,Bundoora RMIT - Waterfront City Docklands,6120,Clifton Hill Interchange/Queens Pde #25,531.62506121,17593,Swanston St/Bourke St #6,656.03804169,28560,30060,1500
rmit_city,20574,Clifton Hill,2026-10-08,3,03-86--5-T5-142606412,tram,86,Bundoora RMIT - Waterfront City Docklands,6120,Clifton Hill Interchange/Queens Pde #25,531.62506121,17593,Swanston St/Bourke St #6,656.03804169,28920,30420,1500
rmit_city,20574,Clifton Hill,2026-10-08,3,03-86--5-T5-142606413,tram,86,Bundoora RMIT - Waterfront City Docklands,6120,Clifton Hill Interchange/Queens Pde #25,531.62506121,17593,Swanston St/Bourke St #6,656.03804169,29280,30840,1560
rmit_city,20574,Clifton Hill,2026-10-08,3,03-86--5-T5-142606414,tram,86,Bundoora RMIT - Waterfront City Docklands,6120,Clifton Hill Interchange/Queens Pde #25,531.62506121,17593,Swanston St/Bourke St #6,656.03804169,29700,31260,1560
rmit_city,20574,Clifton Hill,2026-10-08,3,03-86--5-T5-142606415,tram,86,Bundoora RMIT - Waterfront City Docklands,6120,Clifton Hill Interchange/Queens Pde #25,531.62506121,17593,Swanston St/Bourke St #6,656.03804169,30180,31740,1560
rmit_city,20574,Clifton Hill,2026-10-08,3,03-86--5-T5-142606416,tram,86,Bundoora RMIT - Waterfront City Docklands,6120,Clifton Hill Interchange/Queens Pde #25,531.62506121,17593,Swanston St/Bourke St #6,656.03804169,30660,32220,1560
rmit_city,20574,Clifton Hill,2026-10-08,3,03-86--5-T5-142606417,tram,86,Bundoora RMIT - Waterfront City Docklands,6120,Clifton Hill Interchange/Queens Pde #25,531.62506121,17593,Swanston St/Bourke St #6,656.03804169,31140,32700,1560
rmit_city,20574,Clifton Hill,2026-10-08,3,03-86--5-T5-142606418,tram,86,Bundoora RMIT - Waterfront City Docklands,6120,Clifton Hill Interchange/Queens Pde #25,531.62506121,17593,Swanston St/Bourke St #6,656.03804169,31620,33180,1560
rmit_city,20574,Clifton Hill,2026-10-08,3,03-86--5-T5-142606419,tram,86,Bundoora RMIT - Waterfront City Docklands,6120,Clifton Hill Interchange/Queens Pde #25,531.62506121,17593,Swanston St/Bourke St #6,656.03804169,32100,33660,1560
rmit_city,20574,Clifton Hill,2026-10-08,3,03-86--5-T5-142608052,tram,86,Bundoora RMIT - Waterfront City Docklands,6120,Clifton Hill Interchange/Queens Pde #25,531.62506121,17593,Swanston St/Bourke St #6,656.03804169,25260,26520,1260
rmit_city,20574,Clifton Hill,2026-10-08,4,17-250--1-MF62-251131,bus,250,City (Queen St) - La Trobe University via Clifton Hill,672,Clifton Hill Interchange/Queens Pde,536.81950575,19545,Melbourne Central/Lonsdale St,435.17422349,26580,28140,1560
rmit_city,20574,Clifton Hill,2026-10-08,4,17-250--1-MF62-251147,bus,250,City (Queen St) - La Trobe University via Clifton Hill,672,Clifton Hill Interchange/Queens Pde,536.81950575,19545,Melbourne Central/Lonsdale St,435.17422349,30060,32280,2220
rmit_city,20574,Clifton Hill,2026-10-08,4,17-250--1-MF62-251148,bus,250,City (Queen St) - La Trobe University via Clifton Hill,672,Clifton Hill Interchange/Queens Pde,536.81950575,19545,Melbourne Central/Lonsdale St,435.17422349,27600,29340,1740
rmit_city,20574,Clifton Hill,2026-10-08,4,17-250--1-MF62-251151,bus,250,City (Queen St) - La Trobe University via Clifton Hill,672,Clifton Hill Interchange/Queens Pde,536.81950575,19545,Melbourne Central/Lonsdale St,435.17422349,25440,26820,1380
rmit_city,20574,Clifton Hill,2026-10-08,4,17-250--1-MF62-251152,bus,250,City (Queen St) - La Trobe University via Clifton Hill,672,Clifton Hill Interchange/Queens Pde,536.81950575,19545,Melbourne Central/Lonsdale St,435.17422349,31260,33480,2220
rmit_city,20574,Clifton Hill,2026-10-08,4,17-250--1-MF62-251167,bus,250,City (Queen St) - La Trobe University via Clifton Hill,672,Clifton Hill Interchange/Queens Pde,536.81950575,19545,Melbourne Central/Lonsdale St,435.17422349,28860,30900,2040
rmit_city,20574,Clifton Hill,2026-10-08,4,17-251--1-MF62-251192,bus,251,City (Queen St) - Northland Shopping Centre via Clifton Hill,672,Clifton Hill Interchange/Queens Pde,536.81950575,19545,Melbourne Central/Lonsdale St,435.17422349,29160,31320,2160
rmit_city,20574,Clifton Hill,2026-10-08,4,17-251--1-MF62-251196,bus,251,City (Queen St) - Northland Shopping Centre via Clifton Hill,672,Clifton Hill Interchange/Queens Pde,536.81950575,19545,Melbourne Central/Lonsdale St,435.17422349,30360,32640,2280
rmit_city,20574,Clifton Hill,2026-10-08,4,17-251--1-MF62-251197,bus,251,City (Queen St) - Northland Shopping Centre via Clifton Hill,672,Clifton Hill Interchange/Queens Pde,536.81950575,19545,Melbourne Central/Lonsdale St,435.17422349,26220,27960,1740
rmit_city,20574,Clifton Hill,2026-10-08,4,17-251--1-MF62-251203,bus,251,City (Queen St) - Northland Shopping Centre via Clifton Hill,672,Clifton Hill Interchange/Queens Pde,536.81950575,19545,Melbourne Central/Lonsdale St,435.17422349,31680,33960,2280
rmit_city,20574,Clifton Hill,2026-10-08,4,17-251--1-MF62-251204,bus,251,City (Queen St) - Northland Shopping Centre via Clifton Hill,672,Clifton Hill Interchange/Queens Pde,536.81950575,19545,Melbourne Central/Lonsdale St,435.17422349,27780,29640,1860
rmit_city,20616,Collingwood (Vic.),2026-10-08,3,03-86--5-T5-142606403,tram,86,Bundoora RMIT - Waterfront City Docklands,6127,Hodgson St/Smith St #18,377.83855128,17593,Swanston St/Bourke St #6,656.03804169,25260,26040,780
rmit_city,20616,Collingwood (Vic.),2026-10-08,3,03-86--5-T5-142606404,tram,86,Bundoora RMIT - Waterfront City Docklands,6127,Hodgson St/Smith St #18,377.83855128,17593,Swanston St/Bourke St #6,656.03804169,26220,27000,780
rmit_city,20616,Collingwood (Vic.),2026-10-08,3,03-86--5-T5-142606405,tram,86,Bundoora RMIT - Waterfront City Docklands,6127,Hodgson St/Smith St #18,377.83855128,17593,Swanston St/Bourke St #6,656.03804169,26700,27480,780
rmit_city,20616,Collingwood (Vic.),2026-10-08,3,03-86--5-T5-142606406,tram,86,Bundoora RMIT - Waterfront City Docklands,6127,Hodgson St/Smith St #18,377.83855128,17593,Swanston St/Bourke St #6,656.03804169,27120,27960,840
rmit_city,20616,Collingwood (Vic.),2026-10-08,3,03-86--5-T5-142606407,tram,86,Bundoora RMIT - Waterfront City Docklands,6127,Hodgson St/Smith St #18,377.83855128,17593,Swanston St/Bourke St #6,656.03804169,27600,28440,840
rmit_city,20616,Collingwood (Vic.),2026-10-08,3,03-86--5-T5-142606408,tram,86,Bundoora RMIT - Waterfront City Docklands,6127,Hodgson St/Smith St #18,377.83855128,17593,Swanston St/Bourke St #6,656.03804169,28020,28860,840
rmit_city,20616,Collingwood (Vic.),2026-10-08,3,03-86--5-T5-142606409,tram,86,Bundoora RMIT - Waterfront City Docklands,6127,Hodgson St/Smith St #18,377.83855128,17593,Swanston St/Bourke St #6,656.03804169,28380,29280,900
rmit_city,20616,Collingwood (Vic.),2026-10-08,3,03-86--5-T5-142606410,tram,86,Bundoora RMIT - Waterfront City Docklands,6127,Hodgson St/Smith St #18,377.83855128,17593,Swanston St/Bourke St #6,656.03804169,28800,29700,900
rmit_city,20616,Collingwood (Vic.),2026-10-08,3,03-86--5-T5-142606411,tram,86,Bundoora RMIT - Waterfront City Docklands,6127,Hodgson St/Smith St #18,377.83855128,17593,Swanston St/Bourke St #6,656.03804169,29160,30060,900
rmit_city,20616,Collingwood (Vic.),2026-10-08,3,03-86--5-T5-142606412,tram,86,Bundoora RMIT - Waterfront City Docklands,6127,Hodgson St/Smith St #18,377.83855128,17593,Swanston St/Bourke St #6,656.03804169,29520,30420,900
rmit_city,20616,Collingwood (Vic.),2026-10-08,3,03-86--5-T5-142606413,tram,86,Bundoora RMIT - Waterfront City Docklands,6127,Hodgson St/Smith St #18,377.83855128,17593,Swanston St/Bourke St #6,656.03804169,29940,30840,900
rmit_city,20616,Collingwood (Vic.),2026-10-08,3,03-86--5-T5-142606414,tram,86,Bundoora RMIT - Waterfront City Docklands,6127,Hodgson St/Smith St #18,377.83855128,17593,Swanston St/Bourke St #6,656.03804169,30360,31260,900
rmit_city,20616,Collingwood (Vic.),2026-10-08,3,03-86--5-T5-142606415,tram,86,Bundoora RMIT - Waterfront City Docklands,6127,Hodgson St/Smith St #18,377.83855128,17593,Swanston St/Bourke St #6,656.03804169,30840,31740,900
rmit_city,20616,Collingwood (Vic.),2026-10-08,3,03-86--5-T5-142606416,tram,86,Bundoora RMIT - Waterfront City Docklands,6127,Hodgson St/Smith St #18,377.83855128,17593,Swanston St/Bourke St #6,656.03804169,31320,32220,900
rmit_city,20616,Collingwood (Vic.),2026-10-08,3,03-86--5-T5-142606417,tram,86,Bundoora RMIT - Waterfront City Docklands,6127,Hodgson St/Smith St #18,377.83855128,17593,Swanston St/Bourke St #6,656.03804169,31800,32700,900
rmit_city,20616,Collingwood (Vic.),2026-10-08,3,03-86--5-T5-142606418,tram,86,Bundoora RMIT - Waterfront City Docklands,6127,Hodgson St/Smith St #18,377.83855128,17593,Swanston St/Bourke St #6,656.03804169,32280,33180,900
rmit_city,20616,Collingwood (Vic.),2026-10-08,3,03-86--5-T5-142608052,tram,86,Bundoora RMIT - Waterfront City Docklands,6127,Hodgson St/Smith St #18,377.83855128,17593,Swanston St/Bourke St #6,656.03804169,25740,26520,780
rmit_city,20616,Collingwood (Vic.),2026-10-08,4,14-200--1-MF76-200895,bus,200,City - Bulleen via Key Junction,1245,Wellington St/Johnston St,290.44961639,19531,La Trobe St/Russell St,347.22144049,32220,33300,1080
rmit_city,20616,Collingwood (Vic.),2026-10-08,4,14-200--1-MF76-200911,bus,200,City - Bulleen via Key Junction,1245,Wellington St/Johnston St,290.44961639,19531,La Trobe St/Russell St,347.22144049,31140,32220,1080
rmit_city,20616,Collingwood (Vic.),2026-10-08,4,14-207--1-MF76-208071,bus,207,City - Doncaster Shopping Centre via Kew Junction,1245,Wellington St/Johnston St,290.44961639,19531,La Trobe St/Russell St,347.22144049,25320,25980,660
rmit_city,20616,Collingwood (Vic.),2026-10-08,4,14-207--1-MF76-208090,bus,207,City - Doncaster Shopping Centre via Kew Junction,1245,Wellington St/Johnston St,290.44961639,19531,La Trobe St/Russell St,347.22144049,29280,30360,1080
rmit_city,20616,Collingwood (Vic.),2026-10-08,4,14-207--1-MF76-208091,bus,207,City - Doncaster Shopping Centre via Kew Junction,1245,Wellington St/Johnston St,290.44961639,19531,La Trobe St/Russell St,347.22144049,31500,32580,1080
rmit_city,20616,Collingwood (Vic.),2026-10-08,4,14-207--1-MF76-208098,bus,207,City - Doncaster Shopping Centre via Kew Junction,1245,Wellington St/Johnston St,290.44961639,19531,La Trobe St/Russell St,347.22144049,26640,27420,780
rmit_city,20616,Collingwood (Vic.),2026-10-08,4,14-302--1-MF76-302834,bus,302,City - Box Hill Station via Belmore Rd and Eastern Fwy,1131,Vere St/Hoddle St,407.29490359,19545,Melbourne Central/Lonsdale St,435.17422349,29460,30360,900
rmit_city,20616,Collingwood (Vic.),2026-10-08,4,14-302--1-MF76-302839,bus,302,City - Box Hill Station via Belmore Rd and Eastern Fwy,1131,Vere St/Hoddle St,407.29490359,19545,Melbourne Central/Lonsdale St,435.17422349,31860,32820,960
rmit_city,20616,Collingwood (Vic.),2026-10-08,4,14-302--1-MF76-302845,bus,302,City - Box Hill Station via Belmore Rd and Eastern Fwy,1131,Vere St/Hoddle St,407.29490359,19545,Melbourne Central/Lonsdale St,435.17422349,28800,29640,840
rmit_city,20616,Collingwood (Vic.),2026-10-08,4,14-302--1-MF76-302849,bus,302,City - Box Hill Station via Belmore Rd and Eastern Fwy,1131,Vere St/Hoddle St,407.29490359,19545,Melbourne Central/Lonsdale St,435.17422349,30660,31560,900
rmit_city,20616,Collingwood (Vic.),2026-10-08,4,14-302--1-MF76-302927,bus,302,City - Box Hill Station via Belmore Rd and Eastern Fwy,1131,Vere St/Hoddle St,407.29490359,19545,Melbourne Central/Lonsdale St,435.17422349,30840,31800,960
rmit_city,20616,Collingwood (Vic.),2026-10-08,4,14-303--1-MF76-303020,bus,303,City - Ringwood North via Park Rd,1131,Vere St/Hoddle St,407.29490359,19545,Melbourne Central/Lonsdale St,435.17422349,25920,26640,720
rmit_city,20616,Collingwood (Vic.),2026-10-08,4,14-303--1-MF76-303021,bus,303,City - Ringwood North via Park Rd,1131,Vere St/Hoddle St,407.29490359,19545,Melbourne Central/Lonsdale St,435.17422349,27240,28020,780
rmit_city,20616,Collingwood (Vic.),2026-10-08,4,14-303--1-MF76-303022,bus,303,City - Ringwood North via Park Rd,1131,Vere St/Hoddle St,407.29490359,19545,Melbourne Central/Lonsdale St,435.17422349,29520,30360,840
rmit_city,20616,Collingwood (Vic.),2026-10-08,4,14-303--1-MF76-303023,bus,303,City - Ringwood North via Park Rd,1131,Vere St/Hoddle St,407.29490359,19545,Melbourne Central/Lonsdale St,435.17422349,30660,31500,840
rmit_city,20616,Collingwood (Vic.),2026-10-08,4,14-304--1-MF76-304528,bus,304,City - Doncaster SC via Belmore Rd and Eastern Fwy,1131,Vere St/Hoddle St,407.29490359,19545,Melbourne Central/Lonsdale St,435.17422349,32280,33300,1020
rmit_city,20616,Collingwood (Vic.),2026-10-08,4,14-304--1-MF76-304541,bus,304,City - Doncaster SC via Belmore Rd and Eastern Fwy,1131,Vere St/Hoddle St,407.29490359,19545,Melbourne Central/Lonsdale St,435.17422349,29220,30240,1020
rmit_city,20616,Collingwood (Vic.),2026-10-08,4,14-304--1-MF76-304548,bus,304,City - Doncaster SC via Belmore Rd and Eastern Fwy,1131,Vere St/Hoddle St,407.29490359,19545,Melbourne Central/Lonsdale St,435.17422349,27660,28560,900
rmit_city,20616,Collingwood (Vic.),2026-10-08,4,14-304--1-MF76-304553,bus,304,City - Doncaster SC via Belmore Rd and Eastern Fwy,1131,Vere St/Hoddle St,407.29490359,19545,Melbourne Central/Lonsdale St,435.17422349,31080,32100,1020
rmit_city,20616,Collingwood (Vic.),2026-10-08,4,14-305--1-MF76-306017,bus,305,City - The Pines SC via Eastern Fwy and George St,1131,Vere St/Hoddle St,407.29490359,19545,Melbourne Central/Lonsdale St,435.17422349,25860,26760,900
rmit_city,20616,Collingwood (Vic.),2026-10-08,4,14-305--1-MF76-306018,bus,305,City - The Pines SC via Eastern Fwy and George St,1131,Vere St/Hoddle St,407.29490359,19545,Melbourne Central/Lonsdale St,435.17422349,32340,33360,1020
rmit_city,20616,Collingwood (Vic.),2026-10-08,4,14-305--1-MF76-306020,bus,305,City - The Pines SC via Eastern Fwy and George St,1131,Vere St/Hoddle St,407.29490359,19545,Melbourne Central/Lonsdale St,435.17422349,26820,27720,900
rmit_city,20616,Collingwood (Vic.),2026-10-08,4,14-305--1-MF76-306021,bus,305,City - The Pines SC via Eastern Fwy and George St,1131,Vere St/Hoddle St,407.29490359,19545,Melbourne Central/Lonsdale St,435.17422349,27960,28980,1020
rmit_city,20616,Collingwood (Vic.),2026-10-08,4,14-305--1-MF76-306022,bus,305,City - The Pines SC via Eastern Fwy and George St,1131,Vere St/Hoddle St,407.29490359,19545,Melbourne Central/Lonsdale St,435.17422349,29220,30300,1080
rmit_city,20616,Collingwood (Vic.),2026-10-08,4,14-305--1-MF76-306024,bus,305,City - The Pines SC via Eastern Fwy and George St,1131,Vere St/Hoddle St,407.29490359,19545,Melbourne Central/Lonsdale St,435.17422349,31680,32760,1080
rmit_city,20616,Collingwood (Vic.),2026-10-08,4,14-305--1-MF76-306025,bus,305,City - The Pines SC via Eastern Fwy and George St,1131,Vere St/Hoddle St,407.29490359,19545,Melbourne Central/Lonsdale St,435.17422349,29880,30960,1080
rmit_city,20616,Collingwood (Vic.),2026-10-08,4,14-309--1-MF76-309064,bus,309,City - The Pines SC via Eastern Fwy and Reynolds Rd,1131,Vere St/Hoddle St,407.29490359,19545,Melbourne Central/Lonsdale St,435.17422349,29340,30300,960
rmit_city,20616,Collingwood (Vic.),2026-10-08,4,14-309--1-MF76-309065,bus,309,City - The Pines SC via Eastern Fwy and Reynolds Rd,1131,Vere St/Hoddle St,407.29490359,19545,Melbourne Central/Lonsdale St,435.17422349,27240,28020,780
rmit_city,20616,Collingwood (Vic.),2026-10-08,4,14-309--1-MF76-309067,bus,309,City - The Pines SC via Eastern Fwy and Reynolds Rd,1131,Vere St/Hoddle St,407.29490359,19545,Melbourne Central/Lonsdale St,435.17422349,28740,29700,960
rmit_city,20616,Collingwood (Vic.),2026-10-08,4,14-309--1-MF76-309068,bus,309,City - The Pines SC via Eastern Fwy and Reynolds Rd,1131,Vere St/Hoddle St,407.29490359,19545,Melbourne Central/Lonsdale St,435.17422349,29940,30900,960
rmit_city,20616,Collingwood (Vic.),2026-10-08,4,14-309--1-MF76-309069,bus,309,City - The Pines SC via Eastern Fwy and Reynolds Rd,1131,Vere St/Hoddle St,407.29490359,19545,Melbourne Central/Lonsdale St,435.17422349,26220,26940,720
rmit_city,20616,Collingwood (Vic.),2026-10-08,4,14-309--1-MF76-309070,bus,309,City - The Pines SC via Eastern Fwy and Reynolds Rd,1131,Vere St/Hoddle St,407.29490359,19545,Melbourne Central/Lonsdale St,435.17422349,28020,28860,840
rmit_city,20616,Collingwood (Vic.),2026-10-08,4,14-318--1-MF76-318037,bus,318,City - Deep Creek,1131,Vere St/Hoddle St,407.29490359,19545,Melbourne Central/Lonsdale St,435.17422349,28140,29160,1020
rmit_city,20616,Collingwood (Vic.),2026-10-08,4,14-318--1-MF76-318038,bus,318,City - Deep Creek,1131,Vere St/Hoddle St,407.29490359,19545,Melbourne Central/Lonsdale St,435.17422349,31620,32580,960
rmit_city,20616,Collingwood (Vic.),2026-10-08,4,14-318--1-MF76-318039,bus,318,City - Deep Creek,1131,Vere St/Hoddle St,407.29490359,19545,Melbourne Central/Lonsdale St,435.17422349,29280,30240,960
rmit_city,20616,Collingwood (Vic.),2026-10-08,4,14-318--1-MF76-318040,bus,318,City - Deep Creek,1131,Vere St/Hoddle St,407.29490359,19545,Melbourne Central/Lonsdale St,435.17422349,30180,31140,960
rmit_city,20616,Collingwood (Vic.),2026-10-08,4,14-905--1-MF76-906442,bus,905,City - The Pines SC via Eastern Fwy and Thompsons Rd,1131,Vere St/Hoddle St,407.29490359,19545,Melbourne Central/Lonsdale St,435.17422349,26220,27000,780
rmit_city,20616,Collingwood (Vic.),2026-10-08,4,14-905--1-MF76-906443,bus,905,City - The Pines SC via Eastern Fwy and Thompsons Rd,1131,Vere St/Hoddle St,407.29490359,19545,Melbourne Central/Lonsdale St,435.17422349,31920,32940,1020
rmit_city,20616,Collingwood (Vic.),2026-10-08,4,14-905--1-MF76-906449,bus,905,City - The Pines SC via Eastern Fwy and Thompsons Rd,1131,Vere St/Hoddle St,407.29490359,19545,Melbourne Central/Lonsdale St,435.17422349,27540,28440,900
rmit_city,20616,Collingwood (Vic.),2026-10-08,4,14-905--1-MF76-906452,bus,905,City - The Pines SC via Eastern Fwy and Thompsons Rd,1131,Vere St/Hoddle St,407.29490359,19545,Melbourne Central/Lonsdale St,435.17422349,28320,29280,960
rmit_city,20616,Collingwood (Vic.),2026-10-08,4,14-905--1-MF76-906454,bus,905,City - The Pines SC via Eastern Fwy and Thompsons Rd,1131,Vere St/Hoddle St,407.29490359,19545,Melbourne Central/Lonsdale St,435.17422349,30360,31440,1080
rmit_city,20616,Collingwood (Vic.),2026-10-08,4,14-905--1-MF76-906456,bus,905,City - The Pines SC via Eastern Fwy and Thompsons Rd,1132,Truro St/Hoddle St,664.86306867,19545,Melbourne Central/Lonsdale St,435.17422349,32340,33480,1140
rmit_city,20616,Collingwood (Vic.),2026-10-08,4,14-905--1-MF76-906460,bus,905,City - The Pines SC via Eastern Fwy and Thompsons Rd,1131,Vere St/Hoddle St,407.29490359,19545,Melbourne Central/Lonsdale St,435.17422349,31020,32100,1080
rmit_city,20616,Collingwood (Vic.),2026-10-08,4,14-905--1-MF76-906485,bus,905,City - The Pines SC via Eastern Fwy and Thompsons Rd,1131,Vere St/Hoddle St,407.29490359,19545,Melbourne Central/Lonsdale St,435.17422349,29220,30240,1020
rmit_city,20616,Collingwood (Vic.),2026-10-08,4,14-905--1-MF76-906492,bus,905,City - The Pines SC via Eastern Fwy and Thompsons Rd,1131,Vere St/Hoddle St,407.29490359,19545,Melbourne Central/Lonsdale St,435.17422349,31500,32580,1080
rmit_city,20616,Collingwood (Vic.),2026-10-08,4,14-905--1-MF76-906605,bus,905,City - The Pines SC via Eastern Fwy and Thompsons Rd,1131,Vere St/Hoddle St,407.29490359,19545,Melbourne Central/Lonsdale St,435.17422349,27960,28860,900
rmit_city,20616,Collingwood (Vic.),2026-10-08,4,14-905--1-MF76-906606,bus,905,City - The Pines SC via Eastern Fwy and Thompsons Rd,1131,Vere St/Hoddle St,407.29490359,19545,Melbourne Central/Lonsdale St,435.17422349,29700,30780,1080
rmit_city,20616,Collingwood (Vic.),2026-10-08,4,14-905--1-MF76-906607,bus,905,City - The Pines SC via Eastern Fwy and Thompsons Rd,1131,Vere St/Hoddle St,407.29490359,19545,Melbourne Central/Lonsdale St,435.17422349,28740,29760,1020
rmit_city,20616,Collingwood (Vic.),2026-10-08,4,14-906--1-MF76-906678,bus,906,"City (King St) - Warrandyte via Eastern Fwy, The Pines Shopping Centre",1131,Vere St/Hoddle St,407.29490359,19545,Melbourne Central/Lonsdale St,435.17422349,29700,30720,1020
rmit_city,20616,Collingwood (Vic.),2026-10-08,4,14-906--1-MF76-906681,bus,906,"City (King St) - Warrandyte via Eastern Fwy, The Pines Shopping Centre",1131,Vere St/Hoddle St,407.29490359,19545,Melbourne Central/Lonsdale St,435.17422349,31140,32160,1020
rmit_city,20616,Collingwood (Vic.),2026-10-08,4,14-906--1-MF76-906685,bus,906,"City (King St) - Warrandyte via Eastern Fwy, The Pines Shopping Centre",1132,Truro St/Hoddle St,664.86306867,19545,Melbourne Central/Lonsdale St,435.17422349,32340,33420,1080
rmit_city,20616,Collingwood (Vic.),2026-10-08,4,14-906--1-MF76-906689,bus,906,"City (King St) - Warrandyte via Eastern Fwy, The Pines Shopping Centre",1131,Vere St/Hoddle St,407.29490359,19545,Melbourne Central/Lonsdale St,435.17422349,27120,27960,840
rmit_city,20616,Collingwood (Vic.),2026-10-08,4,14-906--1-MF76-906700,bus,906,"City (King St) - Warrandyte via Eastern Fwy, The Pines Shopping Centre",1131,Vere St/Hoddle St,407.29490359,19545,Melbourne Central/Lonsdale St,435.17422349,30660,31680,1020
rmit_city,20616,Collingwood (Vic.),2026-10-08,4,14-906--1-MF76-906710,bus,906,"City (King St) - Warrandyte via Eastern Fwy, The Pines Shopping Centre",1131,Vere St/Hoddle St,407.29490359,19545,Melbourne Central/Lonsdale St,435.17422349,28980,29880,900
rmit_city,20616,Collingwood (Vic.),2026-10-08,4,14-906--1-MF76-906720,bus,906,"City (King St) - Warrandyte via Eastern Fwy, The Pines Shopping Centre",1131,Vere St/Hoddle St,407.29490359,19545,Melbourne Central/Lonsdale St,435.17422349,25260,25920,660
rmit_city,20616,Collingwood (Vic.),2026-10-08,4,14-906--1-MF76-906725,bus,906,"City (King St) - Warrandyte via Eastern Fwy, The Pines Shopping Centre",1131,Vere St/Hoddle St,407.29490359,19545,Melbourne Central/Lonsdale St,435.17422349,31980,33000,1020
rmit_city,20616,Collingwood (Vic.),2026-10-08,4,14-906--1-MF76-906728,bus,906,"City (King St) - Warrandyte via Eastern Fwy, The Pines Shopping Centre",1131,Vere St/Hoddle St,407.29490359,19545,Melbourne Central/Lonsdale St,435.17422349,30060,31080,1020
rmit_city,20616,Collingwood (Vic.),2026-10-08,4,14-906--1-MF76-907145,bus,906,"City (King St) - Warrandyte via Eastern Fwy, The Pines Shopping Centre",1131,Vere St/Hoddle St,407.29490359,19545,Melbourne Central/Lonsdale St,435.17422349,32100,33120,1020
rmit_city,20616,Collingwood (Vic.),2026-10-08,4,14-906--1-MF76-907146,bus,906,"City (King St) - Warrandyte via Eastern Fwy, The Pines Shopping Centre",1131,Vere St/Hoddle St,407.29490359,19545,Melbourne Central/Lonsdale St,435.17422349,28080,28920,840
rmit_city,20616,Collingwood (Vic.),2026-10-08,4,14-906--1-MF76-907147,bus,906,"City (King St) - Warrandyte via Eastern Fwy, The Pines Shopping Centre",1131,Vere St/Hoddle St,407.29490359,19545,Melbourne Central/Lonsdale St,435.17422349,30360,31380,1020
rmit_city,20616,Collingwood (Vic.),2026-10-08,4,14-906--1-MF76-907148,bus,906,"City (King St) - Warrandyte via Eastern Fwy, The Pines Shopping Centre",1131,Vere St/Hoddle St,407.29490359,19545,Melbourne Central/Lonsdale St,435.17422349,30840,31860,1020
rmit_city,20616,Collingwood (Vic.),2026-10-08,4,14-906--1-MF76-907149,bus,906,"City (King St) - Warrandyte via Eastern Fwy, The Pines Shopping Centre",1131,Vere St/Hoddle St,407.29490359,19545,Melbourne Central/Lonsdale St,435.17422349,29340,30360,1020
rmit_city,20616,Collingwood (Vic.),2026-10-08,4,14-906--1-MF76-907150,bus,906,"City (King St) - Warrandyte via Eastern Fwy, The Pines Shopping Centre",1131,Vere St/Hoddle St,407.29490359,19545,Melbourne Central/Lonsdale St,435.17422349,31320,32340,1020
rmit_city,20616,Collingwood (Vic.),2026-10-08,4,14-907--1-MF76-908171,bus,907,City - Mitcham via Eastern Fwy and Doncaster Rd,1131,Vere St/Hoddle St,407.29490359,19545,Melbourne Central/Lonsdale St,435.17422349,26340,27180,840
rmit_city,20616,Collingwood (Vic.),2026-10-08,4,14-907--1-MF76-908179,bus,907,City - Mitcham via Eastern Fwy and Doncaster Rd,1131,Vere St/Hoddle St,407.29490359,19545,Melbourne Central/Lonsdale St,435.17422349,28560,29580,1020
rmit_city,20616,Collingwood (Vic.),2026-10-08,4,14-907--1-MF76-908184,bus,907,City - Mitcham via Eastern Fwy and Doncaster Rd,1131,Vere St/Hoddle St,407.29490359,19545,Melbourne Central/Lonsdale St,435.17422349,30960,32040,1080
rmit_city,20616,Collingwood (Vic.),2026-10-08,4,14-907--1-MF76-908187,bus,907,City - Mitcham via Eastern Fwy and Doncaster Rd,1131,Vere St/Hoddle St,407.29490359,19545,Melbourne Central/Lonsdale St,435.17422349,30120,31200,1080
rmit_city,20616,Collingwood (Vic.),2026-10-08,4,14-907--1-MF76-908191,bus,907,City - Mitcham via Eastern Fwy and Doncaster Rd,1131,Vere St/Hoddle St,407.29490359,19545,Melbourne Central/Lonsdale St,435.17422349,25680,26520,840
rmit_city,20616,Collingwood (Vic.),2026-10-08,4,14-907--1-MF76-908193,bus,907,City - Mitcham via Eastern Fwy and Doncaster Rd,1131,Vere St/Hoddle St,407.29490359,19545,Melbourne Central/Lonsdale St,435.17422349,30480,31560,1080
rmit_city,20616,Collingwood (Vic.),2026-10-08,4,14-907--1-MF76-908195,bus,907,City - Mitcham via Eastern Fwy and Doncaster Rd,1131,Vere St/Hoddle St,407.29490359,19545,Melbourne Central/Lonsdale St,435.17422349,27840,28800,960
rmit_city,20616,Collingwood (Vic.),2026-10-08,4,14-907--1-MF76-908214,bus,907,City - Mitcham via Eastern Fwy and Doncaster Rd,1131,Vere St/Hoddle St,407.29490359,19545,Melbourne Central/Lonsdale St,435.17422349,32340,33300,960
rmit_city,20616,Collingwood (Vic.),2026-10-08,4,14-907--1-MF76-908220,bus,907,City - Mitcham via Eastern Fwy and Doncaster Rd,1131,Vere St/Hoddle St,407.29490359,19545,Melbourne Central/Lonsdale St,435.17422349,31440,32520,1080
rmit_city,20616,Collingwood (Vic.),2026-10-08,4,14-907--1-MF76-908221,bus,907,City - Mitcham via Eastern Fwy and Doncaster Rd,1131,Vere St/Hoddle St,407.29490359,19545,Melbourne Central/Lonsdale St,435.17422349,31800,32820,1020
rmit_city,20616,Collingwood (Vic.),2026-10-08,4,14-907--1-MF76-908226,bus,907,City - Mitcham via Eastern Fwy and Doncaster Rd,1131,Vere St/Hoddle St,407.29490359,19545,Melbourne Central/Lonsdale St,435.17422349,29220,30180,960
rmit_city,20616,Collingwood (Vic.),2026-10-08,4,14-907--1-MF76-908232,bus,907,City - Mitcham via Eastern Fwy and Doncaster Rd,1131,Vere St/Hoddle St,407.29490359,19545,Melbourne Central/Lonsdale St,435.17422349,29640,30660,1020
rmit_city,20616,Collingwood (Vic.),2026-10-08,4,14-907--1-MF76-908236,bus,907,City - Mitcham via Eastern Fwy and Doncaster Rd,1131,Vere St/Hoddle St,407.29490359,19545,Melbourne Central/Lonsdale St,435.17422349,27000,27960,960
rmit_city,20616,Collingwood (Vic.),2026-10-08,4,14-907--1-MF76-908689,bus,907,City - Mitcham via Eastern Fwy and Doncaster Rd,1131,Vere St/Hoddle St,407.29490359,19545,Melbourne Central/Lonsdale St,435.17422349,28200,29160,960
rmit_city,20616,Collingwood (Vic.),2026-10-08,4,14-907--1-MF76-908690,bus,907,City - Mitcham via Eastern Fwy and Doncaster Rd,1131,Vere St/Hoddle St,407.29490359,19545,Melbourne Central/Lonsdale St,435.17422349,26700,27540,840
rmit_city,20616,Collingwood (Vic.),2026-10-08,4,14-908--1-MF76-908098,bus,908,City - The Pines SC via Eastern Fwy and High St,1131,Vere St/Hoddle St,407.29490359,19545,Melbourne Central/Lonsdale St,435.17422349,30000,31080,1080
rmit_city,20616,Collingwood (Vic.),2026-10-08,4,14-908--1-MF76-908100,bus,908,City - The Pines SC via Eastern Fwy and High St,1131,Vere St/Hoddle St,407.29490359,19545,Melbourne Central/Lonsdale St,435.17422349,28980,29940,960
rmit_city,20616,Collingwood (Vic.),2026-10-08,4,14-908--1-MF76-908101,bus,908,City - The Pines SC via Eastern Fwy and High St,1131,Vere St/Hoddle St,407.29490359,19545,Melbourne Central/Lonsdale St,435.17422349,29640,30660,1020
rmit_city,20616,Collingwood (Vic.),2026-10-08,4,14-908--1-MF76-908102,bus,908,City - The Pines SC via Eastern Fwy and High St,1131,Vere St/Hoddle St,407.29490359,19545,Melbourne Central/Lonsdale St,435.17422349,25440,26220,780
rmit_city,20616,Collingwood (Vic.),2026-10-08,4,14-908--1-MF76-908103,bus,908,City - The Pines SC via Eastern Fwy and High St,1293,Johnston St/Hoddle St,463.93168313,19545,Melbourne Central/Lonsdale St,435.17422349,32340,33300,960
rmit_city,20616,Collingwood (Vic.),2026-10-08,4,14-908--1-MF76-908104,bus,908,City - The Pines SC via Eastern Fwy and High St,1131,Vere St/Hoddle St,407.29490359,19545,Melbourne Central/Lonsdale St,435.17422349,26100,26880,780
rmit_city,20616,Collingwood (Vic.),2026-10-08,4,14-908--1-MF76-908105,bus,908,City - The Pines SC via Eastern Fwy and High St,1131,Vere St/Hoddle St,407.29490359,19545,Melbourne Central/Lonsdale St,435.17422349,31980,32940,960
rmit_city,20616,Collingwood (Vic.),2026-10-08,4,14-908--1-MF76-908108,bus,908,City - The Pines SC via Eastern Fwy and High St,1131,Vere St/Hoddle St,407.29490359,19545,Melbourne Central/Lonsdale St,435.17422349,30660,31740,1080
rmit_city,20616,Collingwood (Vic.),2026-10-08,4,14-908--1-MF76-908112,bus,908,City - The Pines SC via Eastern Fwy and High St,1131,Vere St/Hoddle St,407.29490359,19545,Melbourne Central/Lonsdale St,435.17422349,26940,27780,840
rmit_city,20616,Collingwood (Vic.),2026-10-08,4,14-908--1-MF76-908115,bus,908,City - The Pines SC via Eastern Fwy and High St,1131,Vere St/Hoddle St,407.29490359,19545,Melbourne Central/Lonsdale St,435.17422349,31620,32700,1080
rmit_city,20616,Collingwood (Vic.),2026-10-08,4,17-200--1-MF62-200810,bus,200,City - Bulleen via Key Junction,1245,Wellington St/Johnston St,290.44961639,19531,La Trobe St/Russell St,347.22144049,28800,29820,1020
rmit_city,20616,Collingwood (Vic.),2026-10-08,4,17-200--1-MF62-200812,bus,200,City - Bulleen via Key Junction,1245,Wellington St/Johnston St,290.44961639,19531,La Trobe St/Russell St,347.22144049,29640,30720,1080
rmit_city,20616,Collingwood (Vic.),2026-10-08,4,17-200--1-MF62-200813,bus,200,City - Bulleen via Key Junction,1245,Wellington St/Johnston St,290.44961639,19531,La Trobe St/Russell St,347.22144049,26040,26820,780
rmit_city,20616,Collingwood (Vic.),2026-10-08,4,17-200--1-MF62-200816,bus,200,City - Bulleen via Key Junction,1245,Wellington St/Johnston St,290.44961639,19531,La Trobe St/Russell St,347.22144049,27300,28080,780
rmit_city,20616,Collingwood (Vic.),2026-10-08,4,17-200--1-MF62-200821,bus,200,City - Bulleen via Key Junction,1245,Wellington St/Johnston St,290.44961639,19531,La Trobe St/Russell St,347.22144049,28020,28920,900
rmit_city,20616,Collingwood (Vic.),2026-10-08,4,17-207--1-MF62-207146,bus,207,City - Doncaster Shopping Centre via Kew Junction,1245,Wellington St/Johnston St,290.44961639,19531,La Trobe St/Russell St,347.22144049,30300,31380,1080
rmit_city,20616,Collingwood (Vic.),2026-10-08,4,17-207--1-MF62-207147,bus,207,City - Doncaster Shopping Centre via Kew Junction,1245,Wellington St/Johnston St,290.44961639,19531,La Trobe St/Russell St,347.22144049,27600,28500,900
rmit_city,20616,Collingwood (Vic.),2026-10-08,4,17-207--1-MF62-207151,bus,207,City - Doncaster Shopping Centre via Kew Junction,1245,Wellington St/Johnston St,290.44961639,19531,La Trobe St/Russell St,347.22144049,28260,29220,960
rmit_city,20616,Collingwood (Vic.),2026-10-08,4,17-302--1-MF62-302112,bus,302,City - Box Hill Station via Belmore Rd and Eastern Fwy,1131,Vere St/Hoddle St,407.29490359,19545,Melbourne Central/Lonsdale St,435.17422349,31260,32220,960
rmit_city,20616,Collingwood (Vic.),2026-10-08,4,17-302--1-MF62-302113,bus,302,City - Box Hill Station via Belmore Rd and Eastern Fwy,1131,Vere St/Hoddle St,407.29490359,19545,Melbourne Central/Lonsdale St,435.17422349,25800,26520,720
rmit_city,20616,Collingwood (Vic.),2026-10-08,4,17-302--1-MF62-302116,bus,302,City - Box Hill Station via Belmore Rd and Eastern Fwy,1132,Truro St/Hoddle St,664.86306867,19545,Melbourne Central/Lonsdale St,435.17422349,32340,33420,1080
rmit_city,20616,Collingwood (Vic.),2026-10-08,4,17-302--1-MF62-302118,bus,302,City - Box Hill Station via Belmore Rd and Eastern Fwy,1131,Vere St/Hoddle St,407.29490359,19545,Melbourne Central/Lonsdale St,435.17422349,28020,28860,840
rmit_city,20616,Collingwood (Vic.),2026-10-08,4,17-302--1-MF62-302121,bus,302,City - Box Hill Station via Belmore Rd and Eastern Fwy,1131,Vere St/Hoddle St,407.29490359,19545,Melbourne Central/Lonsdale St,435.17422349,30060,30960,900
rmit_city,20616,Collingwood (Vic.),2026-10-08,4,17-302--1-MF62-302122,bus,302,City - Box Hill Station via Belmore Rd and Eastern Fwy,1131,Vere St/Hoddle St,407.29490359,19545,Melbourne Central/Lonsdale St,435.17422349,27120,27960,840
rmit_city,20616,Collingwood (Vic.),2026-10-08,4,17-304--1-MF62-304742,bus,304,City - Doncaster SC via Belmore Rd and Eastern Fwy,1131,Vere St/Hoddle St,407.29490359,19545,Melbourne Central/Lonsdale St,435.17422349,31680,32700,1020
rmit_city,20616,Collingwood (Vic.),2026-10-08,4,17-304--1-MF62-304743,bus,304,City - Doncaster SC via Belmore Rd and Eastern Fwy,1131,Vere St/Hoddle St,407.29490359,19545,Melbourne Central/Lonsdale St,435.17422349,30420,31440,1020
rmit_city,20616,Collingwood (Vic.),2026-10-08,4,17-304--1-MF62-304744,bus,304,City - Doncaster SC via Belmore Rd and Eastern Fwy,1131,Vere St/Hoddle St,407.29490359,19545,Melbourne Central/Lonsdale St,435.17422349,26580,27420,840
rmit_city,20616,Collingwood (Vic.),2026-10-08,4,17-304--1-MF62-304745,bus,304,City - Doncaster SC via Belmore Rd and Eastern Fwy,1131,Vere St/Hoddle St,407.29490359,19545,Melbourne Central/Lonsdale St,435.17422349,28500,29400,900
rmit_city,20616,Collingwood (Vic.),2026-10-08,4,17-304--1-MF62-304746,bus,304,City - Doncaster SC via Belmore Rd and Eastern Fwy,1131,Vere St/Hoddle St,407.29490359,19545,Melbourne Central/Lonsdale St,435.17422349,29820,30840,1020
rmit_city,20616,Collingwood (Vic.),2026-10-08,4,17-305--1-MF62-305781,bus,305,City - The Pines SC via Eastern Fwy and George St,1131,Vere St/Hoddle St,407.29490359,19545,Melbourne Central/Lonsdale St,435.17422349,30780,31860,1080
rmit_city,20616,Collingwood (Vic.),2026-10-08,4,17-305--1-MF62-305788,bus,305,City - The Pines SC via Eastern Fwy and George St,1131,Vere St/Hoddle St,407.29490359,19545,Melbourne Central/Lonsdale St,435.17422349,28740,29760,1020
rmit_city,20616,Collingwood (Vic.),2026-10-08,4,17-305--1-MF62-305789,bus,305,City - The Pines SC via Eastern Fwy and George St,1131,Vere St/Hoddle St,407.29490359,19545,Melbourne Central/Lonsdale St,435.17422349,27480,28440,960
rmit_city,20616,Collingwood (Vic.),2026-10-08,4,17-309--1-MF62-309021,bus,309,City - The Pines SC via Eastern Fwy and Reynolds Rd,1131,Vere St/Hoddle St,407.29490359,19545,Melbourne Central/Lonsdale St,435.17422349,30840,31740,900
rmit_city,20616,Collingwood (Vic.),2026-10-08,4,17-350--1-MF62-350100,bus,350,City - La Trobe University via Eastern Fwy,1131,Vere St/Hoddle St,407.29490359,19545,Melbourne Central/Lonsdale St,435.17422349,26160,26940,780
rmit_city,20616,Collingwood (Vic.),2026-10-08,4,17-350--1-MF62-350107,bus,350,City - La Trobe University via Eastern Fwy,1131,Vere St/Hoddle St,407.29490359,19545,Melbourne Central/Lonsdale St,435.17422349,29700,30660,960
rmit_city,20616,Collingwood (Vic.),2026-10-08,4,17-350--1-MF62-350112,bus,350,City - La Trobe University via Eastern Fwy,1131,Vere St/Hoddle St,407.29490359,19545,Melbourne Central/Lonsdale St,435.17422349,28560,29520,960
rmit_city,20616,Collingwood (Vic.),2026-10-08,4,17-350--1-MF62-350117,bus,350,City - La Trobe University via Eastern Fwy,1131,Vere St/Hoddle St,407.29490359,19545,Melbourne Central/Lonsdale St,435.17422349,31020,32040,1020
rmit_city,20616,Collingwood (Vic.),2026-10-08,4,17-350--1-MF62-350123,bus,350,City - La Trobe University via Eastern Fwy,1131,Vere St/Hoddle St,407.29490359,19545,Melbourne Central/Lonsdale St,435.17422349,27480,28380,900
rmit_city,20616,Collingwood (Vic.),2026-10-08,4,17-350--1-MF62-350124,bus,350,City - La Trobe University via Eastern Fwy,1131,Vere St/Hoddle St,407.29490359,19545,Melbourne Central/Lonsdale St,435.17422349,32280,33240,960
rmit_city,20616,Collingwood (Vic.),2026-10-08,4,17-905--1-MF62-905863,bus,905,City - The Pines SC via Eastern Fwy and Thompsons Rd,1131,Vere St/Hoddle St,407.29490359,19545,Melbourne Central/Lonsdale St,435.17422349,26880,27720,840
rmit_city,20616,Collingwood (Vic.),2026-10-08,4,17-905--1-MF62-905871,bus,905,City - The Pines SC via Eastern Fwy and Thompsons Rd,1131,Vere St/Hoddle St,407.29490359,19545,Melbourne Central/Lonsdale St,435.17422349,30000,31080,1080
rmit_city,20616,Collingwood (Vic.),2026-10-08,4,17-905--1-MF62-905917,bus,905,City - The Pines SC via Eastern Fwy and Thompsons Rd,1131,Vere St/Hoddle St,407.29490359,19545,Melbourne Central/Lonsdale St,435.17422349,30720,31800,1080
rmit_city,20616,Collingwood (Vic.),2026-10-08,4,17-906--1-MF62-906154,bus,906,"City (King St) - Warrandyte via Eastern Fwy, The Pines Shopping Centre",1131,Vere St/Hoddle St,407.29490359,19545,Melbourne Central/Lonsdale St,435.17422349,31620,32640,1020
rmit_city,20616,Collingwood (Vic.),2026-10-08,4,17-906--1-MF62-906156,bus,906,"City (King St) - Warrandyte via Eastern Fwy, The Pines Shopping Centre",1131,Vere St/Hoddle St,407.29490359,19545,Melbourne Central/Lonsdale St,435.17422349,27660,28500,840
rmit_city,20616,Collingwood (Vic.),2026-10-08,4,17-906--1-MF62-906159,bus,906,"City (King St) - Warrandyte via Eastern Fwy, The Pines Shopping Centre",1131,Vere St/Hoddle St,407.29490359,19545,Melbourne Central/Lonsdale St,435.17422349,28380,29220,840
rmit_city,20616,Collingwood (Vic.),2026-10-08,4,17-906--1-MF62-906160,bus,906,"City (King St) - Warrandyte via Eastern Fwy, The Pines Shopping Centre",1131,Vere St/Hoddle St,407.29490359,19545,Melbourne Central/Lonsdale St,435.17422349,26340,27060,720
rmit_city,20616,Collingwood (Vic.),2026-10-08,4,17-906--1-MF62-906766,bus,906,"City (King St) - Warrandyte via Eastern Fwy, The Pines Shopping Centre",1131,Vere St/Hoddle St,407.29490359,19545,Melbourne Central/Lonsdale St,435.17422349,28740,29640,900
rmit_city,20616,Collingwood (Vic.),2026-10-08,4,17-907--1-MF62-907040,bus,907,City - Mitcham via Eastern Fwy and Doncaster Rd,1131,Vere St/Hoddle St,407.29490359,19545,Melbourne Central/Lonsdale St,435.17422349,27540,28500,960
rmit_city,20616,Collingwood (Vic.),2026-10-08,4,17-907--1-MF62-907041,bus,907,City - Mitcham via Eastern Fwy and Doncaster Rd,1131,Vere St/Hoddle St,407.29490359,19545,Melbourne Central/Lonsdale St,435.17422349,29040,30000,960
rmit_city,20616,Collingwood (Vic.),2026-10-08,4,17-907--1-MF62-907042,bus,907,City - Mitcham via Eastern Fwy and Doncaster Rd,1131,Vere St/Hoddle St,407.29490359,19545,Melbourne Central/Lonsdale St,435.17422349,29940,31020,1080
rmit_city,20616,Collingwood (Vic.),2026-10-08,4,17-908--1-MF62-908045,bus,908,City - The Pines SC via Eastern Fwy and High St,1131,Vere St/Hoddle St,407.29490359,19545,Melbourne Central/Lonsdale St,435.17422349,28380,29340,960
rmit_city,20616,Collingwood (Vic.),2026-10-08,4,17-908--1-MF62-908046,bus,908,City - The Pines SC via Eastern Fwy and High St,1131,Vere St/Hoddle St,407.29490359,19545,Melbourne Central/Lonsdale St,435.17422349,27720,28680,960
rmit_city,20670,Cremorne (Vic.),2026-10-08,2,02-ALM--69-T5-2806,metropolitan_train,Alamein,Alamein Line,12260,Richmond Station,677.26688558,12198,Melbourne Central Station,185.46186821,25620,25920,300
rmit_city,20670,Cremorne (Vic.),2026-10-08,2,02-ALM--69-T5-2808,metropolitan_train,Alamein,Alamein Line,12260,Richmond Station,677.26688558,12198,Melbourne Central Station,185.46186821,26640,26940,300
rmit_city,20670,Cremorne (Vic.),2026-10-08,2,02-ALM--69-T5-2810,metropolitan_train,Alamein,Alamein Line,12260,Richmond Station,677.26688558,12198,Melbourne Central Station,185.46186821,27540,27840,300
rmit_city,20670,Cremorne (Vic.),2026-10-08,2,02-ALM--69-T5-2812,metropolitan_train,Alamein,Alamein Line,12260,Richmond Station,677.26688558,12198,Melbourne Central Station,185.46186821,28740,29040,300
rmit_city,20670,Cremorne (Vic.),2026-10-08,2,02-ALM--69-T5-2814,metropolitan_train,Alamein,Alamein Line,12260,Richmond Station,677.26688558,12198,Melbourne Central Station,185.46186821,30000,30300,300
rmit_city,20670,Cremorne (Vic.),2026-10-08,2,02-ALM--69-T5-2816,metropolitan_train,Alamein,Alamein Line,12260,Richmond Station,677.26688558,12198,Melbourne Central Station,185.46186821,31140,31440,300
rmit_city,20670,Cremorne (Vic.),2026-10-08,2,02-ALM--69-T5-2818,metropolitan_train,Alamein,Alamein Line,12260,Richmond Station,677.26688558,12198,Melbourne Central Station,185.46186821,32340,32640,300
rmit_city,20670,Cremorne (Vic.),2026-10-08,2,02-BEG--69-T5-3606,metropolitan_train,Belgrave,Belgrave Line,12260,Richmond Station,677.26688558,12198,Melbourne Central Station,185.46186821,25320,25620,300
rmit_city,20670,Cremorne (Vic.),2026-10-08,2,02-BEG--69-T5-3608,metropolitan_train,Belgrave,Belgrave Line,12260,Richmond Station,677.26688558,12198,Melbourne Central Station,185.46186821,26340,26640,300
rmit_city,20670,Cremorne (Vic.),2026-10-08,2,02-BEG--69-T5-3610,metropolitan_train,Belgrave,Belgrave Line,12260,Richmond Station,677.26688558,12198,Melbourne Central Station,185.46186821,26880,27180,300
rmit_city,20670,Cremorne (Vic.),2026-10-08,2,02-BEG--69-T5-3612,metropolitan_train,Belgrave,Belgrave Line,12260,Richmond Station,677.26688558,12198,Melbourne Central Station,185.46186821,27420,27720,300
rmit_city,20670,Cremorne (Vic.),2026-10-08,2,02-BEG--69-T5-3614,metropolitan_train,Belgrave,Belgrave Line,12260,Richmond Station,677.26688558,12198,Melbourne Central Station,185.46186821,28140,28440,300
rmit_city,20670,Cremorne (Vic.),2026-10-08,2,02-BEG--69-T5-3616,metropolitan_train,Belgrave,Belgrave Line,12260,Richmond Station,677.26688558,12198,Melbourne Central Station,185.46186821,28620,28920,300
rmit_city,20670,Cremorne (Vic.),2026-10-08,2,02-BEG--69-T5-3618,metropolitan_train,Belgrave,Belgrave Line,12260,Richmond Station,677.26688558,12198,Melbourne Central Station,185.46186821,29220,29520,300
rmit_city,20670,Cremorne (Vic.),2026-10-08,2,02-BEG--69-T5-3620,metropolitan_train,Belgrave,Belgrave Line,12260,Richmond Station,677.26688558,12198,Melbourne Central Station,185.46186821,29640,29940,300
rmit_city,20670,Cremorne (Vic.),2026-10-08,2,02-BEG--69-T5-3622,metropolitan_train,Belgrave,Belgrave Line,12260,Richmond Station,677.26688558,12198,Melbourne Central Station,185.46186821,30180,30480,300
rmit_city,20670,Cremorne (Vic.),2026-10-08,2,02-BEG--69-T5-3624,metropolitan_train,Belgrave,Belgrave Line,12260,Richmond Station,677.26688558,12198,Melbourne Central Station,185.46186821,30720,31020,300
rmit_city,20670,Cremorne (Vic.),2026-10-08,2,02-BEG--69-T5-3626,metropolitan_train,Belgrave,Belgrave Line,12260,Richmond Station,677.26688558,12198,Melbourne Central Station,185.46186821,31020,31320,300
rmit_city,20670,Cremorne (Vic.),2026-10-08,2,02-BEG--69-T5-3628,metropolitan_train,Belgrave,Belgrave Line,12260,Richmond Station,677.26688558,12198,Melbourne Central Station,185.46186821,31740,32040,300
rmit_city,20670,Cremorne (Vic.),2026-10-08,2,02-BEG--69-T5-3630,metropolitan_train,Belgrave,Belgrave Line,12260,Richmond Station,677.26688558,12198,Melbourne Central Station,185.46186821,32160,32460,300
rmit_city,20670,Cremorne (Vic.),2026-10-08,2,02-FKN--69-T5-4550,metropolitan_train,Frankston,Frankston Line,12255,Richmond Station,653.7113421,10923,Melbourne Central Station,179.55328522,26460,26820,360
rmit_city,20670,Cremorne (Vic.),2026-10-08,2,02-FKN--69-T5-4552,metropolitan_train,Frankston,Frankston Line,12255,Richmond Station,653.7113421,10923,Melbourne Central Station,179.55328522,27000,27360,360
rmit_city,20670,Cremorne (Vic.),2026-10-08,2,02-FKN--69-T5-4554,metropolitan_train,Frankston,Frankston Line,12255,Richmond Station,653.7113421,10923,Melbourne Central Station,179.55328522,27540,27900,360
rmit_city,20670,Cremorne (Vic.),2026-10-08,2,02-FKN--69-T5-4556,metropolitan_train,Frankston,Frankston Line,12255,Richmond Station,653.7113421,10923,Melbourne Central Station,179.55328522,28080,28440,360
rmit_city,20670,Cremorne (Vic.),2026-10-08,2,02-FKN--69-T5-4558,metropolitan_train,Frankston,Frankston Line,12255,Richmond Station,653.7113421,10923,Melbourne Central Station,179.55328522,28620,28980,360
rmit_city,20670,Cremorne (Vic.),2026-10-08,2,02-FKN--69-T5-4560,metropolitan_train,Frankston,Frankston Line,12255,Richmond Station,653.7113421,10923,Melbourne Central Station,179.55328522,29160,29520,360
rmit_city,20670,Cremorne (Vic.),2026-10-08,2,02-FKN--69-T5-4562,metropolitan_train,Frankston,Frankston Line,12255,Richmond Station,653.7113421,10923,Melbourne Central Station,179.55328522,29700,30060,360
rmit_city,20670,Cremorne (Vic.),2026-10-08,2,02-FKN--69-T5-4564,metropolitan_train,Frankston,Frankston Line,12255,Richmond Station,653.7113421,10923,Melbourne Central Station,179.55328522,30240,30600,360
rmit_city,20670,Cremorne (Vic.),2026-10-08,2,02-FKN--69-T5-4566,metropolitan_train,Frankston,Frankston Line,12255,Richmond Station,653.7113421,10923,Melbourne Central Station,179.55328522,30780,31140,360
rmit_city,20670,Cremorne (Vic.),2026-10-08,2,02-FKN--69-T5-4568,metropolitan_train,Frankston,Frankston Line,12255,Richmond Station,653.7113421,10923,Melbourne Central Station,179.55328522,31320,31680,360
rmit_city,20670,Cremorne (Vic.),2026-10-08,2,02-FKN--69-T5-4570,metropolitan_train,Frankston,Frankston Line,12255,Richmond Station,653.7113421,10923,Melbourne Central Station,179.55328522,31860,32220,360
rmit_city,20670,Cremorne (Vic.),2026-10-08,2,02-FKN--69-T5-4818,metropolitan_train,Frankston,Frankston Line,12255,Richmond Station,653.7113421,10923,Melbourne Central Station,179.55328522,25620,25980,360
rmit_city,20670,Cremorne (Vic.),2026-10-08,2,02-FKN--69-T5-4820,metropolitan_train,Frankston,Frankston Line,12255,Richmond Station,653.7113421,10923,Melbourne Central Station,179.55328522,26160,26520,360
rmit_city,20670,Cremorne (Vic.),2026-10-08,2,02-FKN--69-T5-4822,metropolitan_train,Frankston,Frankston Line,12255,Richmond Station,653.7113421,10923,Melbourne Central Station,179.55328522,26760,27120,360
rmit_city,20670,Cremorne (Vic.),2026-10-08,2,02-FKN--69-T5-4824,metropolitan_train,Frankston,Frankston Line,12255,Richmond Station,653.7113421,10923,Melbourne Central Station,179.55328522,27300,27660,360
rmit_city,20670,Cremorne (Vic.),2026-10-08,2,02-FKN--69-T5-4826,metropolitan_train,Frankston,Frankston Line,12255,Richmond Station,653.7113421,10923,Melbourne Central Station,179.55328522,27840,28200,360
rmit_city,20670,Cremorne (Vic.),2026-10-08,2,02-FKN--69-T5-4828,metropolitan_train,Frankston,Frankston Line,12255,Richmond Station,653.7113421,10923,Melbourne Central Station,179.55328522,28380,28740,360
rmit_city,20670,Cremorne (Vic.),2026-10-08,2,02-FKN--69-T5-4830,metropolitan_train,Frankston,Frankston Line,12255,Richmond Station,653.7113421,10923,Melbourne Central Station,179.55328522,28920,29280,360
rmit_city,20670,Cremorne (Vic.),2026-10-08,2,02-FKN--69-T5-4832,metropolitan_train,Frankston,Frankston Line,12255,Richmond Station,653.7113421,10923,Melbourne Central Station,179.55328522,29460,29820,360
rmit_city,20670,Cremorne (Vic.),2026-10-08,2,02-FKN--69-T5-4834,metropolitan_train,Frankston,Frankston Line,12255,Richmond Station,653.7113421,10923,Melbourne Central Station,179.55328522,30000,30360,360
rmit_city,20670,Cremorne (Vic.),2026-10-08,2,02-FKN--69-T5-4836,metropolitan_train,Frankston,Frankston Line,12255,Richmond Station,653.7113421,10923,Melbourne Central Station,179.55328522,30540,30900,360
rmit_city,20670,Cremorne (Vic.),2026-10-08,2,02-FKN--69-T5-4838,metropolitan_train,Frankston,Frankston Line,12255,Richmond Station,653.7113421,10923,Melbourne Central Station,179.55328522,31080,31440,360
rmit_city,20670,Cremorne (Vic.),2026-10-08,2,02-FKN--69-T5-4840,metropolitan_train,Frankston,Frankston Line,12255,Richmond Station,653.7113421,10923,Melbourne Central Station,179.55328522,31620,31980,360
rmit_city,20670,Cremorne (Vic.),2026-10-08,2,02-FKN--69-T5-4842,metropolitan_train,Frankston,Frankston Line,12255,Richmond Station,653.7113421,10923,Melbourne Central Station,179.55328522,32160,32520,360
rmit_city,20670,Cremorne (Vic.),2026-10-08,2,02-LIL--69-T5-3786,metropolitan_train,Lilydale,Lilydale Line,12260,Richmond Station,677.26688558,12198,Melbourne Central Station,185.46186821,26040,26340,300
rmit_city,20670,Cremorne (Vic.),2026-10-08,2,02-LIL--69-T5-3788,metropolitan_train,Lilydale,Lilydale Line,12260,Richmond Station,677.26688558,12198,Melbourne Central Station,185.46186821,27180,27480,300
rmit_city,20670,Cremorne (Vic.),2026-10-08,2,02-LIL--69-T5-3790,metropolitan_train,Lilydale,Lilydale Line,12260,Richmond Station,677.26688558,12198,Melbourne Central Station,185.46186821,27900,28200,300
rmit_city,20670,Cremorne (Vic.),2026-10-08,2,02-LIL--69-T5-3792,metropolitan_train,Lilydale,Lilydale Line,12260,Richmond Station,677.26688558,12198,Melbourne Central Station,185.46186821,28440,28740,300
rmit_city,20670,Cremorne (Vic.),2026-10-08,2,02-LIL--69-T5-3806,metropolitan_train,Lilydale,Lilydale Line,12260,Richmond Station,677.26688558,12198,Melbourne Central Station,185.46186821,25440,25740,300
rmit_city,20670,Cremorne (Vic.),2026-10-08,2,02-LIL--69-T5-3808,metropolitan_train,Lilydale,Lilydale Line,12260,Richmond Station,677.26688558,12198,Melbourne Central Station,185.46186821,26220,26520,300
rmit_city,20670,Cremorne (Vic.),2026-10-08,2,02-LIL--69-T5-3810,metropolitan_train,Lilydale,Lilydale Line,12260,Richmond Station,677.26688558,12198,Melbourne Central Station,185.46186821,27060,27360,300
rmit_city,20670,Cremorne (Vic.),2026-10-08,2,02-LIL--69-T5-3812,metropolitan_train,Lilydale,Lilydale Line,12260,Richmond Station,677.26688558,12198,Melbourne Central Station,185.46186821,27780,28080,300
rmit_city,20670,Cremorne (Vic.),2026-10-08,2,02-LIL--69-T5-3814,metropolitan_train,Lilydale,Lilydale Line,12260,Richmond Station,677.26688558,12198,Melbourne Central Station,185.46186821,28320,28620,300
rmit_city,20670,Cremorne (Vic.),2026-10-08,2,02-LIL--69-T5-3816,metropolitan_train,Lilydale,Lilydale Line,12260,Richmond Station,677.26688558,12198,Melbourne Central Station,185.46186821,28860,29160,300
rmit_city,20670,Cremorne (Vic.),2026-10-08,2,02-LIL--69-T5-3818,metropolitan_train,Lilydale,Lilydale Line,12260,Richmond Station,677.26688558,12198,Melbourne Central Station,185.46186821,29460,29760,300
rmit_city,20670,Cremorne (Vic.),2026-10-08,2,02-LIL--69-T5-3820,metropolitan_train,Lilydale,Lilydale Line,12260,Richmond Station,677.26688558,12198,Melbourne Central Station,185.46186821,29880,30180,300
rmit_city,20670,Cremorne (Vic.),2026-10-08,2,02-LIL--69-T5-3822,metropolitan_train,Lilydale,Lilydale Line,12260,Richmond Station,677.26688558,12198,Melbourne Central Station,185.46186821,30540,30840,300
rmit_city,20670,Cremorne (Vic.),2026-10-08,2,02-LIL--69-T5-3824,metropolitan_train,Lilydale,Lilydale Line,12260,Richmond Station,677.26688558,12198,Melbourne Central Station,185.46186821,31320,31620,300
rmit_city,20670,Cremorne (Vic.),2026-10-08,2,02-LIL--69-T5-3826,metropolitan_train,Lilydale,Lilydale Line,12260,Richmond Station,677.26688558,12198,Melbourne Central Station,185.46186821,31440,31740,300
rmit_city,20670,Cremorne (Vic.),2026-10-08,2,02-LIL--69-T5-3828,metropolitan_train,Lilydale,Lilydale Line,12260,Richmond Station,677.26688558,12198,Melbourne Central Station,185.46186821,31920,32220,300
rmit_city,20670,Cremorne (Vic.),2026-10-08,2,02-LIL--69-T5-3900,metropolitan_train,Lilydale,Lilydale Line,12260,Richmond Station,677.26688558,12198,Melbourne Central Station,185.46186821,29040,29340,300
rmit_city,20670,Cremorne (Vic.),2026-10-08,2,02-LIL--69-T5-3902,metropolitan_train,Lilydale,Lilydale Line,12260,Richmond Station,677.26688558,12198,Melbourne Central Station,185.46186821,29760,30060,300
rmit_city,20670,Cremorne (Vic.),2026-10-08,2,02-LIL--69-T5-3904,metropolitan_train,Lilydale,Lilydale Line,12260,Richmond Station,677.26688558,12198,Melbourne Central Station,185.46186821,30300,30600,300
rmit_city,20670,Cremorne (Vic.),2026-10-08,2,02-LIL--69-T5-3906,metropolitan_train,Lilydale,Lilydale Line,12260,Richmond Station,677.26688558,12198,Melbourne Central Station,185.46186821,30840,31140,300
rmit_city,20670,Cremorne (Vic.),2026-10-08,2,02-LIL--69-T5-3908,metropolitan_train,Lilydale,Lilydale Line,12260,Richmond Station,677.26688558,12198,Melbourne Central Station,185.46186821,32040,32340,300
rmit_city,20670,Cremorne (Vic.),2026-10-08,4,49-605--1-MF5-1069,bus,605,Gardenvale - City (Queen Victoria Market),20711,Dobson St/Alexandra Ave,419.22915998,47244,A'Beckett St/Queen St,414.3657922,30000,32220,2220
rmit_city,20670,Cremorne (Vic.),2026-10-08,4,49-605--1-MF5-1073,bus,605,Gardenvale - City (Queen Victoria Market),20711,Dobson St/Alexandra Ave,419.22915998,47244,A'Beckett St/Queen St,414.3657922,25860,27600,1740
rmit_city,20670,Cremorne (Vic.),2026-10-08,4,49-605--1-MF5-1148,bus,605,Gardenvale - City (Queen Victoria Market),20711,Dobson St/Alexandra Ave,419.22915998,47244,A'Beckett St/Queen St,414.3657922,29220,31440,2220
rmit_city,20670,Cremorne (Vic.),2026-10-08,4,49-605--1-MF5-1194,bus,605,Gardenvale - City (Queen Victoria Market),20711,Dobson St/Alexandra Ave,419.22915998,47244,A'Beckett St/Queen St,414.3657922,31920,33660,1740
rmit_city,20670,Cremorne (Vic.),2026-10-08,4,49-605--1-MF5-863,bus,605,Gardenvale - City (Queen Victoria Market),20711,Dobson St/Alexandra Ave,419.22915998,47244,A'Beckett St/Queen St,414.3657922,28080,30300,2220
rmit_city,20670,Cremorne (Vic.),2026-10-08,4,49-605--1-MF5-889,bus,605,Gardenvale - City (Queen Victoria Market),20711,Dobson St/Alexandra Ave,419.22915998,47244,A'Beckett St/Queen St,414.3657922,30960,32940,1980
rmit_city,20670,Cremorne (Vic.),2026-10-08,4,49-605--1-MF5-928,bus,605,Gardenvale - City (Queen Victoria Market),20711,Dobson St/Alexandra Ave,419.22915998,47244,A'Beckett St/Queen St,414.3657922,26760,28800,2040
rmit_city,20766,Docklands,2026-10-08,3,03-30--5-T5-142609313,tram,30,St Vincents Plaza - Central Pier Docklands,18052,Central Pier/Harbour Esp #D2,712.6129303,18046,Melbourne Central & State Library stations/La Trobe St (Melb... #6,240.62485381,25200,25740,540
rmit_city,20766,Docklands,2026-10-08,3,03-30--5-T5-142609314,tram,30,St Vincents Plaza - Central Pier Docklands,18052,Central Pier/Harbour Esp #D2,712.6129303,18046,Melbourne Central & State Library stations/La Trobe St (Melb... #6,240.62485381,25920,26460,540
rmit_city,20766,Docklands,2026-10-08,3,03-30--5-T5-142609315,tram,30,St Vincents Plaza - Central Pier Docklands,18052,Central Pier/Harbour Esp #D2,712.6129303,18046,Melbourne Central & State Library stations/La Trobe St (Melb... #6,240.62485381,26520,27120,600
rmit_city,20766,Docklands,2026-10-08,3,03-30--5-T5-142609316,tram,30,St Vincents Plaza - Central Pier Docklands,18052,Central Pier/Harbour Esp #D2,712.6129303,18046,Melbourne Central & State Library stations/La Trobe St (Melb... #6,240.62485381,27120,27720,600
rmit_city,20766,Docklands,2026-10-08,3,03-30--5-T5-142609317,tram,30,St Vincents Plaza - Central Pier Docklands,18052,Central Pier/Harbour Esp #D2,712.6129303,18046,Melbourne Central & State Library stations/La Trobe St (Melb... #6,240.62485381,27720,28320,600
rmit_city,20766,Docklands,2026-10-08,3,03-30--5-T5-142609318,tram,30,St Vincents Plaza - Central Pier Docklands,18052,Central Pier/Harbour Esp #D2,712.6129303,18046,Melbourne Central & State Library stations/La Trobe St (Melb... #6,240.62485381,28260,28860,600
rmit_city,20766,Docklands,2026-10-08,3,03-30--5-T5-142609319,tram,30,St Vincents Plaza - Central Pier Docklands,18052,Central Pier/Harbour Esp #D2,712.6129303,18046,Melbourne Central & State Library stations/La Trobe St (Melb... #6,240.62485381,28860,29460,600
rmit_city,20766,Docklands,2026-10-08,3,03-30--5-T5-142609320,tram,30,St Vincents Plaza - Central Pier Docklands,18052,Central Pier/Harbour Esp #D2,712.6129303,18046,Melbourne Central & State Library stations/La Trobe St (Melb... #6,240.62485381,29460,30060,600
rmit_city,20766,Docklands,2026-10-08,3,03-30--5-T5-142609321,tram,30,St Vincents Plaza - Central Pier Docklands,18052,Central Pier/Harbour Esp #D2,712.6129303,18046,Melbourne Central & State Library stations/La Trobe St (Melb... #6,240.62485381,30060,30660,600
rmit_city,20766,Docklands,2026-10-08,3,03-30--5-T5-142609322,tram,30,St Vincents Plaza - Central Pier Docklands,18052,Central Pier/Harbour Esp #D2,712.6129303,18046,Melbourne Central & State Library stations/La Trobe St (Melb... #6,240.62485381,30660,31260,600
rmit_city,20766,Docklands,2026-10-08,3,03-30--5-T5-142609323,tram,30,St Vincents Plaza - Central Pier Docklands,18052,Central Pier/Harbour Esp #D2,712.6129303,18046,Melbourne Central & State Library stations/La Trobe St (Melb... #6,240.62485381,31260,31860,600
rmit_city,20766,Docklands,2026-10-08,3,03-30--5-T5-142609324,tram,30,St Vincents Plaza - Central Pier Docklands,18052,Central Pier/Harbour Esp #D2,712.6129303,18046,Melbourne Central & State Library stations/La Trobe St (Melb... #6,240.62485381,31860,32460,600
rmit_city,20766,Docklands,2026-10-08,3,03-86--5-T5-142606541,tram,86,Bundoora RMIT - Waterfront City Docklands,18038,Waterfront City/Docklands Dr #D11,411.17132795,17887,Elizabeth St/Bourke St #5,654.06456433,25440,26280,840
rmit_city,20766,Docklands,2026-10-08,3,03-86--5-T5-142606542,tram,86,Bundoora RMIT - Waterfront City Docklands,18038,Waterfront City/Docklands Dr #D11,411.17132795,17887,Elizabeth St/Bourke St #5,654.06456433,25920,26760,840
rmit_city,20766,Docklands,2026-10-08,3,03-86--5-T5-142606543,tram,86,Bundoora RMIT - Waterfront City Docklands,18038,Waterfront City/Docklands Dr #D11,411.17132795,17887,Elizabeth St/Bourke St #5,654.06456433,26400,27300,900
rmit_city,20766,Docklands,2026-10-08,3,03-86--5-T5-142606544,tram,86,Bundoora RMIT - Waterfront City Docklands,18038,Waterfront City/Docklands Dr #D11,411.17132795,17887,Elizabeth St/Bourke St #5,654.06456433,26880,27780,900
rmit_city,20766,Docklands,2026-10-08,3,03-86--5-T5-142606545,tram,86,Bundoora RMIT - Waterfront City Docklands,18038,Waterfront City/Docklands Dr #D11,411.17132795,17887,Elizabeth St/Bourke St #5,654.06456433,27360,28260,900
rmit_city,20766,Docklands,2026-10-08,3,03-86--5-T5-142606546,tram,86,Bundoora RMIT - Waterfront City Docklands,18038,Waterfront City/Docklands Dr #D11,411.17132795,17887,Elizabeth St/Bourke St #5,654.06456433,27840,28740,900
rmit_city,20766,Docklands,2026-10-08,3,03-86--5-T5-142606547,tram,86,Bundoora RMIT - Waterfront City Docklands,18038,Waterfront City/Docklands Dr #D11,411.17132795,17887,Elizabeth St/Bourke St #5,654.06456433,28320,29220,900
rmit_city,20766,Docklands,2026-10-08,3,03-86--5-T5-142606548,tram,86,Bundoora RMIT - Waterfront City Docklands,18038,Waterfront City/Docklands Dr #D11,411.17132795,17887,Elizabeth St/Bourke St #5,654.06456433,28800,29700,900
rmit_city,20766,Docklands,2026-10-08,3,03-86--5-T5-142606549,tram,86,Bundoora RMIT - Waterfront City Docklands,18038,Waterfront City/Docklands Dr #D11,411.17132795,17887,Elizabeth St/Bourke St #5,654.06456433,29280,30180,900
rmit_city,20766,Docklands,2026-10-08,3,03-86--5-T5-142606550,tram,86,Bundoora RMIT - Waterfront City Docklands,18038,Waterfront City/Docklands Dr #D11,411.17132795,17887,Elizabeth St/Bourke St #5,654.06456433,29700,30600,900
rmit_city,20766,Docklands,2026-10-08,3,03-86--5-T5-142606551,tram,86,Bundoora RMIT - Waterfront City Docklands,18038,Waterfront City/Docklands Dr #D11,411.17132795,17887,Elizabeth St/Bourke St #5,654.06456433,30180,31080,900
rmit_city,20766,Docklands,2026-10-08,3,03-86--5-T5-142606552,tram,86,Bundoora RMIT - Waterfront City Docklands,18038,Waterfront City/Docklands Dr #D11,411.17132795,17887,Elizabeth St/Bourke St #5,654.06456433,30600,31500,900
rmit_city,20766,Docklands,2026-10-08,3,03-86--5-T5-142606553,tram,86,Bundoora RMIT - Waterfront City Docklands,18038,Waterfront City/Docklands Dr #D11,411.17132795,17887,Elizabeth St/Bourke St #5,654.06456433,31080,31980,900
rmit_city,20766,Docklands,2026-10-08,3,03-86--5-T5-142606554,tram,86,Bundoora RMIT - Waterfront City Docklands,18038,Waterfront City/Docklands Dr #D11,411.17132795,17887,Elizabeth St/Bourke St #5,654.06456433,31560,32460,900
rmit_city,20766,Docklands,2026-10-08,3,03-86--5-T5-142606555,tram,86,Bundoora RMIT - Waterfront City Docklands,18038,Waterfront City/Docklands Dr #D11,411.17132795,17887,Elizabeth St/Bourke St #5,654.06456433,32040,32940,900
rmit_city,20766,Docklands,2026-10-08,4,35-220--1-MF74-220323,bus,220,Sunshine Station - City via Footscray Rd,46718,Dudley St/Footscray Rd,760.59202574,20471,La Trobe St/Queen St,406.76787912,27720,28260,540
rmit_city,20766,Docklands,2026-10-08,4,35-220--1-MF74-220325,bus,220,Sunshine Station - City via Footscray Rd,46718,Dudley St/Footscray Rd,760.59202574,20471,La Trobe St/Queen St,406.76787912,31140,31740,600
rmit_city,20766,Docklands,2026-10-08,4,35-220--1-MF74-220328,bus,220,Sunshine Station - City via Footscray Rd,46718,Dudley St/Footscray Rd,760.59202574,20471,La Trobe St/Queen St,406.76787912,30120,30720,600
rmit_city,20766,Docklands,2026-10-08,4,35-220--1-MF74-220331,bus,220,Sunshine Station - City via Footscray Rd,46718,Dudley St/Footscray Rd,760.59202574,20471,La Trobe St/Queen St,406.76787912,30660,31260,600
rmit_city,20766,Docklands,2026-10-08,4,35-220--1-MF74-220337,bus,220,Sunshine Station - City via Footscray Rd,46718,Dudley St/Footscray Rd,760.59202574,20471,La Trobe St/Queen St,406.76787912,32100,32700,600
rmit_city,20766,Docklands,2026-10-08,4,35-220--1-MF74-220343,bus,220,Sunshine Station - City via Footscray Rd,46718,Dudley St/Footscray Rd,760.59202574,20471,La Trobe St/Queen St,406.76787912,31560,32160,600
rmit_city,20766,Docklands,2026-10-08,4,35-220--1-MF74-220347,bus,220,Sunshine Station - City via Footscray Rd,46718,Dudley St/Footscray Rd,760.59202574,20471,La Trobe St/Queen St,406.76787912,29160,29700,540
rmit_city,20766,Docklands,2026-10-08,4,35-220--1-MF74-220350,bus,220,Sunshine Station - City via Footscray Rd,46718,Dudley St/Footscray Rd,760.59202574,20471,La Trobe St/Queen St,406.76787912,27180,27720,540
rmit_city,20766,Docklands,2026-10-08,4,35-220--1-MF74-220353,bus,220,Sunshine Station - City via Footscray Rd,46718,Dudley St/Footscray Rd,760.59202574,20471,La Trobe St/Queen St,406.76787912,26580,27060,480
rmit_city,20766,Docklands,2026-10-08,4,35-220--1-MF74-220359,bus,220,Sunshine Station - City via Footscray Rd,46718,Dudley St/Footscray Rd,760.59202574,20471,La Trobe St/Queen St,406.76787912,28500,29040,540
rmit_city,20766,Docklands,2026-10-08,4,35-220--1-MF74-220367,bus,220,Sunshine Station - City via Footscray Rd,46718,Dudley St/Footscray Rd,760.59202574,20471,La Trobe St/Queen St,406.76787912,25920,26400,480
rmit_city,20766,Docklands,2026-10-08,4,35-220--1-MF74-220376,bus,220,Sunshine Station - City via Footscray Rd,46718,Dudley St/Footscray Rd,760.59202574,20471,La Trobe St/Queen St,406.76787912,29640,30240,600
rmit_city,20830,East Melbourne,2026-10-08,4,14-302--1-MF76-302834,bus,302,City - Box Hill Station via Belmore Rd and Eastern Fwy,47722,Clarendon St/Victoria Pde,699.42385737,19545,Melbourne Central/Lonsdale St,435.17422349,29880,30360,480
rmit_city,20830,East Melbourne,2026-10-08,4,14-302--1-MF76-302839,bus,302,City - Box Hill Station via Belmore Rd and Eastern Fwy,47722,Clarendon St/Victoria Pde,699.42385737,19545,Melbourne Central/Lonsdale St,435.17422349,32280,32820,540
rmit_city,20830,East Melbourne,2026-10-08,4,14-302--1-MF76-302845,bus,302,City - Box Hill Station via Belmore Rd and Eastern Fwy,47722,Clarendon St/Victoria Pde,699.42385737,19545,Melbourne Central/Lonsdale St,435.17422349,29160,29640,480
rmit_city,20830,East Melbourne,2026-10-08,4,14-302--1-MF76-302849,bus,302,City - Box Hill Station via Belmore Rd and Eastern Fwy,47722,Clarendon St/Victoria Pde,699.42385737,19545,Melbourne Central/Lonsdale St,435.17422349,31080,31560,480
rmit_city,20830,East Melbourne,2026-10-08,4,14-302--1-MF76-302927,bus,302,City - Box Hill Station via Belmore Rd and Eastern Fwy,47722,Clarendon St/Victoria Pde,699.42385737,19545,Melbourne Central/Lonsdale St,435.17422349,31260,31800,540
rmit_city,20830,East Melbourne,2026-10-08,4,14-303--1-MF76-303020,bus,303,City - Ringwood North via Park Rd,47722,Clarendon St/Victoria Pde,699.42385737,19545,Melbourne Central/Lonsdale St,435.17422349,26220,26640,420
rmit_city,20830,East Melbourne,2026-10-08,4,14-303--1-MF76-303021,bus,303,City - Ringwood North via Park Rd,47722,Clarendon St/Victoria Pde,699.42385737,19545,Melbourne Central/Lonsdale St,435.17422349,27600,28020,420
rmit_city,20830,East Melbourne,2026-10-08,4,14-303--1-MF76-303022,bus,303,City - Ringwood North via Park Rd,47722,Clarendon St/Victoria Pde,699.42385737,19545,Melbourne Central/Lonsdale St,435.17422349,29880,30360,480
rmit_city,20830,East Melbourne,2026-10-08,4,14-303--1-MF76-303023,bus,303,City - Ringwood North via Park Rd,47722,Clarendon St/Victoria Pde,699.42385737,19545,Melbourne Central/Lonsdale St,435.17422349,31020,31500,480
rmit_city,20830,East Melbourne,2026-10-08,4,14-304--1-MF76-304539,bus,304,City - Doncaster SC via Belmore Rd and Eastern Fwy,47722,Clarendon St/Victoria Pde,699.42385737,19545,Melbourne Central/Lonsdale St,435.17422349,25260,25680,420
rmit_city,20830,East Melbourne,2026-10-08,4,14-304--1-MF76-304541,bus,304,City - Doncaster SC via Belmore Rd and Eastern Fwy,47722,Clarendon St/Victoria Pde,699.42385737,19545,Melbourne Central/Lonsdale St,435.17422349,29640,30240,600
rmit_city,20830,East Melbourne,2026-10-08,4,14-304--1-MF76-304548,bus,304,City - Doncaster SC via Belmore Rd and Eastern Fwy,47722,Clarendon St/Victoria Pde,699.42385737,19545,Melbourne Central/Lonsdale St,435.17422349,28080,28560,480
rmit_city,20830,East Melbourne,2026-10-08,4,14-304--1-MF76-304553,bus,304,City - Doncaster SC via Belmore Rd and Eastern Fwy,47722,Clarendon St/Victoria Pde,699.42385737,19545,Melbourne Central/Lonsdale St,435.17422349,31560,32100,540
rmit_city,20830,East Melbourne,2026-10-08,4,14-305--1-MF76-306017,bus,305,City - The Pines SC via Eastern Fwy and George St,47722,Clarendon St/Victoria Pde,699.42385737,19545,Melbourne Central/Lonsdale St,435.17422349,26280,26760,480
rmit_city,20830,East Melbourne,2026-10-08,4,14-305--1-MF76-306020,bus,305,City - The Pines SC via Eastern Fwy and George St,47722,Clarendon St/Victoria Pde,699.42385737,19545,Melbourne Central/Lonsdale St,435.17422349,27240,27720,480
rmit_city,20830,East Melbourne,2026-10-08,4,14-305--1-MF76-306021,bus,305,City - The Pines SC via Eastern Fwy and George St,47722,Clarendon St/Victoria Pde,699.42385737,19545,Melbourne Central/Lonsdale St,435.17422349,28440,28980,540
rmit_city,20830,East Melbourne,2026-10-08,4,14-305--1-MF76-306022,bus,305,City - The Pines SC via Eastern Fwy and George St,47722,Clarendon St/Victoria Pde,699.42385737,19545,Melbourne Central/Lonsdale St,435.17422349,29700,30300,600
rmit_city,20830,East Melbourne,2026-10-08,4,14-305--1-MF76-306024,bus,305,City - The Pines SC via Eastern Fwy and George St,47722,Clarendon St/Victoria Pde,699.42385737,19545,Melbourne Central/Lonsdale St,435.17422349,32160,32760,600
rmit_city,20830,East Melbourne,2026-10-08,4,14-305--1-MF76-306025,bus,305,City - The Pines SC via Eastern Fwy and George St,47722,Clarendon St/Victoria Pde,699.42385737,19545,Melbourne Central/Lonsdale St,435.17422349,30360,30960,600
rmit_city,20830,East Melbourne,2026-10-08,4,14-309--1-MF76-309064,bus,309,City - The Pines SC via Eastern Fwy and Reynolds Rd,47722,Clarendon St/Victoria Pde,699.42385737,19545,Melbourne Central/Lonsdale St,435.17422349,29760,30300,540
rmit_city,20830,East Melbourne,2026-10-08,4,14-309--1-MF76-309065,bus,309,City - The Pines SC via Eastern Fwy and Reynolds Rd,47722,Clarendon St/Victoria Pde,699.42385737,19545,Melbourne Central/Lonsdale St,435.17422349,27600,28020,420
rmit_city,20830,East Melbourne,2026-10-08,4,14-309--1-MF76-309067,bus,309,City - The Pines SC via Eastern Fwy and Reynolds Rd,47722,Clarendon St/Victoria Pde,699.42385737,19545,Melbourne Central/Lonsdale St,435.17422349,29160,29700,540
rmit_city,20830,East Melbourne,2026-10-08,4,14-309--1-MF76-309068,bus,309,City - The Pines SC via Eastern Fwy and Reynolds Rd,47722,Clarendon St/Victoria Pde,699.42385737,19545,Melbourne Central/Lonsdale St,435.17422349,30360,30900,540
rmit_city,20830,East Melbourne,2026-10-08,4,14-309--1-MF76-309069,bus,309,City - The Pines SC via Eastern Fwy and Reynolds Rd,47722,Clarendon St/Victoria Pde,699.42385737,19545,Melbourne Central/Lonsdale St,435.17422349,26520,26940,420
rmit_city,20830,East Melbourne,2026-10-08,4,14-309--1-MF76-309070,bus,309,City - The Pines SC via Eastern Fwy and Reynolds Rd,47722,Clarendon St/Victoria Pde,699.42385737,19545,Melbourne Central/Lonsdale St,435.17422349,28380,28860,480
rmit_city,20830,East Melbourne,2026-10-08,4,14-318--1-MF76-318037,bus,318,City - Deep Creek,47722,Clarendon St/Victoria Pde,699.42385737,19545,Melbourne Central/Lonsdale St,435.17422349,28620,29160,540
rmit_city,20830,East Melbourne,2026-10-08,4,14-318--1-MF76-318038,bus,318,City - Deep Creek,47722,Clarendon St/Victoria Pde,699.42385737,19545,Melbourne Central/Lonsdale St,435.17422349,32040,32580,540
rmit_city,20830,East Melbourne,2026-10-08,4,14-318--1-MF76-318039,bus,318,City - Deep Creek,47722,Clarendon St/Victoria Pde,699.42385737,19545,Melbourne Central/Lonsdale St,435.17422349,29700,30240,540
rmit_city,20830,East Melbourne,2026-10-08,4,14-318--1-MF76-318040,bus,318,City - Deep Creek,47722,Clarendon St/Victoria Pde,699.42385737,19545,Melbourne Central/Lonsdale St,435.17422349,30600,31140,540
rmit_city,20830,East Melbourne,2026-10-08,4,14-905--1-MF76-906442,bus,905,City - The Pines SC via Eastern Fwy and Thompsons Rd,47722,Clarendon St/Victoria Pde,699.42385737,19545,Melbourne Central/Lonsdale St,435.17422349,26580,27000,420
rmit_city,20830,East Melbourne,2026-10-08,4,14-905--1-MF76-906449,bus,905,City - The Pines SC via Eastern Fwy and Thompsons Rd,47722,Clarendon St/Victoria Pde,699.42385737,19545,Melbourne Central/Lonsdale St,435.17422349,27960,28440,480
rmit_city,20830,East Melbourne,2026-10-08,4,14-905--1-MF76-906452,bus,905,City - The Pines SC via Eastern Fwy and Thompsons Rd,47722,Clarendon St/Victoria Pde,699.42385737,19545,Melbourne Central/Lonsdale St,435.17422349,28740,29280,540
rmit_city,20830,East Melbourne,2026-10-08,4,14-905--1-MF76-906454,bus,905,City - The Pines SC via Eastern Fwy and Thompsons Rd,47722,Clarendon St/Victoria Pde,699.42385737,19545,Melbourne Central/Lonsdale St,435.17422349,30840,31440,600
rmit_city,20830,East Melbourne,2026-10-08,4,14-905--1-MF76-906460,bus,905,City - The Pines SC via Eastern Fwy and Thompsons Rd,47722,Clarendon St/Victoria Pde,699.42385737,19545,Melbourne Central/Lonsdale St,435.17422349,31500,32100,600
rmit_city,20830,East Melbourne,2026-10-08,4,14-905--1-MF76-906465,bus,905,City - The Pines SC via Eastern Fwy and Thompsons Rd,47722,Clarendon St/Victoria Pde,699.42385737,19545,Melbourne Central/Lonsdale St,435.17422349,25260,25680,420
rmit_city,20830,East Melbourne,2026-10-08,4,14-905--1-MF76-906485,bus,905,City - The Pines SC via Eastern Fwy and Thompsons Rd,47722,Clarendon St/Victoria Pde,699.42385737,19545,Melbourne Central/Lonsdale St,435.17422349,29640,30240,600
rmit_city,20830,East Melbourne,2026-10-08,4,14-905--1-MF76-906492,bus,905,City - The Pines SC via Eastern Fwy and Thompsons Rd,47722,Clarendon St/Victoria Pde,699.42385737,19545,Melbourne Central/Lonsdale St,435.17422349,31980,32580,600
rmit_city,20830,East Melbourne,2026-10-08,4,14-905--1-MF76-906605,bus,905,City - The Pines SC via Eastern Fwy and Thompsons Rd,47722,Clarendon St/Victoria Pde,699.42385737,19545,Melbourne Central/Lonsdale St,435.17422349,28380,28860,480
rmit_city,20830,East Melbourne,2026-10-08,4,14-905--1-MF76-906606,bus,905,City - The Pines SC via Eastern Fwy and Thompsons Rd,47722,Clarendon St/Victoria Pde,699.42385737,19545,Melbourne Central/Lonsdale St,435.17422349,30180,30780,600
rmit_city,20830,East Melbourne,2026-10-08,4,14-905--1-MF76-906607,bus,905,City - The Pines SC via Eastern Fwy and Thompsons Rd,47722,Clarendon St/Victoria Pde,699.42385737,19545,Melbourne Central/Lonsdale St,435.17422349,29220,29760,540
rmit_city,20830,East Melbourne,2026-10-08,4,14-906--1-MF76-906678,bus,906,"City (King St) - Warrandyte via Eastern Fwy, The Pines Shopping Centre",47722,Clarendon St/Victoria Pde,699.42385737,19545,Melbourne Central/Lonsdale St,435.17422349,30180,30720,540
rmit_city,20830,East Melbourne,2026-10-08,4,14-906--1-MF76-906681,bus,906,"City (King St) - Warrandyte via Eastern Fwy, The Pines Shopping Centre",47722,Clarendon St/Victoria Pde,699.42385737,19545,Melbourne Central/Lonsdale St,435.17422349,31560,32160,600
rmit_city,20830,East Melbourne,2026-10-08,4,14-906--1-MF76-906689,bus,906,"City (King St) - Warrandyte via Eastern Fwy, The Pines Shopping Centre",47722,Clarendon St/Victoria Pde,699.42385737,19545,Melbourne Central/Lonsdale St,435.17422349,27480,27960,480
rmit_city,20830,East Melbourne,2026-10-08,4,14-906--1-MF76-906700,bus,906,"City (King St) - Warrandyte via Eastern Fwy, The Pines Shopping Centre",47722,Clarendon St/Victoria Pde,699.42385737,19545,Melbourne Central/Lonsdale St,435.17422349,31080,31680,600
rmit_city,20830,East Melbourne,2026-10-08,4,14-906--1-MF76-906710,bus,906,"City (King St) - Warrandyte via Eastern Fwy, The Pines Shopping Centre",47722,Clarendon St/Victoria Pde,699.42385737,19545,Melbourne Central/Lonsdale St,435.17422349,29400,29880,480
rmit_city,20830,East Melbourne,2026-10-08,4,14-906--1-MF76-906720,bus,906,"City (King St) - Warrandyte via Eastern Fwy, The Pines Shopping Centre",47722,Clarendon St/Victoria Pde,699.42385737,19545,Melbourne Central/Lonsdale St,435.17422349,25560,25920,360
rmit_city,20830,East Melbourne,2026-10-08,4,14-906--1-MF76-906728,bus,906,"City (King St) - Warrandyte via Eastern Fwy, The Pines Shopping Centre",47722,Clarendon St/Victoria Pde,699.42385737,19545,Melbourne Central/Lonsdale St,435.17422349,30480,31080,600
rmit_city,20830,East Melbourne,2026-10-08,4,14-906--1-MF76-907146,bus,906,"City (King St) - Warrandyte via Eastern Fwy, The Pines Shopping Centre",47722,Clarendon St/Victoria Pde,699.42385737,19545,Melbourne Central/Lonsdale St,435.17422349,28440,28920,480
rmit_city,20830,East Melbourne,2026-10-08,4,14-906--1-MF76-907147,bus,906,"City (King St) - Warrandyte via Eastern Fwy, The Pines Shopping Centre",47722,Clarendon St/Victoria Pde,699.42385737,19545,Melbourne Central/Lonsdale St,435.17422349,30780,31380,600
rmit_city,20830,East Melbourne,2026-10-08,4,14-906--1-MF76-907148,bus,906,"City (King St) - Warrandyte via Eastern Fwy, The Pines Shopping Centre",47722,Clarendon St/Victoria Pde,699.42385737,19545,Melbourne Central/Lonsdale St,435.17422349,31320,31860,540
rmit_city,20830,East Melbourne,2026-10-08,4,14-906--1-MF76-907149,bus,906,"City (King St) - Warrandyte via Eastern Fwy, The Pines Shopping Centre",47722,Clarendon St/Victoria Pde,699.42385737,19545,Melbourne Central/Lonsdale St,435.17422349,29820,30360,540
rmit_city,20830,East Melbourne,2026-10-08,4,14-906--1-MF76-907150,bus,906,"City (King St) - Warrandyte via Eastern Fwy, The Pines Shopping Centre",47722,Clarendon St/Victoria Pde,699.42385737,19545,Melbourne Central/Lonsdale St,435.17422349,31740,32340,600
rmit_city,20830,East Melbourne,2026-10-08,4,14-907--1-MF76-908171,bus,907,City - Mitcham via Eastern Fwy and Doncaster Rd,47722,Clarendon St/Victoria Pde,699.42385737,19545,Melbourne Central/Lonsdale St,435.17422349,26760,27180,420
rmit_city,20830,East Melbourne,2026-10-08,4,14-907--1-MF76-908179,bus,907,City - Mitcham via Eastern Fwy and Doncaster Rd,47722,Clarendon St/Victoria Pde,699.42385737,19545,Melbourne Central/Lonsdale St,435.17422349,29040,29580,540
rmit_city,20830,East Melbourne,2026-10-08,4,14-907--1-MF76-908180,bus,907,City - Mitcham via Eastern Fwy and Doncaster Rd,47722,Clarendon St/Victoria Pde,699.42385737,19545,Melbourne Central/Lonsdale St,435.17422349,25320,25800,480
rmit_city,20830,East Melbourne,2026-10-08,4,14-907--1-MF76-908184,bus,907,City - Mitcham via Eastern Fwy and Doncaster Rd,47722,Clarendon St/Victoria Pde,699.42385737,19545,Melbourne Central/Lonsdale St,435.17422349,31440,32040,600
rmit_city,20830,East Melbourne,2026-10-08,4,14-907--1-MF76-908187,bus,907,City - Mitcham via Eastern Fwy and Doncaster Rd,47722,Clarendon St/Victoria Pde,699.42385737,19545,Melbourne Central/Lonsdale St,435.17422349,30600,31200,600
rmit_city,20830,East Melbourne,2026-10-08,4,14-907--1-MF76-908191,bus,907,City - Mitcham via Eastern Fwy and Doncaster Rd,47722,Clarendon St/Victoria Pde,699.42385737,19545,Melbourne Central/Lonsdale St,435.17422349,26040,26520,480
rmit_city,20830,East Melbourne,2026-10-08,4,14-907--1-MF76-908193,bus,907,City - Mitcham via Eastern Fwy and Doncaster Rd,47722,Clarendon St/Victoria Pde,699.42385737,19545,Melbourne Central/Lonsdale St,435.17422349,30960,31560,600
rmit_city,20830,East Melbourne,2026-10-08,4,14-907--1-MF76-908195,bus,907,City - Mitcham via Eastern Fwy and Doncaster Rd,47722,Clarendon St/Victoria Pde,699.42385737,19545,Melbourne Central/Lonsdale St,435.17422349,28260,28800,540
rmit_city,20830,East Melbourne,2026-10-08,4,14-907--1-MF76-908220,bus,907,City - Mitcham via Eastern Fwy and Doncaster Rd,47722,Clarendon St/Victoria Pde,699.42385737,19545,Melbourne Central/Lonsdale St,435.17422349,31920,32520,600
rmit_city,20830,East Melbourne,2026-10-08,4,14-907--1-MF76-908221,bus,907,City - Mitcham via Eastern Fwy and Doncaster Rd,47722,Clarendon St/Victoria Pde,699.42385737,19545,Melbourne Central/Lonsdale St,435.17422349,32280,32820,540
rmit_city,20830,East Melbourne,2026-10-08,4,14-907--1-MF76-908226,bus,907,City - Mitcham via Eastern Fwy and Doncaster Rd,47722,Clarendon St/Victoria Pde,699.42385737,19545,Melbourne Central/Lonsdale St,435.17422349,29640,30180,540
rmit_city,20830,East Melbourne,2026-10-08,4,14-907--1-MF76-908232,bus,907,City - Mitcham via Eastern Fwy and Doncaster Rd,47722,Clarendon St/Victoria Pde,699.42385737,19545,Melbourne Central/Lonsdale St,435.17422349,30120,30660,540
rmit_city,20830,East Melbourne,2026-10-08,4,14-907--1-MF76-908236,bus,907,City - Mitcham via Eastern Fwy and Doncaster Rd,47722,Clarendon St/Victoria Pde,699.42385737,19545,Melbourne Central/Lonsdale St,435.17422349,27420,27960,540
rmit_city,20830,East Melbourne,2026-10-08,4,14-907--1-MF76-908689,bus,907,City - Mitcham via Eastern Fwy and Doncaster Rd,47722,Clarendon St/Victoria Pde,699.42385737,19545,Melbourne Central/Lonsdale St,435.17422349,28620,29160,540
rmit_city,20830,East Melbourne,2026-10-08,4,14-907--1-MF76-908690,bus,907,City - Mitcham via Eastern Fwy and Doncaster Rd,47722,Clarendon St/Victoria Pde,699.42385737,19545,Melbourne Central/Lonsdale St,435.17422349,27060,27540,480
rmit_city,20830,East Melbourne,2026-10-08,4,14-908--1-MF76-908098,bus,908,City - The Pines SC via Eastern Fwy and High St,47722,Clarendon St/Victoria Pde,699.42385737,19545,Melbourne Central/Lonsdale St,435.17422349,30480,31080,600
rmit_city,20830,East Melbourne,2026-10-08,4,14-908--1-MF76-908100,bus,908,City - The Pines SC via Eastern Fwy and High St,47722,Clarendon St/Victoria Pde,699.42385737,19545,Melbourne Central/Lonsdale St,435.17422349,29400,29940,540
rmit_city,20830,East Melbourne,2026-10-08,4,14-908--1-MF76-908101,bus,908,City - The Pines SC via Eastern Fwy and High St,47722,Clarendon St/Victoria Pde,699.42385737,19545,Melbourne Central/Lonsdale St,435.17422349,30120,30660,540
rmit_city,20830,East Melbourne,2026-10-08,4,14-908--1-MF76-908102,bus,908,City - The Pines SC via Eastern Fwy and High St,47722,Clarendon St/Victoria Pde,699.42385737,19545,Melbourne Central/Lonsdale St,435.17422349,25800,26220,420
rmit_city,20830,East Melbourne,2026-10-08,4,14-908--1-MF76-908104,bus,908,City - The Pines SC via Eastern Fwy and High St,47722,Clarendon St/Victoria Pde,699.42385737,19545,Melbourne Central/Lonsdale St,435.17422349,26460,26880,420
rmit_city,20830,East Melbourne,2026-10-08,4,14-908--1-MF76-908108,bus,908,City - The Pines SC via Eastern Fwy and High St,47722,Clarendon St/Victoria Pde,699.42385737,19545,Melbourne Central/Lonsdale St,435.17422349,31140,31740,600
rmit_city,20830,East Melbourne,2026-10-08,4,14-908--1-MF76-908112,bus,908,City - The Pines SC via Eastern Fwy and High St,47722,Clarendon St/Victoria Pde,699.42385737,19545,Melbourne Central/Lonsdale St,435.17422349,27300,27780,480
rmit_city,20830,East Melbourne,2026-10-08,4,14-908--1-MF76-908115,bus,908,City - The Pines SC via Eastern Fwy and High St,47722,Clarendon St/Victoria Pde,699.42385737,19545,Melbourne Central/Lonsdale St,435.17422349,32100,32700,600
rmit_city,20830,East Melbourne,2026-10-08,4,17-302--1-MF62-302112,bus,302,City - Box Hill Station via Belmore Rd and Eastern Fwy,47722,Clarendon St/Victoria Pde,699.42385737,19545,Melbourne Central/Lonsdale St,435.17422349,31680,32220,540
rmit_city,20830,East Melbourne,2026-10-08,4,17-302--1-MF62-302113,bus,302,City - Box Hill Station via Belmore Rd and Eastern Fwy,47722,Clarendon St/Victoria Pde,699.42385737,19545,Melbourne Central/Lonsdale St,435.17422349,26100,26520,420
rmit_city,20830,East Melbourne,2026-10-08,4,17-302--1-MF62-302118,bus,302,City - Box Hill Station via Belmore Rd and Eastern Fwy,47722,Clarendon St/Victoria Pde,699.42385737,19545,Melbourne Central/Lonsdale St,435.17422349,28380,28860,480
rmit_city,20830,East Melbourne,2026-10-08,4,17-302--1-MF62-302121,bus,302,City - Box Hill Station via Belmore Rd and Eastern Fwy,47722,Clarendon St/Victoria Pde,699.42385737,19545,Melbourne Central/Lonsdale St,435.17422349,30480,30960,480
rmit_city,20830,East Melbourne,2026-10-08,4,17-302--1-MF62-302122,bus,302,City - Box Hill Station via Belmore Rd and Eastern Fwy,47722,Clarendon St/Victoria Pde,699.42385737,19545,Melbourne Central/Lonsdale St,435.17422349,27480,27960,480
rmit_city,20830,East Melbourne,2026-10-08,4,17-304--1-MF62-304742,bus,304,City - Doncaster SC via Belmore Rd and Eastern Fwy,47722,Clarendon St/Victoria Pde,699.42385737,19545,Melbourne Central/Lonsdale St,435.17422349,32160,32700,540
rmit_city,20830,East Melbourne,2026-10-08,4,17-304--1-MF62-304743,bus,304,City - Doncaster SC via Belmore Rd and Eastern Fwy,47722,Clarendon St/Victoria Pde,699.42385737,19545,Melbourne Central/Lonsdale St,435.17422349,30900,31440,540
rmit_city,20830,East Melbourne,2026-10-08,4,17-304--1-MF62-304744,bus,304,City - Doncaster SC via Belmore Rd and Eastern Fwy,47722,Clarendon St/Victoria Pde,699.42385737,19545,Melbourne Central/Lonsdale St,435.17422349,26940,27420,480
rmit_city,20830,East Melbourne,2026-10-08,4,17-304--1-MF62-304745,bus,304,City - Doncaster SC via Belmore Rd and Eastern Fwy,47722,Clarendon St/Victoria Pde,699.42385737,19545,Melbourne Central/Lonsdale St,435.17422349,28920,29400,480
rmit_city,20830,East Melbourne,2026-10-08,4,17-304--1-MF62-304746,bus,304,City - Doncaster SC via Belmore Rd and Eastern Fwy,47722,Clarendon St/Victoria Pde,699.42385737,19545,Melbourne Central/Lonsdale St,435.17422349,30300,30840,540
rmit_city,20830,East Melbourne,2026-10-08,4,17-305--1-MF62-305781,bus,305,City - The Pines SC via Eastern Fwy and George St,47722,Clarendon St/Victoria Pde,699.42385737,19545,Melbourne Central/Lonsdale St,435.17422349,31260,31860,600
rmit_city,20830,East Melbourne,2026-10-08,4,17-305--1-MF62-305788,bus,305,City - The Pines SC via Eastern Fwy and George St,47722,Clarendon St/Victoria Pde,699.42385737,19545,Melbourne Central/Lonsdale St,435.17422349,29220,29760,540
rmit_city,20830,East Melbourne,2026-10-08,4,17-305--1-MF62-305789,bus,305,City - The Pines SC via Eastern Fwy and George St,47722,Clarendon St/Victoria Pde,699.42385737,19545,Melbourne Central/Lonsdale St,435.17422349,27900,28440,540
rmit_city,20830,East Melbourne,2026-10-08,4,17-309--1-MF62-309021,bus,309,City - The Pines SC via Eastern Fwy and Reynolds Rd,47722,Clarendon St/Victoria Pde,699.42385737,19545,Melbourne Central/Lonsdale St,435.17422349,31260,31740,480
rmit_city,20830,East Melbourne,2026-10-08,4,17-350--1-MF62-350100,bus,350,City - La Trobe University via Eastern Fwy,47722,Clarendon St/Victoria Pde,699.42385737,19545,Melbourne Central/Lonsdale St,435.17422349,26520,26940,420
rmit_city,20830,East Melbourne,2026-10-08,4,17-350--1-MF62-350107,bus,350,City - La Trobe University via Eastern Fwy,47722,Clarendon St/Victoria Pde,699.42385737,19545,Melbourne Central/Lonsdale St,435.17422349,30120,30660,540
rmit_city,20830,East Melbourne,2026-10-08,4,17-350--1-MF62-350112,bus,350,City - La Trobe University via Eastern Fwy,47722,Clarendon St/Victoria Pde,699.42385737,19545,Melbourne Central/Lonsdale St,435.17422349,28980,29520,540
rmit_city,20830,East Melbourne,2026-10-08,4,17-350--1-MF62-350117,bus,350,City - La Trobe University via Eastern Fwy,47722,Clarendon St/Victoria Pde,699.42385737,19545,Melbourne Central/Lonsdale St,435.17422349,31500,32040,540
rmit_city,20830,East Melbourne,2026-10-08,4,17-350--1-MF62-350123,bus,350,City - La Trobe University via Eastern Fwy,47722,Clarendon St/Victoria Pde,699.42385737,19545,Melbourne Central/Lonsdale St,435.17422349,27900,28380,480
rmit_city,20830,East Melbourne,2026-10-08,4,17-905--1-MF62-905863,bus,905,City - The Pines SC via Eastern Fwy and Thompsons Rd,47722,Clarendon St/Victoria Pde,699.42385737,19545,Melbourne Central/Lonsdale St,435.17422349,27240,27720,480
rmit_city,20830,East Melbourne,2026-10-08,4,17-905--1-MF62-905871,bus,905,City - The Pines SC via Eastern Fwy and Thompsons Rd,47722,Clarendon St/Victoria Pde,699.42385737,19545,Melbourne Central/Lonsdale St,435.17422349,30480,31080,600
rmit_city,20830,East Melbourne,2026-10-08,4,17-905--1-MF62-905917,bus,905,City - The Pines SC via Eastern Fwy and Thompsons Rd,47722,Clarendon St/Victoria Pde,699.42385737,19545,Melbourne Central/Lonsdale St,435.17422349,31200,31800,600
rmit_city,20830,East Melbourne,2026-10-08,4,17-906--1-MF62-906154,bus,906,"City (King St) - Warrandyte via Eastern Fwy, The Pines Shopping Centre",47722,Clarendon St/Victoria Pde,699.42385737,19545,Melbourne Central/Lonsdale St,435.17422349,32040,32640,600
rmit_city,20830,East Melbourne,2026-10-08,4,17-906--1-MF62-906156,bus,906,"City (King St) - Warrandyte via Eastern Fwy, The Pines Shopping Centre",47722,Clarendon St/Victoria Pde,699.42385737,19545,Melbourne Central/Lonsdale St,435.17422349,28080,28500,420
rmit_city,20830,East Melbourne,2026-10-08,4,17-906--1-MF62-906159,bus,906,"City (King St) - Warrandyte via Eastern Fwy, The Pines Shopping Centre",47722,Clarendon St/Victoria Pde,699.42385737,19545,Melbourne Central/Lonsdale St,435.17422349,28740,29220,480
rmit_city,20830,East Melbourne,2026-10-08,4,17-906--1-MF62-906160,bus,906,"City (King St) - Warrandyte via Eastern Fwy, The Pines Shopping Centre",47722,Clarendon St/Victoria Pde,699.42385737,19545,Melbourne Central/Lonsdale St,435.17422349,26640,27060,420
rmit_city,20830,East Melbourne,2026-10-08,4,17-906--1-MF62-906766,bus,906,"City (King St) - Warrandyte via Eastern Fwy, The Pines Shopping Centre",47722,Clarendon St/Victoria Pde,699.42385737,19545,Melbourne Central/Lonsdale St,435.17422349,29160,29640,480
rmit_city,20830,East Melbourne,2026-10-08,4,17-907--1-MF62-907040,bus,907,City - Mitcham via Eastern Fwy and Doncaster Rd,47722,Clarendon St/Victoria Pde,699.42385737,19545,Melbourne Central/Lonsdale St,435.17422349,27960,28500,540
rmit_city,20830,East Melbourne,2026-10-08,4,17-907--1-MF62-907041,bus,907,City - Mitcham via Eastern Fwy and Doncaster Rd,47722,Clarendon St/Victoria Pde,699.42385737,19545,Melbourne Central/Lonsdale St,435.17422349,29460,30000,540
rmit_city,20830,East Melbourne,2026-10-08,4,17-907--1-MF62-907042,bus,907,City - Mitcham via Eastern Fwy and Doncaster Rd,47722,Clarendon St/Victoria Pde,699.42385737,19545,Melbourne Central/Lonsdale St,435.17422349,30420,31020,600
rmit_city,20830,East Melbourne,2026-10-08,4,17-908--1-MF62-908045,bus,908,City - The Pines SC via Eastern Fwy and High St,47722,Clarendon St/Victoria Pde,699.42385737,19545,Melbourne Central/Lonsdale St,435.17422349,28800,29340,540
rmit_city,20830,East Melbourne,2026-10-08,4,17-908--1-MF62-908046,bus,908,City - The Pines SC via Eastern Fwy and High St,47722,Clarendon St/Victoria Pde,699.42385737,19545,Melbourne Central/Lonsdale St,435.17422349,28140,28680,540
rmit_city,20924,Fitzroy (Vic.),2026-10-08,3,03-86--5-T5-142606403,tram,86,Bundoora RMIT - Waterfront City Docklands,6127,Hodgson St/Smith St #18,426.58852617,17593,Swanston St/Bourke St #6,656.03804169,25260,26040,780
rmit_city,20924,Fitzroy (Vic.),2026-10-08,3,03-86--5-T5-142606404,tram,86,Bundoora RMIT - Waterfront City Docklands,6127,Hodgson St/Smith St #18,426.58852617,17593,Swanston St/Bourke St #6,656.03804169,26220,27000,780
rmit_city,20924,Fitzroy (Vic.),2026-10-08,3,03-86--5-T5-142606405,tram,86,Bundoora RMIT - Waterfront City Docklands,6127,Hodgson St/Smith St #18,426.58852617,17593,Swanston St/Bourke St #6,656.03804169,26700,27480,780
rmit_city,20924,Fitzroy (Vic.),2026-10-08,3,03-86--5-T5-142606406,tram,86,Bundoora RMIT - Waterfront City Docklands,6127,Hodgson St/Smith St #18,426.58852617,17593,Swanston St/Bourke St #6,656.03804169,27120,27960,840
rmit_city,20924,Fitzroy (Vic.),2026-10-08,3,03-86--5-T5-142606407,tram,86,Bundoora RMIT - Waterfront City Docklands,6127,Hodgson St/Smith St #18,426.58852617,17593,Swanston St/Bourke St #6,656.03804169,27600,28440,840
rmit_city,20924,Fitzroy (Vic.),2026-10-08,3,03-86--5-T5-142606408,tram,86,Bundoora RMIT - Waterfront City Docklands,6127,Hodgson St/Smith St #18,426.58852617,17593,Swanston St/Bourke St #6,656.03804169,28020,28860,840
rmit_city,20924,Fitzroy (Vic.),2026-10-08,3,03-86--5-T5-142606409,tram,86,Bundoora RMIT - Waterfront City Docklands,6127,Hodgson St/Smith St #18,426.58852617,17593,Swanston St/Bourke St #6,656.03804169,28380,29280,900
rmit_city,20924,Fitzroy (Vic.),2026-10-08,3,03-86--5-T5-142606410,tram,86,Bundoora RMIT - Waterfront City Docklands,6127,Hodgson St/Smith St #18,426.58852617,17593,Swanston St/Bourke St #6,656.03804169,28800,29700,900
rmit_city,20924,Fitzroy (Vic.),2026-10-08,3,03-86--5-T5-142606411,tram,86,Bundoora RMIT - Waterfront City Docklands,6127,Hodgson St/Smith St #18,426.58852617,17593,Swanston St/Bourke St #6,656.03804169,29160,30060,900
rmit_city,20924,Fitzroy (Vic.),2026-10-08,3,03-86--5-T5-142606412,tram,86,Bundoora RMIT - Waterfront City Docklands,6127,Hodgson St/Smith St #18,426.58852617,17593,Swanston St/Bourke St #6,656.03804169,29520,30420,900
rmit_city,20924,Fitzroy (Vic.),2026-10-08,3,03-86--5-T5-142606413,tram,86,Bundoora RMIT - Waterfront City Docklands,6127,Hodgson St/Smith St #18,426.58852617,17593,Swanston St/Bourke St #6,656.03804169,29940,30840,900
rmit_city,20924,Fitzroy (Vic.),2026-10-08,3,03-86--5-T5-142606414,tram,86,Bundoora RMIT - Waterfront City Docklands,6127,Hodgson St/Smith St #18,426.58852617,17593,Swanston St/Bourke St #6,656.03804169,30360,31260,900
rmit_city,20924,Fitzroy (Vic.),2026-10-08,3,03-86--5-T5-142606415,tram,86,Bundoora RMIT - Waterfront City Docklands,6127,Hodgson St/Smith St #18,426.58852617,17593,Swanston St/Bourke St #6,656.03804169,30840,31740,900
rmit_city,20924,Fitzroy (Vic.),2026-10-08,3,03-86--5-T5-142606416,tram,86,Bundoora RMIT - Waterfront City Docklands,6127,Hodgson St/Smith St #18,426.58852617,17593,Swanston St/Bourke St #6,656.03804169,31320,32220,900
rmit_city,20924,Fitzroy (Vic.),2026-10-08,3,03-86--5-T5-142606417,tram,86,Bundoora RMIT - Waterfront City Docklands,6127,Hodgson St/Smith St #18,426.58852617,17593,Swanston St/Bourke St #6,656.03804169,31800,32700,900
rmit_city,20924,Fitzroy (Vic.),2026-10-08,3,03-86--5-T5-142606418,tram,86,Bundoora RMIT - Waterfront City Docklands,6127,Hodgson St/Smith St #18,426.58852617,17593,Swanston St/Bourke St #6,656.03804169,32280,33180,900
rmit_city,20924,Fitzroy (Vic.),2026-10-08,3,03-86--5-T5-142608052,tram,86,Bundoora RMIT - Waterfront City Docklands,6127,Hodgson St/Smith St #18,426.58852617,17593,Swanston St/Bourke St #6,656.03804169,25740,26520,780
rmit_city,20924,Fitzroy (Vic.),2026-10-08,3,03-96--5-T5-142606724,tram,96,East Brunswick - St Kilda Beach,6059,Moor St/Nicholson St #12,445.6035464,17593,Swanston St/Bourke St #6,656.03804169,25440,25920,480
rmit_city,20924,Fitzroy (Vic.),2026-10-08,3,03-96--5-T5-142606725,tram,96,East Brunswick - St Kilda Beach,6059,Moor St/Nicholson St #12,445.6035464,17593,Swanston St/Bourke St #6,656.03804169,25860,26340,480
rmit_city,20924,Fitzroy (Vic.),2026-10-08,3,03-96--5-T5-142606726,tram,96,East Brunswick - St Kilda Beach,6059,Moor St/Nicholson St #12,445.6035464,17593,Swanston St/Bourke St #6,656.03804169,26280,26760,480
rmit_city,20924,Fitzroy (Vic.),2026-10-08,3,03-96--5-T5-142606727,tram,96,East Brunswick - St Kilda Beach,6059,Moor St/Nicholson St #12,445.6035464,17593,Swanston St/Bourke St #6,656.03804169,26760,27240,480
rmit_city,20924,Fitzroy (Vic.),2026-10-08,3,03-96--5-T5-142606728,tram,96,East Brunswick - St Kilda Beach,6059,Moor St/Nicholson St #12,445.6035464,17593,Swanston St/Bourke St #6,656.03804169,27180,27660,480
rmit_city,20924,Fitzroy (Vic.),2026-10-08,3,03-96--5-T5-142606729,tram,96,East Brunswick - St Kilda Beach,6059,Moor St/Nicholson St #12,445.6035464,17593,Swanston St/Bourke St #6,656.03804169,27600,28080,480
rmit_city,20924,Fitzroy (Vic.),2026-10-08,3,03-96--5-T5-142606730,tram,96,East Brunswick - St Kilda Beach,6059,Moor St/Nicholson St #12,445.6035464,17593,Swanston St/Bourke St #6,656.03804169,28020,28500,480
rmit_city,20924,Fitzroy (Vic.),2026-10-08,3,03-96--5-T5-142606731,tram,96,East Brunswick - St Kilda Beach,6059,Moor St/Nicholson St #12,445.6035464,17593,Swanston St/Bourke St #6,656.03804169,28320,28800,480
rmit_city,20924,Fitzroy (Vic.),2026-10-08,3,03-96--5-T5-142606732,tram,96,East Brunswick - St Kilda Beach,6059,Moor St/Nicholson St #12,445.6035464,17593,Swanston St/Bourke St #6,656.03804169,28620,29160,540
rmit_city,20924,Fitzroy (Vic.),2026-10-08,3,03-96--5-T5-142606733,tram,96,East Brunswick - St Kilda Beach,6059,Moor St/Nicholson St #12,445.6035464,17593,Swanston St/Bourke St #6,656.03804169,28980,29520,540
rmit_city,20924,Fitzroy (Vic.),2026-10-08,3,03-96--5-T5-142606734,tram,96,East Brunswick - St Kilda Beach,6059,Moor St/Nicholson St #12,445.6035464,17593,Swanston St/Bourke St #6,656.03804169,29340,29880,540
rmit_city,20924,Fitzroy (Vic.),2026-10-08,3,03-96--5-T5-142606735,tram,96,East Brunswick - St Kilda Beach,6059,Moor St/Nicholson St #12,445.6035464,17593,Swanston St/Bourke St #6,656.03804169,29700,30240,540
rmit_city,20924,Fitzroy (Vic.),2026-10-08,3,03-96--5-T5-142606736,tram,96,East Brunswick - St Kilda Beach,6059,Moor St/Nicholson St #12,445.6035464,17593,Swanston St/Bourke St #6,656.03804169,30060,30600,540
rmit_city,20924,Fitzroy (Vic.),2026-10-08,3,03-96--5-T5-142606737,tram,96,East Brunswick - St Kilda Beach,6059,Moor St/Nicholson St #12,445.6035464,17593,Swanston St/Bourke St #6,656.03804169,30420,30960,540
rmit_city,20924,Fitzroy (Vic.),2026-10-08,3,03-96--5-T5-142606738,tram,96,East Brunswick - St Kilda Beach,6059,Moor St/Nicholson St #12,445.6035464,17593,Swanston St/Bourke St #6,656.03804169,30780,31320,540
rmit_city,20924,Fitzroy (Vic.),2026-10-08,3,03-96--5-T5-142606739,tram,96,East Brunswick - St Kilda Beach,6059,Moor St/Nicholson St #12,445.6035464,17593,Swanston St/Bourke St #6,656.03804169,31140,31680,540
rmit_city,20924,Fitzroy (Vic.),2026-10-08,3,03-96--5-T5-142606740,tram,96,East Brunswick - St Kilda Beach,6059,Moor St/Nicholson St #12,445.6035464,17593,Swanston St/Bourke St #6,656.03804169,31500,32040,540
rmit_city,20924,Fitzroy (Vic.),2026-10-08,3,03-96--5-T5-142606741,tram,96,East Brunswick - St Kilda Beach,6059,Moor St/Nicholson St #12,445.6035464,17593,Swanston St/Bourke St #6,656.03804169,31860,32400,540
rmit_city,20924,Fitzroy (Vic.),2026-10-08,3,03-96--5-T5-142606742,tram,96,East Brunswick - St Kilda Beach,6059,Moor St/Nicholson St #12,445.6035464,17593,Swanston St/Bourke St #6,656.03804169,32220,32760,540
rmit_city,20924,Fitzroy (Vic.),2026-10-08,4,14-200--1-MF76-200895,bus,200,City - Bulleen via Key Junction,1290,Smith St/Johnston St,522.05907251,19531,La Trobe St/Russell St,347.22144049,32280,33300,1020
rmit_city,20924,Fitzroy (Vic.),2026-10-08,4,14-200--1-MF76-200911,bus,200,City - Bulleen via Key Junction,1694,Brunswick St/Johnston St,277.68047301,19531,La Trobe St/Russell St,347.22144049,31380,32220,840
rmit_city,20924,Fitzroy (Vic.),2026-10-08,4,14-207--1-MF76-208071,bus,207,City - Doncaster Shopping Centre via Kew Junction,1694,Brunswick St/Johnston St,277.68047301,19531,La Trobe St/Russell St,347.22144049,25440,25980,540
rmit_city,20924,Fitzroy (Vic.),2026-10-08,4,14-207--1-MF76-208090,bus,207,City - Doncaster Shopping Centre via Kew Junction,1694,Brunswick St/Johnston St,277.68047301,19531,La Trobe St/Russell St,347.22144049,29520,30360,840
rmit_city,20924,Fitzroy (Vic.),2026-10-08,4,14-207--1-MF76-208091,bus,207,City - Doncaster Shopping Centre via Kew Junction,1694,Brunswick St/Johnston St,277.68047301,19531,La Trobe St/Russell St,347.22144049,31740,32580,840
rmit_city,20924,Fitzroy (Vic.),2026-10-08,4,14-207--1-MF76-208098,bus,207,City - Doncaster Shopping Centre via Kew Junction,1694,Brunswick St/Johnston St,277.68047301,19531,La Trobe St/Russell St,347.22144049,26820,27420,600
rmit_city,20924,Fitzroy (Vic.),2026-10-08,4,17-200--1-MF62-200810,bus,200,City - Bulleen via Key Junction,1694,Brunswick St/Johnston St,277.68047301,19531,La Trobe St/Russell St,347.22144049,28980,29820,840
rmit_city,20924,Fitzroy (Vic.),2026-10-08,4,17-200--1-MF62-200812,bus,200,City - Bulleen via Key Junction,1694,Brunswick St/Johnston St,277.68047301,19531,La Trobe St/Russell St,347.22144049,29880,30720,840
rmit_city,20924,Fitzroy (Vic.),2026-10-08,4,17-200--1-MF62-200813,bus,200,City - Bulleen via Key Junction,1694,Brunswick St/Johnston St,277.68047301,19531,La Trobe St/Russell St,347.22144049,26220,26820,600
rmit_city,20924,Fitzroy (Vic.),2026-10-08,4,17-200--1-MF62-200816,bus,200,City - Bulleen via Key Junction,1694,Brunswick St/Johnston St,277.68047301,19531,La Trobe St/Russell St,347.22144049,27480,28080,600
rmit_city,20924,Fitzroy (Vic.),2026-10-08,4,17-200--1-MF62-200821,bus,200,City - Bulleen via Key Junction,1694,Brunswick St/Johnston St,277.68047301,19531,La Trobe St/Russell St,347.22144049,28200,28920,720
rmit_city,20924,Fitzroy (Vic.),2026-10-08,4,17-207--1-MF62-207146,bus,207,City - Doncaster Shopping Centre via Kew Junction,1694,Brunswick St/Johnston St,277.68047301,19531,La Trobe St/Russell St,347.22144049,30540,31380,840
rmit_city,20924,Fitzroy (Vic.),2026-10-08,4,17-207--1-MF62-207147,bus,207,City - Doncaster Shopping Centre via Kew Junction,1694,Brunswick St/Johnston St,277.68047301,19531,La Trobe St/Russell St,347.22144049,27840,28500,660
rmit_city,20924,Fitzroy (Vic.),2026-10-08,4,17-207--1-MF62-207151,bus,207,City - Doncaster Shopping Centre via Kew Junction,1694,Brunswick St/Johnston St,277.68047301,19531,La Trobe St/Russell St,347.22144049,28440,29220,780
rmit_city,20925,Fitzroy North,2026-10-08,3,03-86--5-T5-142606404,tram,86,Bundoora RMIT - Waterfront City Docklands,6121,Gold St/Queens Pde #24,647.15291659,17593,Swanston St/Bourke St #6,656.03804169,25860,27000,1140
rmit_city,20925,Fitzroy North,2026-10-08,3,03-86--5-T5-142606405,tram,86,Bundoora RMIT - Waterfront City Docklands,6121,Gold St/Queens Pde #24,647.15291659,17593,Swanston St/Bourke St #6,656.03804169,26220,27480,1260
rmit_city,20925,Fitzroy North,2026-10-08,3,03-86--5-T5-142606406,tram,86,Bundoora RMIT - Waterfront City Docklands,6121,Gold St/Queens Pde #24,647.15291659,17593,Swanston St/Bourke St #6,656.03804169,26640,27960,1320
rmit_city,20925,Fitzroy North,2026-10-08,3,03-86--5-T5-142606407,tram,86,Bundoora RMIT - Waterfront City Docklands,6121,Gold St/Queens Pde #24,647.15291659,17593,Swanston St/Bourke St #6,656.03804169,27120,28440,1320
rmit_city,20925,Fitzroy North,2026-10-08,3,03-86--5-T5-142606408,tram,86,Bundoora RMIT - Waterfront City Docklands,6121,Gold St/Queens Pde #24,647.15291659,17593,Swanston St/Bourke St #6,656.03804169,27540,28860,1320
rmit_city,20925,Fitzroy North,2026-10-08,3,03-86--5-T5-142606409,tram,86,Bundoora RMIT - Waterfront City Docklands,6121,Gold St/Queens Pde #24,647.15291659,17593,Swanston St/Bourke St #6,656.03804169,27900,29280,1380
rmit_city,20925,Fitzroy North,2026-10-08,3,03-86--5-T5-142606410,tram,86,Bundoora RMIT - Waterfront City Docklands,6121,Gold St/Queens Pde #24,647.15291659,17593,Swanston St/Bourke St #6,656.03804169,28320,29700,1380
rmit_city,20925,Fitzroy North,2026-10-08,3,03-86--5-T5-142606411,tram,86,Bundoora RMIT - Waterfront City Docklands,6121,Gold St/Queens Pde #24,647.15291659,17593,Swanston St/Bourke St #6,656.03804169,28680,30060,1380
rmit_city,20925,Fitzroy North,2026-10-08,3,03-86--5-T5-142606412,tram,86,Bundoora RMIT - Waterfront City Docklands,6121,Gold St/Queens Pde #24,647.15291659,17593,Swanston St/Bourke St #6,656.03804169,29040,30420,1380
rmit_city,20925,Fitzroy North,2026-10-08,3,03-86--5-T5-142606413,tram,86,Bundoora RMIT - Waterfront City Docklands,6121,Gold St/Queens Pde #24,647.15291659,17593,Swanston St/Bourke St #6,656.03804169,29400,30840,1440
rmit_city,20925,Fitzroy North,2026-10-08,3,03-86--5-T5-142606414,tram,86,Bundoora RMIT - Waterfront City Docklands,6121,Gold St/Queens Pde #24,647.15291659,17593,Swanston St/Bourke St #6,656.03804169,29820,31260,1440
rmit_city,20925,Fitzroy North,2026-10-08,3,03-86--5-T5-142606415,tram,86,Bundoora RMIT - Waterfront City Docklands,6121,Gold St/Queens Pde #24,647.15291659,17593,Swanston St/Bourke St #6,656.03804169,30300,31740,1440
rmit_city,20925,Fitzroy North,2026-10-08,3,03-86--5-T5-142606416,tram,86,Bundoora RMIT - Waterfront City Docklands,6121,Gold St/Queens Pde #24,647.15291659,17593,Swanston St/Bourke St #6,656.03804169,30780,32220,1440
rmit_city,20925,Fitzroy North,2026-10-08,3,03-86--5-T5-142606417,tram,86,Bundoora RMIT - Waterfront City Docklands,6121,Gold St/Queens Pde #24,647.15291659,17593,Swanston St/Bourke St #6,656.03804169,31260,32700,1440
rmit_city,20925,Fitzroy North,2026-10-08,3,03-86--5-T5-142606418,tram,86,Bundoora RMIT - Waterfront City Docklands,6121,Gold St/Queens Pde #24,647.15291659,17593,Swanston St/Bourke St #6,656.03804169,31740,33180,1440
rmit_city,20925,Fitzroy North,2026-10-08,3,03-86--5-T5-142606419,tram,86,Bundoora RMIT - Waterfront City Docklands,6121,Gold St/Queens Pde #24,647.15291659,17593,Swanston St/Bourke St #6,656.03804169,32220,33660,1440
rmit_city,20925,Fitzroy North,2026-10-08,3,03-86--5-T5-142608052,tram,86,Bundoora RMIT - Waterfront City Docklands,6121,Gold St/Queens Pde #24,647.15291659,17593,Swanston St/Bourke St #6,656.03804169,25380,26520,1140
rmit_city,20925,Fitzroy North,2026-10-08,3,03-96--5-T5-142606725,tram,96,East Brunswick - St Kilda Beach,6067,Scotchmer St/Nicholson St #18,767.15825609,17593,Swanston St/Bourke St #6,656.03804169,25500,26340,840
rmit_city,20925,Fitzroy North,2026-10-08,3,03-96--5-T5-142606726,tram,96,East Brunswick - St Kilda Beach,6067,Scotchmer St/Nicholson St #18,767.15825609,17593,Swanston St/Bourke St #6,656.03804169,25920,26760,840
rmit_city,20925,Fitzroy North,2026-10-08,3,03-96--5-T5-142606727,tram,96,East Brunswick - St Kilda Beach,6067,Scotchmer St/Nicholson St #18,767.15825609,17593,Swanston St/Bourke St #6,656.03804169,26340,27240,900
rmit_city,20925,Fitzroy North,2026-10-08,3,03-96--5-T5-142606728,tram,96,East Brunswick - St Kilda Beach,6067,Scotchmer St/Nicholson St #18,767.15825609,17593,Swanston St/Bourke St #6,656.03804169,26760,27660,900
rmit_city,20925,Fitzroy North,2026-10-08,3,03-96--5-T5-142606729,tram,96,East Brunswick - St Kilda Beach,6067,Scotchmer St/Nicholson St #18,767.15825609,17593,Swanston St/Bourke St #6,656.03804169,27180,28080,900
rmit_city,20925,Fitzroy North,2026-10-08,3,03-96--5-T5-142606730,tram,96,East Brunswick - St Kilda Beach,6067,Scotchmer St/Nicholson St #18,767.15825609,17593,Swanston St/Bourke St #6,656.03804169,27600,28500,900
rmit_city,20925,Fitzroy North,2026-10-08,3,03-96--5-T5-142606731,tram,96,East Brunswick - St Kilda Beach,6067,Scotchmer St/Nicholson St #18,767.15825609,17593,Swanston St/Bourke St #6,656.03804169,27900,28800,900
rmit_city,20925,Fitzroy North,2026-10-08,3,03-96--5-T5-142606732,tram,96,East Brunswick - St Kilda Beach,6067,Scotchmer St/Nicholson St #18,767.15825609,17593,Swanston St/Bourke St #6,656.03804169,28200,29160,960
rmit_city,20925,Fitzroy North,2026-10-08,3,03-96--5-T5-142606733,tram,96,East Brunswick - St Kilda Beach,6067,Scotchmer St/Nicholson St #18,767.15825609,17593,Swanston St/Bourke St #6,656.03804169,28560,29520,960
rmit_city,20925,Fitzroy North,2026-10-08,3,03-96--5-T5-142606734,tram,96,East Brunswick - St Kilda Beach,6067,Scotchmer St/Nicholson St #18,767.15825609,17593,Swanston St/Bourke St #6,656.03804169,28920,29880,960
rmit_city,20925,Fitzroy North,2026-10-08,3,03-96--5-T5-142606735,tram,96,East Brunswick - St Kilda Beach,6067,Scotchmer St/Nicholson St #18,767.15825609,17593,Swanston St/Bourke St #6,656.03804169,29280,30240,960
rmit_city,20925,Fitzroy North,2026-10-08,3,03-96--5-T5-142606736,tram,96,East Brunswick - St Kilda Beach,6067,Scotchmer St/Nicholson St #18,767.15825609,17593,Swanston St/Bourke St #6,656.03804169,29640,30600,960
rmit_city,20925,Fitzroy North,2026-10-08,3,03-96--5-T5-142606737,tram,96,East Brunswick - St Kilda Beach,6067,Scotchmer St/Nicholson St #18,767.15825609,17593,Swanston St/Bourke St #6,656.03804169,30000,30960,960
rmit_city,20925,Fitzroy North,2026-10-08,3,03-96--5-T5-142606738,tram,96,East Brunswick - St Kilda Beach,6067,Scotchmer St/Nicholson St #18,767.15825609,17593,Swanston St/Bourke St #6,656.03804169,30360,31320,960
rmit_city,20925,Fitzroy North,2026-10-08,3,03-96--5-T5-142606739,tram,96,East Brunswick - St Kilda Beach,6067,Scotchmer St/Nicholson St #18,767.15825609,17593,Swanston St/Bourke St #6,656.03804169,30720,31680,960
rmit_city,20925,Fitzroy North,2026-10-08,3,03-96--5-T5-142606740,tram,96,East Brunswick - St Kilda Beach,6067,Scotchmer St/Nicholson St #18,767.15825609,17593,Swanston St/Bourke St #6,656.03804169,31080,32040,960
rmit_city,20925,Fitzroy North,2026-10-08,3,03-96--5-T5-142606741,tram,96,East Brunswick - St Kilda Beach,6067,Scotchmer St/Nicholson St #18,767.15825609,17593,Swanston St/Bourke St #6,656.03804169,31440,32400,960
rmit_city,20925,Fitzroy North,2026-10-08,3,03-96--5-T5-142606742,tram,96,East Brunswick - St Kilda Beach,6067,Scotchmer St/Nicholson St #18,767.15825609,17593,Swanston St/Bourke St #6,656.03804169,31800,32760,960
rmit_city,20925,Fitzroy North,2026-10-08,3,03-96--5-T5-142606743,tram,96,East Brunswick - St Kilda Beach,6067,Scotchmer St/Nicholson St #18,767.15825609,17593,Swanston St/Bourke St #6,656.03804169,32160,33120,960
rmit_city,20925,Fitzroy North,2026-10-08,4,17-250--1-MF62-251131,bus,250,City (Queen St) - La Trobe University via Clifton Hill,670,Park St/Bennett St,370.57273156,19545,Melbourne Central/Lonsdale St,435.17422349,26820,28140,1320
rmit_city,20925,Fitzroy North,2026-10-08,4,17-250--1-MF62-251147,bus,250,City (Queen St) - La Trobe University via Clifton Hill,670,Park St/Bennett St,370.57273156,19545,Melbourne Central/Lonsdale St,435.17422349,30360,32280,1920
rmit_city,20925,Fitzroy North,2026-10-08,4,17-250--1-MF62-251148,bus,250,City (Queen St) - La Trobe University via Clifton Hill,670,Park St/Bennett St,370.57273156,19545,Melbourne Central/Lonsdale St,435.17422349,27840,29340,1500
rmit_city,20925,Fitzroy North,2026-10-08,4,17-250--1-MF62-251151,bus,250,City (Queen St) - La Trobe University via Clifton Hill,670,Park St/Bennett St,370.57273156,19545,Melbourne Central/Lonsdale St,435.17422349,25620,26820,1200
rmit_city,20925,Fitzroy North,2026-10-08,4,17-250--1-MF62-251152,bus,250,City (Queen St) - La Trobe University via Clifton Hill,670,Park St/Bennett St,370.57273156,19545,Melbourne Central/Lonsdale St,435.17422349,31560,33480,1920
rmit_city,20925,Fitzroy North,2026-10-08,4,17-250--1-MF62-251167,bus,250,City (Queen St) - La Trobe University via Clifton Hill,670,Park St/Bennett St,370.57273156,19545,Melbourne Central/Lonsdale St,435.17422349,29160,30900,1740
rmit_city,20925,Fitzroy North,2026-10-08,4,17-251--1-MF62-251168,bus,251,City (Queen St) - Northland Shopping Centre via Clifton Hill,670,Park St/Bennett St,370.57273156,19545,Melbourne Central/Lonsdale St,435.17422349,25200,26580,1380
rmit_city,20925,Fitzroy North,2026-10-08,4,17-251--1-MF62-251192,bus,251,City (Queen St) - Northland Shopping Centre via Clifton Hill,670,Park St/Bennett St,370.57273156,19545,Melbourne Central/Lonsdale St,435.17422349,29460,31320,1860
rmit_city,20925,Fitzroy North,2026-10-08,4,17-251--1-MF62-251196,bus,251,City (Queen St) - Northland Shopping Centre via Clifton Hill,670,Park St/Bennett St,370.57273156,19545,Melbourne Central/Lonsdale St,435.17422349,30660,32640,1980
rmit_city,20925,Fitzroy North,2026-10-08,4,17-251--1-MF62-251197,bus,251,City (Queen St) - Northland Shopping Centre via Clifton Hill,670,Park St/Bennett St,370.57273156,19545,Melbourne Central/Lonsdale St,435.17422349,26520,27960,1440
rmit_city,20925,Fitzroy North,2026-10-08,4,17-251--1-MF62-251203,bus,251,City (Queen St) - Northland Shopping Centre via Clifton Hill,670,Park St/Bennett St,370.57273156,19545,Melbourne Central/Lonsdale St,435.17422349,31980,33960,1980
rmit_city,20925,Fitzroy North,2026-10-08,4,17-251--1-MF62-251204,bus,251,City (Queen St) - Northland Shopping Centre via Clifton Hill,670,Park St/Bennett St,370.57273156,19545,Melbourne Central/Lonsdale St,435.17422349,28080,29640,1560
rmit_city,20929,Flemington,2026-10-08,2,02-CGB--69-T5-5820,metropolitan_train,Craigieburn,Craigieburn Line,15550,Newmarket Station,216.4271672,12197,Melbourne Central Station,192.75714128,25440,26100,660
rmit_city,20929,Flemington,2026-10-08,2,02-CGB--69-T5-5822,metropolitan_train,Craigieburn,Craigieburn Line,15550,Newmarket Station,216.4271672,12197,Melbourne Central Station,192.75714128,25920,26580,660
rmit_city,20929,Flemington,2026-10-08,2,02-CGB--69-T5-5824,metropolitan_train,Craigieburn,Craigieburn Line,15550,Newmarket Station,216.4271672,12197,Melbourne Central Station,192.75714128,26400,27060,660
rmit_city,20929,Flemington,2026-10-08,2,02-CGB--69-T5-5826,metropolitan_train,Craigieburn,Craigieburn Line,15550,Newmarket Station,216.4271672,12197,Melbourne Central Station,192.75714128,26880,27540,660
rmit_city,20929,Flemington,2026-10-08,2,02-CGB--69-T5-5828,metropolitan_train,Craigieburn,Craigieburn Line,15550,Newmarket Station,216.4271672,12197,Melbourne Central Station,192.75714128,27360,28020,660
rmit_city,20929,Flemington,2026-10-08,2,02-CGB--69-T5-5830,metropolitan_train,Craigieburn,Craigieburn Line,15550,Newmarket Station,216.4271672,12197,Melbourne Central Station,192.75714128,27840,28500,660
rmit_city,20929,Flemington,2026-10-08,2,02-CGB--69-T5-5832,metropolitan_train,Craigieburn,Craigieburn Line,15550,Newmarket Station,216.4271672,12197,Melbourne Central Station,192.75714128,28320,28980,660
rmit_city,20929,Flemington,2026-10-08,2,02-CGB--69-T5-5834,metropolitan_train,Craigieburn,Craigieburn Line,15550,Newmarket Station,216.4271672,12197,Melbourne Central Station,192.75714128,28560,29220,660
rmit_city,20929,Flemington,2026-10-08,2,02-CGB--69-T5-5836,metropolitan_train,Craigieburn,Craigieburn Line,15550,Newmarket Station,216.4271672,12197,Melbourne Central Station,192.75714128,28800,29460,660
rmit_city,20929,Flemington,2026-10-08,2,02-CGB--69-T5-5838,metropolitan_train,Craigieburn,Craigieburn Line,15550,Newmarket Station,216.4271672,12197,Melbourne Central Station,192.75714128,29280,29940,660
rmit_city,20929,Flemington,2026-10-08,2,02-CGB--69-T5-5840,metropolitan_train,Craigieburn,Craigieburn Line,15550,Newmarket Station,216.4271672,12197,Melbourne Central Station,192.75714128,29520,30180,660
rmit_city,20929,Flemington,2026-10-08,2,02-CGB--69-T5-5842,metropolitan_train,Craigieburn,Craigieburn Line,15550,Newmarket Station,216.4271672,12197,Melbourne Central Station,192.75714128,29760,30420,660
rmit_city,20929,Flemington,2026-10-08,2,02-CGB--69-T5-5844,metropolitan_train,Craigieburn,Craigieburn Line,15550,Newmarket Station,216.4271672,12197,Melbourne Central Station,192.75714128,30240,30900,660
rmit_city,20929,Flemington,2026-10-08,2,02-CGB--69-T5-5846,metropolitan_train,Craigieburn,Craigieburn Line,15550,Newmarket Station,216.4271672,12197,Melbourne Central Station,192.75714128,30480,31140,660
rmit_city,20929,Flemington,2026-10-08,2,02-CGB--69-T5-5848,metropolitan_train,Craigieburn,Craigieburn Line,15550,Newmarket Station,216.4271672,12197,Melbourne Central Station,192.75714128,30720,31380,660
rmit_city,20929,Flemington,2026-10-08,2,02-CGB--69-T5-5850,metropolitan_train,Craigieburn,Craigieburn Line,15550,Newmarket Station,216.4271672,12197,Melbourne Central Station,192.75714128,31200,31860,660
rmit_city,20929,Flemington,2026-10-08,2,02-CGB--69-T5-5852,metropolitan_train,Craigieburn,Craigieburn Line,15550,Newmarket Station,216.4271672,12197,Melbourne Central Station,192.75714128,31680,32340,660
rmit_city,20929,Flemington,2026-10-08,2,02-CGB--69-T5-5854,metropolitan_train,Craigieburn,Craigieburn Line,15550,Newmarket Station,216.4271672,12197,Melbourne Central Station,192.75714128,32160,32820,660
rmit_city,20929,Flemington,2026-10-08,2,02-UFD--69-T5-5614,metropolitan_train,Upfield,Upfield Line,14320,Flemington Bridge Station,690.87584347,12197,Melbourne Central Station,192.75714128,26160,26820,660
rmit_city,20929,Flemington,2026-10-08,2,02-UFD--69-T5-5616,metropolitan_train,Upfield,Upfield Line,14320,Flemington Bridge Station,690.87584347,12197,Melbourne Central Station,192.75714128,27120,27780,660
rmit_city,20929,Flemington,2026-10-08,2,02-UFD--69-T5-5618,metropolitan_train,Upfield,Upfield Line,14320,Flemington Bridge Station,690.87584347,12197,Melbourne Central Station,192.75714128,28080,28740,660
rmit_city,20929,Flemington,2026-10-08,2,02-UFD--69-T5-5620,metropolitan_train,Upfield,Upfield Line,14320,Flemington Bridge Station,690.87584347,12197,Melbourne Central Station,192.75714128,29040,29700,660
rmit_city,20929,Flemington,2026-10-08,2,02-UFD--69-T5-5622,metropolitan_train,Upfield,Upfield Line,14320,Flemington Bridge Station,690.87584347,12197,Melbourne Central Station,192.75714128,30000,30660,660
rmit_city,20929,Flemington,2026-10-08,2,02-UFD--69-T5-5624,metropolitan_train,Upfield,Upfield Line,14320,Flemington Bridge Station,690.87584347,12197,Melbourne Central Station,192.75714128,30960,31620,660
rmit_city,20929,Flemington,2026-10-08,2,02-UFD--69-T5-5626,metropolitan_train,Upfield,Upfield Line,14320,Flemington Bridge Station,690.87584347,12197,Melbourne Central Station,192.75714128,31920,32580,660
rmit_city,20929,Flemington,2026-10-08,3,03-57--5-T5-142609563,tram,57,West Maribyrnong - Flinders Street Station,17957,Stubbs St/Racecourse Rd #23,463.45255854,17871,Queen Victoria Market/Elizabeth St #7,278.17645067,25200,26040,840
rmit_city,20929,Flemington,2026-10-08,3,03-57--5-T5-142609564,tram,57,West Maribyrnong - Flinders Street Station,17955,Wellington St/Racecourse Rd #25,76.25832848,17871,Queen Victoria Market/Elizabeth St #7,278.17645067,25560,26520,960
rmit_city,20929,Flemington,2026-10-08,3,03-57--5-T5-142609565,tram,57,West Maribyrnong - Flinders Street Station,17955,Wellington St/Racecourse Rd #25,76.25832848,17871,Queen Victoria Market/Elizabeth St #7,278.17645067,25980,26940,960
rmit_city,20929,Flemington,2026-10-08,3,03-57--5-T5-142609566,tram,57,West Maribyrnong - Flinders Street Station,17955,Wellington St/Racecourse Rd #25,76.25832848,17871,Queen Victoria Market/Elizabeth St #7,278.17645067,26460,27420,960
rmit_city,20929,Flemington,2026-10-08,3,03-57--5-T5-142609567,tram,57,West Maribyrnong - Flinders Street Station,17955,Wellington St/Racecourse Rd #25,76.25832848,17871,Queen Victoria Market/Elizabeth St #7,278.17645067,26820,27840,1020
rmit_city,20929,Flemington,2026-10-08,3,03-57--5-T5-142609568,tram,57,West Maribyrnong - Flinders Street Station,17955,Wellington St/Racecourse Rd #25,76.25832848,17871,Queen Victoria Market/Elizabeth St #7,278.17645067,27180,28260,1080
rmit_city,20929,Flemington,2026-10-08,3,03-57--5-T5-142609569,tram,57,West Maribyrnong - Flinders Street Station,17955,Wellington St/Racecourse Rd #25,76.25832848,17871,Queen Victoria Market/Elizabeth St #7,278.17645067,27600,28680,1080
rmit_city,20929,Flemington,2026-10-08,3,03-57--5-T5-142609570,tram,57,West Maribyrnong - Flinders Street Station,17955,Wellington St/Racecourse Rd #25,76.25832848,17871,Queen Victoria Market/Elizabeth St #7,278.17645067,27960,29100,1140
rmit_city,20929,Flemington,2026-10-08,3,03-57--5-T5-142609571,tram,57,West Maribyrnong - Flinders Street Station,17955,Wellington St/Racecourse Rd #25,76.25832848,17871,Queen Victoria Market/Elizabeth St #7,278.17645067,28320,29460,1140
rmit_city,20929,Flemington,2026-10-08,3,03-57--5-T5-142609572,tram,57,West Maribyrnong - Flinders Street Station,17955,Wellington St/Racecourse Rd #25,76.25832848,17871,Queen Victoria Market/Elizabeth St #7,278.17645067,28680,29820,1140
rmit_city,20929,Flemington,2026-10-08,3,03-57--5-T5-142609573,tram,57,West Maribyrnong - Flinders Street Station,17955,Wellington St/Racecourse Rd #25,76.25832848,17871,Queen Victoria Market/Elizabeth St #7,278.17645067,29040,30180,1140
rmit_city,20929,Flemington,2026-10-08,3,03-57--5-T5-142609574,tram,57,West Maribyrnong - Flinders Street Station,17955,Wellington St/Racecourse Rd #25,76.25832848,17871,Queen Victoria Market/Elizabeth St #7,278.17645067,29400,30540,1140
rmit_city,20929,Flemington,2026-10-08,3,03-57--5-T5-142609575,tram,57,West Maribyrnong - Flinders Street Station,17955,Wellington St/Racecourse Rd #25,76.25832848,17871,Queen Victoria Market/Elizabeth St #7,278.17645067,29760,30900,1140
rmit_city,20929,Flemington,2026-10-08,3,03-57--5-T5-142609576,tram,57,West Maribyrnong - Flinders Street Station,17955,Wellington St/Racecourse Rd #25,76.25832848,17871,Queen Victoria Market/Elizabeth St #7,278.17645067,30120,31260,1140
rmit_city,20929,Flemington,2026-10-08,3,03-57--5-T5-142609577,tram,57,West Maribyrnong - Flinders Street Station,17955,Wellington St/Racecourse Rd #25,76.25832848,17871,Queen Victoria Market/Elizabeth St #7,278.17645067,30480,31620,1140
rmit_city,20929,Flemington,2026-10-08,3,03-57--5-T5-142609578,tram,57,West Maribyrnong - Flinders Street Station,17955,Wellington St/Racecourse Rd #25,76.25832848,17871,Queen Victoria Market/Elizabeth St #7,278.17645067,30840,31980,1140
rmit_city,20929,Flemington,2026-10-08,3,03-57--5-T5-142609579,tram,57,West Maribyrnong - Flinders Street Station,17955,Wellington St/Racecourse Rd #25,76.25832848,17871,Queen Victoria Market/Elizabeth St #7,278.17645067,31260,32400,1140
rmit_city,20929,Flemington,2026-10-08,3,03-57--5-T5-142609580,tram,57,West Maribyrnong - Flinders Street Station,17955,Wellington St/Racecourse Rd #25,76.25832848,17871,Queen Victoria Market/Elizabeth St #7,278.17645067,31680,32820,1140
rmit_city,20929,Flemington,2026-10-08,3,03-57--5-T5-142609581,tram,57,West Maribyrnong - Flinders Street Station,17955,Wellington St/Racecourse Rd #25,76.25832848,17871,Queen Victoria Market/Elizabeth St #7,278.17645067,32100,33240,1140
rmit_city,20929,Flemington,2026-10-08,3,03-59--5-T5-142606041,tram,59,Airport West - Flinders Street Station,19261,Mooltan St/Mt Alexander Rd #24,632.49931319,17871,Queen Victoria Market/Elizabeth St #7,278.17645067,25560,26340,780
rmit_city,20929,Flemington,2026-10-08,3,03-59--5-T5-142606042,tram,59,Airport West - Flinders Street Station,19261,Mooltan St/Mt Alexander Rd #24,632.49931319,17871,Queen Victoria Market/Elizabeth St #7,278.17645067,26040,26820,780
rmit_city,20929,Flemington,2026-10-08,3,03-59--5-T5-142606043,tram,59,Airport West - Flinders Street Station,19261,Mooltan St/Mt Alexander Rd #24,632.49931319,17871,Queen Victoria Market/Elizabeth St #7,278.17645067,26460,27240,780
rmit_city,20929,Flemington,2026-10-08,3,03-59--5-T5-142606044,tram,59,Airport West - Flinders Street Station,19261,Mooltan St/Mt Alexander Rd #24,632.49931319,17871,Queen Victoria Market/Elizabeth St #7,278.17645067,26880,27660,780
rmit_city,20929,Flemington,2026-10-08,3,03-59--5-T5-142606045,tram,59,Airport West - Flinders Street Station,19261,Mooltan St/Mt Alexander Rd #24,632.49931319,17871,Queen Victoria Market/Elizabeth St #7,278.17645067,27240,28020,780
rmit_city,20929,Flemington,2026-10-08,3,03-59--5-T5-142606046,tram,59,Airport West - Flinders Street Station,19261,Mooltan St/Mt Alexander Rd #24,632.49931319,17871,Queen Victoria Market/Elizabeth St #7,278.17645067,27660,28440,780
rmit_city,20929,Flemington,2026-10-08,3,03-59--5-T5-142606047,tram,59,Airport West - Flinders Street Station,19261,Mooltan St/Mt Alexander Rd #24,632.49931319,17871,Queen Victoria Market/Elizabeth St #7,278.17645067,28020,28860,840
rmit_city,20929,Flemington,2026-10-08,3,03-59--5-T5-142606048,tram,59,Airport West - Flinders Street Station,19261,Mooltan St/Mt Alexander Rd #24,632.49931319,17871,Queen Victoria Market/Elizabeth St #7,278.17645067,28380,29280,900
rmit_city,20929,Flemington,2026-10-08,3,03-59--5-T5-142606049,tram,59,Airport West - Flinders Street Station,19261,Mooltan St/Mt Alexander Rd #24,632.49931319,17871,Queen Victoria Market/Elizabeth St #7,278.17645067,28740,29640,900
rmit_city,20929,Flemington,2026-10-08,3,03-59--5-T5-142606050,tram,59,Airport West - Flinders Street Station,19261,Mooltan St/Mt Alexander Rd #24,632.49931319,17871,Queen Victoria Market/Elizabeth St #7,278.17645067,29100,30000,900
rmit_city,20929,Flemington,2026-10-08,3,03-59--5-T5-142606051,tram,59,Airport West - Flinders Street Station,19261,Mooltan St/Mt Alexander Rd #24,632.49931319,17871,Queen Victoria Market/Elizabeth St #7,278.17645067,29460,30360,900
rmit_city,20929,Flemington,2026-10-08,3,03-59--5-T5-142606052,tram,59,Airport West - Flinders Street Station,19261,Mooltan St/Mt Alexander Rd #24,632.49931319,17871,Queen Victoria Market/Elizabeth St #7,278.17645067,29820,30720,900
rmit_city,20929,Flemington,2026-10-08,3,03-59--5-T5-142606053,tram,59,Airport West - Flinders Street Station,19261,Mooltan St/Mt Alexander Rd #24,632.49931319,17871,Queen Victoria Market/Elizabeth St #7,278.17645067,30180,31080,900
rmit_city,20929,Flemington,2026-10-08,3,03-59--5-T5-142606054,tram,59,Airport West - Flinders Street Station,19261,Mooltan St/Mt Alexander Rd #24,632.49931319,17871,Queen Victoria Market/Elizabeth St #7,278.17645067,30540,31440,900
rmit_city,20929,Flemington,2026-10-08,3,03-59--5-T5-142606055,tram,59,Airport West - Flinders Street Station,19261,Mooltan St/Mt Alexander Rd #24,632.49931319,17871,Queen Victoria Market/Elizabeth St #7,278.17645067,30900,31800,900
rmit_city,20929,Flemington,2026-10-08,3,03-59--5-T5-142606056,tram,59,Airport West - Flinders Street Station,19261,Mooltan St/Mt Alexander Rd #24,632.49931319,17871,Queen Victoria Market/Elizabeth St #7,278.17645067,31260,32160,900
rmit_city,20929,Flemington,2026-10-08,3,03-59--5-T5-142606057,tram,59,Airport West - Flinders Street Station,19261,Mooltan St/Mt Alexander Rd #24,632.49931319,17871,Queen Victoria Market/Elizabeth St #7,278.17645067,31680,32580,900
rmit_city,20929,Flemington,2026-10-08,3,03-59--5-T5-142606058,tram,59,Airport West - Flinders Street Station,19261,Mooltan St/Mt Alexander Rd #24,632.49931319,17871,Queen Victoria Market/Elizabeth St #7,278.17645067,32160,33060,900
rmit_city,20929,Flemington,2026-10-08,4,53-402--1-MF17-10000107,bus,402,Footscray Station - East Melbourne via North Melbourne,7578,Kensington Station/Macaulay Rd,763.59356159,655,Exhibition Building/Rathdowne St,762.43625241,29700,31800,2100
rmit_city,20929,Flemington,2026-10-08,4,53-402--1-MF17-10000139,bus,402,Footscray Station - East Melbourne via North Melbourne,7578,Kensington Station/Macaulay Rd,763.59356159,655,Exhibition Building/Rathdowne St,762.43625241,25560,26760,1200
rmit_city,20929,Flemington,2026-10-08,4,53-402--1-MF17-10000141,bus,402,Footscray Station - East Melbourne via North Melbourne,7578,Kensington Station/Macaulay Rd,763.59356159,655,Exhibition Building/Rathdowne St,762.43625241,30900,32880,1980
rmit_city,20929,Flemington,2026-10-08,4,53-402--1-MF17-10000652,bus,402,Footscray Station - East Melbourne via North Melbourne,7578,Kensington Station/Macaulay Rd,763.59356159,655,Exhibition Building/Rathdowne St,762.43625241,27840,29700,1860
rmit_city,20929,Flemington,2026-10-08,4,53-402--1-MF17-10000713,bus,402,Footscray Station - East Melbourne via North Melbourne,7578,Kensington Station/Macaulay Rd,763.59356159,655,Exhibition Building/Rathdowne St,762.43625241,29040,30960,1920
rmit_city,20929,Flemington,2026-10-08,4,53-402--1-MF17-10000871,bus,402,Footscray Station - East Melbourne via North Melbourne,7578,Kensington Station/Macaulay Rd,763.59356159,655,Exhibition Building/Rathdowne St,762.43625241,28440,30360,1920
rmit_city,20929,Flemington,2026-10-08,4,53-402--1-MF17-10001222,bus,402,Footscray Station - East Melbourne via North Melbourne,7578,Kensington Station/Macaulay Rd,763.59356159,655,Exhibition Building/Rathdowne St,762.43625241,25920,27240,1320
rmit_city,20929,Flemington,2026-10-08,4,53-402--1-MF17-10001224,bus,402,Footscray Station - East Melbourne via North Melbourne,7578,Kensington Station/Macaulay Rd,763.59356159,655,Exhibition Building/Rathdowne St,762.43625241,31500,33360,1860
rmit_city,20929,Flemington,2026-10-08,4,53-402--1-MF17-10001378,bus,402,Footscray Station - East Melbourne via North Melbourne,7578,Kensington Station/Macaulay Rd,763.59356159,655,Exhibition Building/Rathdowne St,762.43625241,26640,28020,1380
rmit_city,20929,Flemington,2026-10-08,4,53-402--1-MF17-10001380,bus,402,Footscray Station - East Melbourne via North Melbourne,7578,Kensington Station/Macaulay Rd,763.59356159,655,Exhibition Building/Rathdowne St,762.43625241,32100,33780,1680
rmit_city,20929,Flemington,2026-10-08,4,53-402--1-MF17-10001426,bus,402,Footscray Station - East Melbourne via North Melbourne,7578,Kensington Station/Macaulay Rd,763.59356159,655,Exhibition Building/Rathdowne St,762.43625241,25260,26460,1200
rmit_city,20929,Flemington,2026-10-08,4,53-402--1-MF17-10001428,bus,402,Footscray Station - East Melbourne via North Melbourne,7578,Kensington Station/Macaulay Rd,763.59356159,655,Exhibition Building/Rathdowne St,762.43625241,30300,32400,2100
rmit_city,20929,Flemington,2026-10-08,4,53-402--1-MF17-10001654,bus,402,Footscray Station - East Melbourne via North Melbourne,7578,Kensington Station/Macaulay Rd,763.59356159,655,Exhibition Building/Rathdowne St,762.43625241,27240,28800,1560
rmit_city,21327,Kensington (Vic.),2026-10-08,2,02-CGB--69-T5-5820,metropolitan_train,Craigieburn,Craigieburn Line,15552,Kensington Station,488.02368329,12197,Melbourne Central Station,192.75714128,25500,26100,600
rmit_city,21327,Kensington (Vic.),2026-10-08,2,02-CGB--69-T5-5822,metropolitan_train,Craigieburn,Craigieburn Line,15552,Kensington Station,488.02368329,12197,Melbourne Central Station,192.75714128,25980,26580,600
rmit_city,21327,Kensington (Vic.),2026-10-08,2,02-CGB--69-T5-5824,metropolitan_train,Craigieburn,Craigieburn Line,15552,Kensington Station,488.02368329,12197,Melbourne Central Station,192.75714128,26460,27060,600
rmit_city,21327,Kensington (Vic.),2026-10-08,2,02-CGB--69-T5-5826,metropolitan_train,Craigieburn,Craigieburn Line,15552,Kensington Station,488.02368329,12197,Melbourne Central Station,192.75714128,26940,27540,600
rmit_city,21327,Kensington (Vic.),2026-10-08,2,02-CGB--69-T5-5828,metropolitan_train,Craigieburn,Craigieburn Line,15552,Kensington Station,488.02368329,12197,Melbourne Central Station,192.75714128,27420,28020,600
rmit_city,21327,Kensington (Vic.),2026-10-08,2,02-CGB--69-T5-5830,metropolitan_train,Craigieburn,Craigieburn Line,15552,Kensington Station,488.02368329,12197,Melbourne Central Station,192.75714128,27900,28500,600
rmit_city,21327,Kensington (Vic.),2026-10-08,2,02-CGB--69-T5-5832,metropolitan_train,Craigieburn,Craigieburn Line,15552,Kensington Station,488.02368329,12197,Melbourne Central Station,192.75714128,28380,28980,600
rmit_city,21327,Kensington (Vic.),2026-10-08,2,02-CGB--69-T5-5834,metropolitan_train,Craigieburn,Craigieburn Line,15552,Kensington Station,488.02368329,12197,Melbourne Central Station,192.75714128,28620,29220,600
rmit_city,21327,Kensington (Vic.),2026-10-08,2,02-CGB--69-T5-5836,metropolitan_train,Craigieburn,Craigieburn Line,15552,Kensington Station,488.02368329,12197,Melbourne Central Station,192.75714128,28860,29460,600
rmit_city,21327,Kensington (Vic.),2026-10-08,2,02-CGB--69-T5-5838,metropolitan_train,Craigieburn,Craigieburn Line,15552,Kensington Station,488.02368329,12197,Melbourne Central Station,192.75714128,29340,29940,600
rmit_city,21327,Kensington (Vic.),2026-10-08,2,02-CGB--69-T5-5840,metropolitan_train,Craigieburn,Craigieburn Line,15552,Kensington Station,488.02368329,12197,Melbourne Central Station,192.75714128,29580,30180,600
rmit_city,21327,Kensington (Vic.),2026-10-08,2,02-CGB--69-T5-5842,metropolitan_train,Craigieburn,Craigieburn Line,15552,Kensington Station,488.02368329,12197,Melbourne Central Station,192.75714128,29820,30420,600
rmit_city,21327,Kensington (Vic.),2026-10-08,2,02-CGB--69-T5-5844,metropolitan_train,Craigieburn,Craigieburn Line,15552,Kensington Station,488.02368329,12197,Melbourne Central Station,192.75714128,30300,30900,600
rmit_city,21327,Kensington (Vic.),2026-10-08,2,02-CGB--69-T5-5846,metropolitan_train,Craigieburn,Craigieburn Line,15552,Kensington Station,488.02368329,12197,Melbourne Central Station,192.75714128,30540,31140,600
rmit_city,21327,Kensington (Vic.),2026-10-08,2,02-CGB--69-T5-5848,metropolitan_train,Craigieburn,Craigieburn Line,15552,Kensington Station,488.02368329,12197,Melbourne Central Station,192.75714128,30780,31380,600
rmit_city,21327,Kensington (Vic.),2026-10-08,2,02-CGB--69-T5-5850,metropolitan_train,Craigieburn,Craigieburn Line,15552,Kensington Station,488.02368329,12197,Melbourne Central Station,192.75714128,31260,31860,600
rmit_city,21327,Kensington (Vic.),2026-10-08,2,02-CGB--69-T5-5852,metropolitan_train,Craigieburn,Craigieburn Line,15552,Kensington Station,488.02368329,12197,Melbourne Central Station,192.75714128,31740,32340,600
rmit_city,21327,Kensington (Vic.),2026-10-08,2,02-CGB--69-T5-5854,metropolitan_train,Craigieburn,Craigieburn Line,15552,Kensington Station,488.02368329,12197,Melbourne Central Station,192.75714128,32220,32820,600
rmit_city,21327,Kensington (Vic.),2026-10-08,3,03-57--5-T5-142609564,tram,57,West Maribyrnong - Flinders Street Station,17954,Newmarket Plaza/Racecourse Rd #26,778.67239454,17871,Queen Victoria Market/Elizabeth St #7,278.17645067,25500,26520,1020
rmit_city,21327,Kensington (Vic.),2026-10-08,3,03-57--5-T5-142609565,tram,57,West Maribyrnong - Flinders Street Station,17954,Newmarket Plaza/Racecourse Rd #26,778.67239454,17871,Queen Victoria Market/Elizabeth St #7,278.17645067,25920,26940,1020
rmit_city,21327,Kensington (Vic.),2026-10-08,3,03-57--5-T5-142609566,tram,57,West Maribyrnong - Flinders Street Station,17954,Newmarket Plaza/Racecourse Rd #26,778.67239454,17871,Queen Victoria Market/Elizabeth St #7,278.17645067,26400,27420,1020
rmit_city,21327,Kensington (Vic.),2026-10-08,3,03-57--5-T5-142609567,tram,57,West Maribyrnong - Flinders Street Station,17954,Newmarket Plaza/Racecourse Rd #26,778.67239454,17871,Queen Victoria Market/Elizabeth St #7,278.17645067,26760,27840,1080
rmit_city,21327,Kensington (Vic.),2026-10-08,3,03-57--5-T5-142609568,tram,57,West Maribyrnong - Flinders Street Station,17954,Newmarket Plaza/Racecourse Rd #26,778.67239454,17871,Queen Victoria Market/Elizabeth St #7,278.17645067,27120,28260,1140
rmit_city,21327,Kensington (Vic.),2026-10-08,3,03-57--5-T5-142609569,tram,57,West Maribyrnong - Flinders Street Station,17954,Newmarket Plaza/Racecourse Rd #26,778.67239454,17871,Queen Victoria Market/Elizabeth St #7,278.17645067,27540,28680,1140
rmit_city,21327,Kensington (Vic.),2026-10-08,3,03-57--5-T5-142609570,tram,57,West Maribyrnong - Flinders Street Station,17954,Newmarket Plaza/Racecourse Rd #26,778.67239454,17871,Queen Victoria Market/Elizabeth St #7,278.17645067,27900,29100,1200
rmit_city,21327,Kensington (Vic.),2026-10-08,3,03-57--5-T5-142609571,tram,57,West Maribyrnong - Flinders Street Station,17954,Newmarket Plaza/Racecourse Rd #26,778.67239454,17871,Queen Victoria Market/Elizabeth St #7,278.17645067,28260,29460,1200
rmit_city,21327,Kensington (Vic.),2026-10-08,3,03-57--5-T5-142609572,tram,57,West Maribyrnong - Flinders Street Station,17954,Newmarket Plaza/Racecourse Rd #26,778.67239454,17871,Queen Victoria Market/Elizabeth St #7,278.17645067,28620,29820,1200
rmit_city,21327,Kensington (Vic.),2026-10-08,3,03-57--5-T5-142609573,tram,57,West Maribyrnong - Flinders Street Station,17954,Newmarket Plaza/Racecourse Rd #26,778.67239454,17871,Queen Victoria Market/Elizabeth St #7,278.17645067,28980,30180,1200
rmit_city,21327,Kensington (Vic.),2026-10-08,3,03-57--5-T5-142609574,tram,57,West Maribyrnong - Flinders Street Station,17954,Newmarket Plaza/Racecourse Rd #26,778.67239454,17871,Queen Victoria Market/Elizabeth St #7,278.17645067,29340,30540,1200
rmit_city,21327,Kensington (Vic.),2026-10-08,3,03-57--5-T5-142609575,tram,57,West Maribyrnong - Flinders Street Station,17954,Newmarket Plaza/Racecourse Rd #26,778.67239454,17871,Queen Victoria Market/Elizabeth St #7,278.17645067,29700,30900,1200
rmit_city,21327,Kensington (Vic.),2026-10-08,3,03-57--5-T5-142609576,tram,57,West Maribyrnong - Flinders Street Station,17954,Newmarket Plaza/Racecourse Rd #26,778.67239454,17871,Queen Victoria Market/Elizabeth St #7,278.17645067,30060,31260,1200
rmit_city,21327,Kensington (Vic.),2026-10-08,3,03-57--5-T5-142609577,tram,57,West Maribyrnong - Flinders Street Station,17954,Newmarket Plaza/Racecourse Rd #26,778.67239454,17871,Queen Victoria Market/Elizabeth St #7,278.17645067,30420,31620,1200
rmit_city,21327,Kensington (Vic.),2026-10-08,3,03-57--5-T5-142609578,tram,57,West Maribyrnong - Flinders Street Station,17954,Newmarket Plaza/Racecourse Rd #26,778.67239454,17871,Queen Victoria Market/Elizabeth St #7,278.17645067,30780,31980,1200
rmit_city,21327,Kensington (Vic.),2026-10-08,3,03-57--5-T5-142609579,tram,57,West Maribyrnong - Flinders Street Station,17954,Newmarket Plaza/Racecourse Rd #26,778.67239454,17871,Queen Victoria Market/Elizabeth St #7,278.17645067,31200,32400,1200
rmit_city,21327,Kensington (Vic.),2026-10-08,3,03-57--5-T5-142609580,tram,57,West Maribyrnong - Flinders Street Station,17954,Newmarket Plaza/Racecourse Rd #26,778.67239454,17871,Queen Victoria Market/Elizabeth St #7,278.17645067,31620,32820,1200
rmit_city,21327,Kensington (Vic.),2026-10-08,3,03-57--5-T5-142609581,tram,57,West Maribyrnong - Flinders Street Station,17954,Newmarket Plaza/Racecourse Rd #26,778.67239454,17871,Queen Victoria Market/Elizabeth St #7,278.17645067,32040,33240,1200
rmit_city,21327,Kensington (Vic.),2026-10-08,4,53-402--1-MF17-10000107,bus,402,Footscray Station - East Melbourne via North Melbourne,7577,Derby St/Kensington Rd,113.07501295,655,Exhibition Building/Rathdowne St,762.43625241,29460,31800,2340
rmit_city,21327,Kensington (Vic.),2026-10-08,4,53-402--1-MF17-10000139,bus,402,Footscray Station - East Melbourne via North Melbourne,7577,Derby St/Kensington Rd,113.07501295,655,Exhibition Building/Rathdowne St,762.43625241,25380,26760,1380
rmit_city,21327,Kensington (Vic.),2026-10-08,4,53-402--1-MF17-10000141,bus,402,Footscray Station - East Melbourne via North Melbourne,7577,Derby St/Kensington Rd,113.07501295,655,Exhibition Building/Rathdowne St,762.43625241,30660,32880,2220
rmit_city,21327,Kensington (Vic.),2026-10-08,4,53-402--1-MF17-10000652,bus,402,Footscray Station - East Melbourne via North Melbourne,7577,Derby St/Kensington Rd,113.07501295,655,Exhibition Building/Rathdowne St,762.43625241,27600,29700,2100
rmit_city,21327,Kensington (Vic.),2026-10-08,4,53-402--1-MF17-10000713,bus,402,Footscray Station - East Melbourne via North Melbourne,7577,Derby St/Kensington Rd,113.07501295,655,Exhibition Building/Rathdowne St,762.43625241,28800,30960,2160
rmit_city,21327,Kensington (Vic.),2026-10-08,4,53-402--1-MF17-10000871,bus,402,Footscray Station - East Melbourne via North Melbourne,7577,Derby St/Kensington Rd,113.07501295,655,Exhibition Building/Rathdowne St,762.43625241,28200,30360,2160
rmit_city,21327,Kensington (Vic.),2026-10-08,4,53-402--1-MF17-10001222,bus,402,Footscray Station - East Melbourne via North Melbourne,7577,Derby St/Kensington Rd,113.07501295,655,Exhibition Building/Rathdowne St,762.43625241,25740,27240,1500
rmit_city,21327,Kensington (Vic.),2026-10-08,4,53-402--1-MF17-10001224,bus,402,Footscray Station - East Melbourne via North Melbourne,7577,Derby St/Kensington Rd,113.07501295,655,Exhibition Building/Rathdowne St,762.43625241,31260,33360,2100
rmit_city,21327,Kensington (Vic.),2026-10-08,4,53-402--1-MF17-10001378,bus,402,Footscray Station - East Melbourne via North Melbourne,7577,Derby St/Kensington Rd,113.07501295,655,Exhibition Building/Rathdowne St,762.43625241,26400,28020,1620
rmit_city,21327,Kensington (Vic.),2026-10-08,4,53-402--1-MF17-10001380,bus,402,Footscray Station - East Melbourne via North Melbourne,7577,Derby St/Kensington Rd,113.07501295,655,Exhibition Building/Rathdowne St,762.43625241,31860,33780,1920
rmit_city,21327,Kensington (Vic.),2026-10-08,4,53-402--1-MF17-10001426,bus,402,Footscray Station - East Melbourne via North Melbourne,7578,Kensington Station/Macaulay Rd,427.27120813,655,Exhibition Building/Rathdowne St,762.43625241,25260,26460,1200
rmit_city,21327,Kensington (Vic.),2026-10-08,4,53-402--1-MF17-10001428,bus,402,Footscray Station - East Melbourne via North Melbourne,7577,Derby St/Kensington Rd,113.07501295,655,Exhibition Building/Rathdowne St,762.43625241,30060,32400,2340
rmit_city,21327,Kensington (Vic.),2026-10-08,4,53-402--1-MF17-10001654,bus,402,Footscray Station - East Melbourne via North Melbourne,7577,Derby St/Kensington Rd,113.07501295,655,Exhibition Building/Rathdowne St,762.43625241,27000,28800,1800
rmit_city,21327,Kensington (Vic.),2026-10-08,4,53-402--1-MF17-10001656,bus,402,Footscray Station - East Melbourne via North Melbourne,7577,Derby St/Kensington Rd,113.07501295,655,Exhibition Building/Rathdowne St,762.43625241,32340,34200,1860
rmit_city,21640,Melbourne,2026-10-08,4,49-605--1-MF5-1014,bus,605,Gardenvale - City (Queen Victoria Market),51140,Melbourne Girls Grammar/Anderson St,711.47087526,47244,A'Beckett St/Queen St,414.3657922,25260,26580,1320
rmit_city,21640,Melbourne,2026-10-08,4,49-605--1-MF5-1069,bus,605,Gardenvale - City (Queen Victoria Market),51140,Melbourne Girls Grammar/Anderson St,711.47087526,47244,A'Beckett St/Queen St,414.3657922,30360,32220,1860
rmit_city,21640,Melbourne,2026-10-08,4,49-605--1-MF5-1073,bus,605,Gardenvale - City (Queen Victoria Market),51140,Melbourne Girls Grammar/Anderson St,711.47087526,47244,A'Beckett St/Queen St,414.3657922,26160,27600,1440
rmit_city,21640,Melbourne,2026-10-08,4,49-605--1-MF5-1148,bus,605,Gardenvale - City (Queen Victoria Market),51140,Melbourne Girls Grammar/Anderson St,711.47087526,47244,A'Beckett St/Queen St,414.3657922,29580,31440,1860
rmit_city,21640,Melbourne,2026-10-08,4,49-605--1-MF5-1194,bus,605,Gardenvale - City (Queen Victoria Market),51140,Melbourne Girls Grammar/Anderson St,711.47087526,47244,A'Beckett St/Queen St,414.3657922,32220,33660,1440
rmit_city,21640,Melbourne,2026-10-08,4,49-605--1-MF5-863,bus,605,Gardenvale - City (Queen Victoria Market),51140,Melbourne Girls Grammar/Anderson St,711.47087526,47244,A'Beckett St/Queen St,414.3657922,28440,30300,1860
rmit_city,21640,Melbourne,2026-10-08,4,49-605--1-MF5-889,bus,605,Gardenvale - City (Queen Victoria Market),51140,Melbourne Girls Grammar/Anderson St,711.47087526,47244,A'Beckett St/Queen St,414.3657922,31260,32940,1680
rmit_city,21640,Melbourne,2026-10-08,4,49-605--1-MF5-928,bus,605,Gardenvale - City (Queen Victoria Market),51140,Melbourne Girls Grammar/Anderson St,711.47087526,47244,A'Beckett St/Queen St,414.3657922,27060,28800,1740
rmit_city,21677,Middle Park (Vic.),2026-10-08,3,03-96--5-T5-142608658,tram,96,East Brunswick - St Kilda Beach,20503,Middle Park Station/Light Rail #130,440.77181044,17887,Elizabeth St/Bourke St #5,654.06456433,25620,26820,1200
rmit_city,21677,Middle Park (Vic.),2026-10-08,3,03-96--5-T5-142608659,tram,96,East Brunswick - St Kilda Beach,20503,Middle Park Station/Light Rail #130,440.77181044,17887,Elizabeth St/Bourke St #5,654.06456433,26220,27480,1260
rmit_city,21677,Middle Park (Vic.),2026-10-08,3,03-96--5-T5-142608660,tram,96,East Brunswick - St Kilda Beach,20503,Middle Park Station/Light Rail #130,440.77181044,17887,Elizabeth St/Bourke St #5,654.06456433,26700,27960,1260
rmit_city,21677,Middle Park (Vic.),2026-10-08,3,03-96--5-T5-142608661,tram,96,East Brunswick - St Kilda Beach,20503,Middle Park Station/Light Rail #130,440.77181044,17887,Elizabeth St/Bourke St #5,654.06456433,27180,28440,1260
rmit_city,21677,Middle Park (Vic.),2026-10-08,3,03-96--5-T5-142608662,tram,96,East Brunswick - St Kilda Beach,20503,Middle Park Station/Light Rail #130,440.77181044,17887,Elizabeth St/Bourke St #5,654.06456433,27600,28920,1320
rmit_city,21677,Middle Park (Vic.),2026-10-08,3,03-96--5-T5-142608663,tram,96,East Brunswick - St Kilda Beach,20503,Middle Park Station/Light Rail #130,440.77181044,17887,Elizabeth St/Bourke St #5,654.06456433,28080,29400,1320
rmit_city,21677,Middle Park (Vic.),2026-10-08,3,03-96--5-T5-142608664,tram,96,East Brunswick - St Kilda Beach,20503,Middle Park Station/Light Rail #130,440.77181044,17887,Elizabeth St/Bourke St #5,654.06456433,28500,29820,1320
rmit_city,21677,Middle Park (Vic.),2026-10-08,3,03-96--5-T5-142608665,tram,96,East Brunswick - St Kilda Beach,20503,Middle Park Station/Light Rail #130,440.77181044,17887,Elizabeth St/Bourke St #5,654.06456433,28920,30240,1320
rmit_city,21677,Middle Park (Vic.),2026-10-08,3,03-96--5-T5-142608666,tram,96,East Brunswick - St Kilda Beach,20503,Middle Park Station/Light Rail #130,440.77181044,17887,Elizabeth St/Bourke St #5,654.06456433,29340,30660,1320
rmit_city,21677,Middle Park (Vic.),2026-10-08,3,03-96--5-T5-142608667,tram,96,East Brunswick - St Kilda Beach,20503,Middle Park Station/Light Rail #130,440.77181044,17887,Elizabeth St/Bourke St #5,654.06456433,29700,31020,1320
rmit_city,21677,Middle Park (Vic.),2026-10-08,3,03-96--5-T5-142608668,tram,96,East Brunswick - St Kilda Beach,20503,Middle Park Station/Light Rail #130,440.77181044,17887,Elizabeth St/Bourke St #5,654.06456433,30060,31380,1320
rmit_city,21677,Middle Park (Vic.),2026-10-08,3,03-96--5-T5-142608669,tram,96,East Brunswick - St Kilda Beach,20503,Middle Park Station/Light Rail #130,440.77181044,17887,Elizabeth St/Bourke St #5,654.06456433,30420,31740,1320
rmit_city,21677,Middle Park (Vic.),2026-10-08,3,03-96--5-T5-142608670,tram,96,East Brunswick - St Kilda Beach,20503,Middle Park Station/Light Rail #130,440.77181044,17887,Elizabeth St/Bourke St #5,654.06456433,30780,32100,1320
rmit_city,21677,Middle Park (Vic.),2026-10-08,3,03-96--5-T5-142608671,tram,96,East Brunswick - St Kilda Beach,20503,Middle Park Station/Light Rail #130,440.77181044,17887,Elizabeth St/Bourke St #5,654.06456433,31200,32520,1320
rmit_city,21677,Middle Park (Vic.),2026-10-08,3,03-96--5-T5-142608672,tram,96,East Brunswick - St Kilda Beach,20503,Middle Park Station/Light Rail #130,440.77181044,17887,Elizabeth St/Bourke St #5,654.06456433,31560,32880,1320
rmit_city,21677,Middle Park (Vic.),2026-10-08,3,03-96--5-T5-142608673,tram,96,East Brunswick - St Kilda Beach,20503,Middle Park Station/Light Rail #130,440.77181044,17887,Elizabeth St/Bourke St #5,654.06456433,31920,33240,1320
rmit_city,21677,Middle Park (Vic.),2026-10-08,3,03-96--5-T5-142608674,tram,96,East Brunswick - St Kilda Beach,20503,Middle Park Station/Light Rail #130,440.77181044,17887,Elizabeth St/Bourke St #5,654.06456433,32280,33600,1320
rmit_city,21966,North Melbourne,2026-10-08,2,02-SUY--69-T5-Z016,metropolitan_train,Sunbury,Sunbury Line,26549,Arden Station,620.84450839,26553,State Library Station,78.26718493,26040,26400,360
rmit_city,21966,North Melbourne,2026-10-08,2,02-SUY--69-T5-Z018,metropolitan_train,Sunbury,Sunbury Line,26549,Arden Station,620.84450839,26553,State Library Station,78.26718493,26580,26940,360
rmit_city,21966,North Melbourne,2026-10-08,2,02-SUY--69-T5-Z020,metropolitan_train,Sunbury,Sunbury Line,26549,Arden Station,620.84450839,26553,State Library Station,78.26718493,27300,27660,360
rmit_city,21966,North Melbourne,2026-10-08,2,02-SUY--69-T5-Z022,metropolitan_train,Sunbury,Sunbury Line,26549,Arden Station,620.84450839,26553,State Library Station,78.26718493,27840,28200,360
rmit_city,21966,North Melbourne,2026-10-08,2,02-SUY--69-T5-Z024,metropolitan_train,Sunbury,Sunbury Line,26549,Arden Station,620.84450839,26553,State Library Station,78.26718493,28560,28920,360
rmit_city,21966,North Melbourne,2026-10-08,2,02-SUY--69-T5-Z026,metropolitan_train,Sunbury,Sunbury Line,26549,Arden Station,620.84450839,26553,State Library Station,78.26718493,29040,29400,360
rmit_city,21966,North Melbourne,2026-10-08,2,02-SUY--69-T5-Z028,metropolitan_train,Sunbury,Sunbury Line,26549,Arden Station,620.84450839,26553,State Library Station,78.26718493,29640,30000,360
rmit_city,21966,North Melbourne,2026-10-08,2,02-SUY--69-T5-Z030,metropolitan_train,Sunbury,Sunbury Line,26549,Arden Station,620.84450839,26553,State Library Station,78.26718493,30180,30540,360
rmit_city,21966,North Melbourne,2026-10-08,2,02-SUY--69-T5-Z032,metropolitan_train,Sunbury,Sunbury Line,26549,Arden Station,620.84450839,26553,State Library Station,78.26718493,30840,31200,360
rmit_city,21966,North Melbourne,2026-10-08,2,02-SUY--69-T5-Z034,metropolitan_train,Sunbury,Sunbury Line,26549,Arden Station,620.84450839,26553,State Library Station,78.26718493,31500,31860,360
rmit_city,21966,North Melbourne,2026-10-08,2,02-SUY--69-T5-Z036,metropolitan_train,Sunbury,Sunbury Line,26549,Arden Station,620.84450839,26553,State Library Station,78.26718493,32040,32400,360
rmit_city,21966,North Melbourne,2026-10-08,2,02-SUY--69-T5-Z402,metropolitan_train,Sunbury,Sunbury Line,26549,Arden Station,620.84450839,26553,State Library Station,78.26718493,25440,25800,360
rmit_city,21966,North Melbourne,2026-10-08,2,02-SUY--69-T5-Z404,metropolitan_train,Sunbury,Sunbury Line,26549,Arden Station,620.84450839,26553,State Library Station,78.26718493,27060,27420,360
rmit_city,21966,North Melbourne,2026-10-08,2,02-SUY--69-T5-Z406,metropolitan_train,Sunbury,Sunbury Line,26549,Arden Station,620.84450839,26553,State Library Station,78.26718493,27600,27960,360
rmit_city,21966,North Melbourne,2026-10-08,2,02-SUY--69-T5-Z408,metropolitan_train,Sunbury,Sunbury Line,26549,Arden Station,620.84450839,26553,State Library Station,78.26718493,28320,28680,360
rmit_city,21966,North Melbourne,2026-10-08,2,02-SUY--69-T5-Z410,metropolitan_train,Sunbury,Sunbury Line,26549,Arden Station,620.84450839,26553,State Library Station,78.26718493,28800,29160,360
rmit_city,21966,North Melbourne,2026-10-08,2,02-SUY--69-T5-Z412,metropolitan_train,Sunbury,Sunbury Line,26549,Arden Station,620.84450839,26553,State Library Station,78.26718493,29460,29820,360
rmit_city,21966,North Melbourne,2026-10-08,2,02-SUY--69-T5-Z414,metropolitan_train,Sunbury,Sunbury Line,26549,Arden Station,620.84450839,26553,State Library Station,78.26718493,29940,30300,360
rmit_city,21966,North Melbourne,2026-10-08,2,02-SUY--69-T5-Z416,metropolitan_train,Sunbury,Sunbury Line,26549,Arden Station,620.84450839,26553,State Library Station,78.26718493,30660,31020,360
rmit_city,21966,North Melbourne,2026-10-08,2,02-SUY--69-T5-Z418,metropolitan_train,Sunbury,Sunbury Line,26549,Arden Station,620.84450839,26553,State Library Station,78.26718493,31320,31680,360
rmit_city,21966,North Melbourne,2026-10-08,2,02-SUY--69-T5-Z420,metropolitan_train,Sunbury,Sunbury Line,26549,Arden Station,620.84450839,26553,State Library Station,78.26718493,31860,32220,360
rmit_city,21966,North Melbourne,2026-10-08,2,02-SUY--69-T5-Z610,metropolitan_train,Sunbury,Sunbury Line,26549,Arden Station,620.84450839,26553,State Library Station,78.26718493,28140,28500,360
rmit_city,21966,North Melbourne,2026-10-08,2,02-SUY--69-T5-Z612,metropolitan_train,Sunbury,Sunbury Line,26549,Arden Station,620.84450839,26553,State Library Station,78.26718493,29220,29580,360
rmit_city,21966,North Melbourne,2026-10-08,2,02-SUY--69-T5-Z614,metropolitan_train,Sunbury,Sunbury Line,26549,Arden Station,620.84450839,26553,State Library Station,78.26718493,30480,30840,360
rmit_city,21966,North Melbourne,2026-10-08,2,02-SUY--69-T5-Z616,metropolitan_train,Sunbury,Sunbury Line,26549,Arden Station,620.84450839,26553,State Library Station,78.26718493,31080,31440,360
rmit_city,21966,North Melbourne,2026-10-08,2,02-SUY--69-T5-Z618,metropolitan_train,Sunbury,Sunbury Line,26549,Arden Station,620.84450839,26553,State Library Station,78.26718493,31680,32040,360
rmit_city,21966,North Melbourne,2026-10-08,2,02-UFD--69-T5-5614,metropolitan_train,Upfield,Upfield Line,14322,Macaulay Station,713.71425824,12197,Melbourne Central Station,192.75714128,26220,26820,600
rmit_city,21966,North Melbourne,2026-10-08,2,02-UFD--69-T5-5616,metropolitan_train,Upfield,Upfield Line,14322,Macaulay Station,713.71425824,12197,Melbourne Central Station,192.75714128,27180,27780,600
rmit_city,21966,North Melbourne,2026-10-08,2,02-UFD--69-T5-5618,metropolitan_train,Upfield,Upfield Line,14322,Macaulay Station,713.71425824,12197,Melbourne Central Station,192.75714128,28140,28740,600
rmit_city,21966,North Melbourne,2026-10-08,2,02-UFD--69-T5-5620,metropolitan_train,Upfield,Upfield Line,14322,Macaulay Station,713.71425824,12197,Melbourne Central Station,192.75714128,29100,29700,600
rmit_city,21966,North Melbourne,2026-10-08,2,02-UFD--69-T5-5622,metropolitan_train,Upfield,Upfield Line,14322,Macaulay Station,713.71425824,12197,Melbourne Central Station,192.75714128,30060,30660,600
rmit_city,21966,North Melbourne,2026-10-08,2,02-UFD--69-T5-5624,metropolitan_train,Upfield,Upfield Line,14322,Macaulay Station,713.71425824,12197,Melbourne Central Station,192.75714128,31020,31620,600
rmit_city,21966,North Melbourne,2026-10-08,2,02-UFD--69-T5-5626,metropolitan_train,Upfield,Upfield Line,14322,Macaulay Station,713.71425824,12197,Melbourne Central Station,192.75714128,31980,32580,600
rmit_city,21966,North Melbourne,2026-10-08,3,03-57--5-T5-142609563,tram,57,West Maribyrnong - Flinders Street Station,18059,Haines St/Abbotsford St #16,270.11847624,17871,Queen Victoria Market/Elizabeth St #7,278.17645067,25500,26040,540
rmit_city,21966,North Melbourne,2026-10-08,3,03-57--5-T5-142609564,tram,57,West Maribyrnong - Flinders Street Station,18059,Haines St/Abbotsford St #16,270.11847624,17871,Queen Victoria Market/Elizabeth St #7,278.17645067,25980,26520,540
rmit_city,21966,North Melbourne,2026-10-08,3,03-57--5-T5-142609565,tram,57,West Maribyrnong - Flinders Street Station,18059,Haines St/Abbotsford St #16,270.11847624,17871,Queen Victoria Market/Elizabeth St #7,278.17645067,26400,26940,540
rmit_city,21966,North Melbourne,2026-10-08,3,03-57--5-T5-142609566,tram,57,West Maribyrnong - Flinders Street Station,18059,Haines St/Abbotsford St #16,270.11847624,17871,Queen Victoria Market/Elizabeth St #7,278.17645067,26880,27420,540
rmit_city,21966,North Melbourne,2026-10-08,3,03-57--5-T5-142609567,tram,57,West Maribyrnong - Flinders Street Station,18059,Haines St/Abbotsford St #16,270.11847624,17871,Queen Victoria Market/Elizabeth St #7,278.17645067,27300,27840,540
rmit_city,21966,North Melbourne,2026-10-08,3,03-57--5-T5-142609568,tram,57,West Maribyrnong - Flinders Street Station,18059,Haines St/Abbotsford St #16,270.11847624,17871,Queen Victoria Market/Elizabeth St #7,278.17645067,27720,28260,540
rmit_city,21966,North Melbourne,2026-10-08,3,03-57--5-T5-142609569,tram,57,West Maribyrnong - Flinders Street Station,18059,Haines St/Abbotsford St #16,270.11847624,17871,Queen Victoria Market/Elizabeth St #7,278.17645067,28140,28680,540
rmit_city,21966,North Melbourne,2026-10-08,3,03-57--5-T5-142609570,tram,57,West Maribyrnong - Flinders Street Station,18059,Haines St/Abbotsford St #16,270.11847624,17871,Queen Victoria Market/Elizabeth St #7,278.17645067,28500,29100,600
rmit_city,21966,North Melbourne,2026-10-08,3,03-57--5-T5-142609571,tram,57,West Maribyrnong - Flinders Street Station,18059,Haines St/Abbotsford St #16,270.11847624,17871,Queen Victoria Market/Elizabeth St #7,278.17645067,28860,29460,600
rmit_city,21966,North Melbourne,2026-10-08,3,03-57--5-T5-142609572,tram,57,West Maribyrnong - Flinders Street Station,18059,Haines St/Abbotsford St #16,270.11847624,17871,Queen Victoria Market/Elizabeth St #7,278.17645067,29220,29820,600
rmit_city,21966,North Melbourne,2026-10-08,3,03-57--5-T5-142609573,tram,57,West Maribyrnong - Flinders Street Station,18059,Haines St/Abbotsford St #16,270.11847624,17871,Queen Victoria Market/Elizabeth St #7,278.17645067,29580,30180,600
rmit_city,21966,North Melbourne,2026-10-08,3,03-57--5-T5-142609574,tram,57,West Maribyrnong - Flinders Street Station,18059,Haines St/Abbotsford St #16,270.11847624,17871,Queen Victoria Market/Elizabeth St #7,278.17645067,29940,30540,600
rmit_city,21966,North Melbourne,2026-10-08,3,03-57--5-T5-142609575,tram,57,West Maribyrnong - Flinders Street Station,18059,Haines St/Abbotsford St #16,270.11847624,17871,Queen Victoria Market/Elizabeth St #7,278.17645067,30300,30900,600
rmit_city,21966,North Melbourne,2026-10-08,3,03-57--5-T5-142609576,tram,57,West Maribyrnong - Flinders Street Station,18059,Haines St/Abbotsford St #16,270.11847624,17871,Queen Victoria Market/Elizabeth St #7,278.17645067,30660,31260,600
rmit_city,21966,North Melbourne,2026-10-08,3,03-57--5-T5-142609577,tram,57,West Maribyrnong - Flinders Street Station,18059,Haines St/Abbotsford St #16,270.11847624,17871,Queen Victoria Market/Elizabeth St #7,278.17645067,31020,31620,600
rmit_city,21966,North Melbourne,2026-10-08,3,03-57--5-T5-142609578,tram,57,West Maribyrnong - Flinders Street Station,18059,Haines St/Abbotsford St #16,270.11847624,17871,Queen Victoria Market/Elizabeth St #7,278.17645067,31380,31980,600
rmit_city,21966,North Melbourne,2026-10-08,3,03-57--5-T5-142609579,tram,57,West Maribyrnong - Flinders Street Station,18059,Haines St/Abbotsford St #16,270.11847624,17871,Queen Victoria Market/Elizabeth St #7,278.17645067,31800,32400,600
rmit_city,21966,North Melbourne,2026-10-08,3,03-57--5-T5-142609580,tram,57,West Maribyrnong - Flinders Street Station,18059,Haines St/Abbotsford St #16,270.11847624,17871,Queen Victoria Market/Elizabeth St #7,278.17645067,32220,32820,600
rmit_city,21966,North Melbourne,2026-10-08,3,03-58--5-T5-142609431,tram,58,West Coburg - Toorak,19256,Royal Childrens Hospital/Flemington Rd #19,490.23143719,18205,Queen Victoria Market/Peel St #9,592.55685166,25260,25740,480
rmit_city,21966,North Melbourne,2026-10-08,3,03-58--5-T5-142609432,tram,58,West Coburg - Toorak,19256,Royal Childrens Hospital/Flemington Rd #19,490.23143719,18205,Queen Victoria Market/Peel St #9,592.55685166,25800,26280,480
rmit_city,21966,North Melbourne,2026-10-08,3,03-58--5-T5-142609433,tram,58,West Coburg - Toorak,19256,Royal Childrens Hospital/Flemington Rd #19,490.23143719,18205,Queen Victoria Market/Peel St #9,592.55685166,26220,26700,480
rmit_city,21966,North Melbourne,2026-10-08,3,03-58--5-T5-142609434,tram,58,West Coburg - Toorak,19256,Royal Childrens Hospital/Flemington Rd #19,490.23143719,18205,Queen Victoria Market/Peel St #9,592.55685166,26580,27120,540
rmit_city,21966,North Melbourne,2026-10-08,3,03-58--5-T5-142609435,tram,58,West Coburg - Toorak,19256,Royal Childrens Hospital/Flemington Rd #19,490.23143719,18205,Queen Victoria Market/Peel St #9,592.55685166,26940,27480,540
rmit_city,21966,North Melbourne,2026-10-08,3,03-58--5-T5-142609436,tram,58,West Coburg - Toorak,19256,Royal Childrens Hospital/Flemington Rd #19,490.23143719,18205,Queen Victoria Market/Peel St #9,592.55685166,27300,27840,540
rmit_city,21966,North Melbourne,2026-10-08,3,03-58--5-T5-142609437,tram,58,West Coburg - Toorak,19256,Royal Childrens Hospital/Flemington Rd #19,490.23143719,18205,Queen Victoria Market/Peel St #9,592.55685166,27660,28200,540
rmit_city,21966,North Melbourne,2026-10-08,3,03-58--5-T5-142609438,tram,58,West Coburg - Toorak,19256,Royal Childrens Hospital/Flemington Rd #19,490.23143719,18205,Queen Victoria Market/Peel St #9,592.55685166,27960,28500,540
rmit_city,21966,North Melbourne,2026-10-08,3,03-58--5-T5-142609439,tram,58,West Coburg - Toorak,19256,Royal Childrens Hospital/Flemington Rd #19,490.23143719,18205,Queen Victoria Market/Peel St #9,592.55685166,28260,28800,540
rmit_city,21966,North Melbourne,2026-10-08,3,03-58--5-T5-142609440,tram,58,West Coburg - Toorak,19256,Royal Childrens Hospital/Flemington Rd #19,490.23143719,18205,Queen Victoria Market/Peel St #9,592.55685166,28560,29100,540
rmit_city,21966,North Melbourne,2026-10-08,3,03-58--5-T5-142609441,tram,58,West Coburg - Toorak,19256,Royal Childrens Hospital/Flemington Rd #19,490.23143719,18205,Queen Victoria Market/Peel St #9,592.55685166,28860,29400,540
rmit_city,21966,North Melbourne,2026-10-08,3,03-58--5-T5-142609442,tram,58,West Coburg - Toorak,19256,Royal Childrens Hospital/Flemington Rd #19,490.23143719,18205,Queen Victoria Market/Peel St #9,592.55685166,29160,29700,540
rmit_city,21966,North Melbourne,2026-10-08,3,03-58--5-T5-142609443,tram,58,West Coburg - Toorak,19256,Royal Childrens Hospital/Flemington Rd #19,490.23143719,18205,Queen Victoria Market/Peel St #9,592.55685166,29460,30000,540
rmit_city,21966,North Melbourne,2026-10-08,3,03-58--5-T5-142609444,tram,58,West Coburg - Toorak,19256,Royal Childrens Hospital/Flemington Rd #19,490.23143719,18205,Queen Victoria Market/Peel St #9,592.55685166,29760,30300,540
rmit_city,21966,North Melbourne,2026-10-08,3,03-58--5-T5-142609445,tram,58,West Coburg - Toorak,19256,Royal Childrens Hospital/Flemington Rd #19,490.23143719,18205,Queen Victoria Market/Peel St #9,592.55685166,30060,30600,540
rmit_city,21966,North Melbourne,2026-10-08,3,03-58--5-T5-142609446,tram,58,West Coburg - Toorak,19256,Royal Childrens Hospital/Flemington Rd #19,490.23143719,18205,Queen Victoria Market/Peel St #9,592.55685166,30360,30900,540
rmit_city,21966,North Melbourne,2026-10-08,3,03-58--5-T5-142609447,tram,58,West Coburg - Toorak,19256,Royal Childrens Hospital/Flemington Rd #19,490.23143719,18205,Queen Victoria Market/Peel St #9,592.55685166,30660,31200,540
rmit_city,21966,North Melbourne,2026-10-08,3,03-58--5-T5-142609448,tram,58,West Coburg - Toorak,19256,Royal Childrens Hospital/Flemington Rd #19,490.23143719,18205,Queen Victoria Market/Peel St #9,592.55685166,31080,31620,540
rmit_city,21966,North Melbourne,2026-10-08,3,03-58--5-T5-142609449,tram,58,West Coburg - Toorak,19256,Royal Childrens Hospital/Flemington Rd #19,490.23143719,18205,Queen Victoria Market/Peel St #9,592.55685166,31560,32100,540
rmit_city,21966,North Melbourne,2026-10-08,3,03-58--5-T5-142609450,tram,58,West Coburg - Toorak,19256,Royal Childrens Hospital/Flemington Rd #19,490.23143719,18205,Queen Victoria Market/Peel St #9,592.55685166,32100,32640,540
rmit_city,21966,North Melbourne,2026-10-08,3,03-59--5-T5-142606040,tram,59,Airport West - Flinders Street Station,19256,Royal Childrens Hospital/Flemington Rd #19,490.23143719,17871,Queen Victoria Market/Elizabeth St #7,278.17645067,25320,25800,480
rmit_city,21966,North Melbourne,2026-10-08,3,03-59--5-T5-142606041,tram,59,Airport West - Flinders Street Station,19256,Royal Childrens Hospital/Flemington Rd #19,490.23143719,17871,Queen Victoria Market/Elizabeth St #7,278.17645067,25860,26340,480
rmit_city,21966,North Melbourne,2026-10-08,3,03-59--5-T5-142606042,tram,59,Airport West - Flinders Street Station,19256,Royal Childrens Hospital/Flemington Rd #19,490.23143719,17871,Queen Victoria Market/Elizabeth St #7,278.17645067,26340,26820,480
rmit_city,21966,North Melbourne,2026-10-08,3,03-59--5-T5-142606043,tram,59,Airport West - Flinders Street Station,19256,Royal Childrens Hospital/Flemington Rd #19,490.23143719,17871,Queen Victoria Market/Elizabeth St #7,278.17645067,26760,27240,480
rmit_city,21966,North Melbourne,2026-10-08,3,03-59--5-T5-142606044,tram,59,Airport West - Flinders Street Station,19256,Royal Childrens Hospital/Flemington Rd #19,490.23143719,17871,Queen Victoria Market/Elizabeth St #7,278.17645067,27180,27660,480
rmit_city,21966,North Melbourne,2026-10-08,3,03-59--5-T5-142606045,tram,59,Airport West - Flinders Street Station,19256,Royal Childrens Hospital/Flemington Rd #19,490.23143719,17871,Queen Victoria Market/Elizabeth St #7,278.17645067,27540,28020,480
rmit_city,21966,North Melbourne,2026-10-08,3,03-59--5-T5-142606046,tram,59,Airport West - Flinders Street Station,19256,Royal Childrens Hospital/Flemington Rd #19,490.23143719,17871,Queen Victoria Market/Elizabeth St #7,278.17645067,27960,28440,480
rmit_city,21966,North Melbourne,2026-10-08,3,03-59--5-T5-142606047,tram,59,Airport West - Flinders Street Station,19256,Royal Childrens Hospital/Flemington Rd #19,490.23143719,17871,Queen Victoria Market/Elizabeth St #7,278.17645067,28380,28860,480
rmit_city,21966,North Melbourne,2026-10-08,3,03-59--5-T5-142606048,tram,59,Airport West - Flinders Street Station,19256,Royal Childrens Hospital/Flemington Rd #19,490.23143719,17871,Queen Victoria Market/Elizabeth St #7,278.17645067,28740,29280,540
rmit_city,21966,North Melbourne,2026-10-08,3,03-59--5-T5-142606049,tram,59,Airport West - Flinders Street Station,19256,Royal Childrens Hospital/Flemington Rd #19,490.23143719,17871,Queen Victoria Market/Elizabeth St #7,278.17645067,29100,29640,540
rmit_city,21966,North Melbourne,2026-10-08,3,03-59--5-T5-142606050,tram,59,Airport West - Flinders Street Station,19256,Royal Childrens Hospital/Flemington Rd #19,490.23143719,17871,Queen Victoria Market/Elizabeth St #7,278.17645067,29460,30000,540
rmit_city,21966,North Melbourne,2026-10-08,3,03-59--5-T5-142606051,tram,59,Airport West - Flinders Street Station,19256,Royal Childrens Hospital/Flemington Rd #19,490.23143719,17871,Queen Victoria Market/Elizabeth St #7,278.17645067,29820,30360,540
rmit_city,21966,North Melbourne,2026-10-08,3,03-59--5-T5-142606052,tram,59,Airport West - Flinders Street Station,19256,Royal Childrens Hospital/Flemington Rd #19,490.23143719,17871,Queen Victoria Market/Elizabeth St #7,278.17645067,30180,30720,540
rmit_city,21966,North Melbourne,2026-10-08,3,03-59--5-T5-142606053,tram,59,Airport West - Flinders Street Station,19256,Royal Childrens Hospital/Flemington Rd #19,490.23143719,17871,Queen Victoria Market/Elizabeth St #7,278.17645067,30540,31080,540
rmit_city,21966,North Melbourne,2026-10-08,3,03-59--5-T5-142606054,tram,59,Airport West - Flinders Street Station,19256,Royal Childrens Hospital/Flemington Rd #19,490.23143719,17871,Queen Victoria Market/Elizabeth St #7,278.17645067,30900,31440,540
rmit_city,21966,North Melbourne,2026-10-08,3,03-59--5-T5-142606055,tram,59,Airport West - Flinders Street Station,19256,Royal Childrens Hospital/Flemington Rd #19,490.23143719,17871,Queen Victoria Market/Elizabeth St #7,278.17645067,31260,31800,540
rmit_city,21966,North Melbourne,2026-10-08,3,03-59--5-T5-142606056,tram,59,Airport West - Flinders Street Station,19256,Royal Childrens Hospital/Flemington Rd #19,490.23143719,17871,Queen Victoria Market/Elizabeth St #7,278.17645067,31620,32160,540
rmit_city,21966,North Melbourne,2026-10-08,3,03-59--5-T5-142606057,tram,59,Airport West - Flinders Street Station,19256,Royal Childrens Hospital/Flemington Rd #19,490.23143719,17871,Queen Victoria Market/Elizabeth St #7,278.17645067,32040,32580,540
rmit_city,21966,North Melbourne,2026-10-08,4,53-402--1-MF17-10000107,bus,402,Footscray Station - East Melbourne via North Melbourne,7582,Dryburgh St/Shiel St,111.06479794,655,Exhibition Building/Rathdowne St,762.43625241,30120,31800,1680
rmit_city,21966,North Melbourne,2026-10-08,4,53-402--1-MF17-10000139,bus,402,Footscray Station - East Melbourne via North Melbourne,7582,Dryburgh St/Shiel St,111.06479794,655,Exhibition Building/Rathdowne St,762.43625241,25800,26760,960
rmit_city,21966,North Melbourne,2026-10-08,4,53-402--1-MF17-10000141,bus,402,Footscray Station - East Melbourne via North Melbourne,7582,Dryburgh St/Shiel St,111.06479794,655,Exhibition Building/Rathdowne St,762.43625241,31320,32880,1560
rmit_city,21966,North Melbourne,2026-10-08,4,53-402--1-MF17-10000652,bus,402,Footscray Station - East Melbourne via North Melbourne,7582,Dryburgh St/Shiel St,111.06479794,655,Exhibition Building/Rathdowne St,762.43625241,28200,29700,1500
rmit_city,21966,North Melbourne,2026-10-08,4,53-402--1-MF17-10000713,bus,402,Footscray Station - East Melbourne via North Melbourne,7582,Dryburgh St/Shiel St,111.06479794,655,Exhibition Building/Rathdowne St,762.43625241,29400,30960,1560
rmit_city,21966,North Melbourne,2026-10-08,4,53-402--1-MF17-10000871,bus,402,Footscray Station - East Melbourne via North Melbourne,7582,Dryburgh St/Shiel St,111.06479794,655,Exhibition Building/Rathdowne St,762.43625241,28800,30360,1560
rmit_city,21966,North Melbourne,2026-10-08,4,53-402--1-MF17-10001222,bus,402,Footscray Station - East Melbourne via North Melbourne,7582,Dryburgh St/Shiel St,111.06479794,655,Exhibition Building/Rathdowne St,762.43625241,26160,27240,1080
rmit_city,21966,North Melbourne,2026-10-08,4,53-402--1-MF17-10001224,bus,402,Footscray Station - East Melbourne via North Melbourne,7582,Dryburgh St/Shiel St,111.06479794,655,Exhibition Building/Rathdowne St,762.43625241,31860,33360,1500
rmit_city,21966,North Melbourne,2026-10-08,4,53-402--1-MF17-10001378,bus,402,Footscray Station - East Melbourne via North Melbourne,7582,Dryburgh St/Shiel St,111.06479794,655,Exhibition Building/Rathdowne St,762.43625241,26940,28020,1080
rmit_city,21966,North Melbourne,2026-10-08,4,53-402--1-MF17-10001380,bus,402,Footscray Station - East Melbourne via North Melbourne,7581,Melrose St/Canning St,281.16751131,655,Exhibition Building/Rathdowne St,762.43625241,32280,33780,1500
rmit_city,21966,North Melbourne,2026-10-08,4,53-402--1-MF17-10001426,bus,402,Footscray Station - East Melbourne via North Melbourne,7582,Dryburgh St/Shiel St,111.06479794,655,Exhibition Building/Rathdowne St,762.43625241,25500,26460,960
rmit_city,21966,North Melbourne,2026-10-08,4,53-402--1-MF17-10001428,bus,402,Footscray Station - East Melbourne via North Melbourne,7582,Dryburgh St/Shiel St,111.06479794,655,Exhibition Building/Rathdowne St,762.43625241,30720,32400,1680
rmit_city,21966,North Melbourne,2026-10-08,4,53-402--1-MF17-10001654,bus,402,Footscray Station - East Melbourne via North Melbourne,7582,Dryburgh St/Shiel St,111.06479794,655,Exhibition Building/Rathdowne St,762.43625241,27540,28800,1260
rmit_city,22038,Parkville (Vic.),2026-10-08,2,02-UFD--69-T5-5614,metropolitan_train,Upfield,Upfield Line,14318,Royal Park Station,678.02474852,12197,Melbourne Central Station,192.75714128,26040,26820,780
rmit_city,22038,Parkville (Vic.),2026-10-08,2,02-UFD--69-T5-5616,metropolitan_train,Upfield,Upfield Line,14318,Royal Park Station,678.02474852,12197,Melbourne Central Station,192.75714128,27000,27780,780
rmit_city,22038,Parkville (Vic.),2026-10-08,2,02-UFD--69-T5-5618,metropolitan_train,Upfield,Upfield Line,14318,Royal Park Station,678.02474852,12197,Melbourne Central Station,192.75714128,27960,28740,780
rmit_city,22038,Parkville (Vic.),2026-10-08,2,02-UFD--69-T5-5620,metropolitan_train,Upfield,Upfield Line,14318,Royal Park Station,678.02474852,12197,Melbourne Central Station,192.75714128,28920,29700,780
rmit_city,22038,Parkville (Vic.),2026-10-08,2,02-UFD--69-T5-5622,metropolitan_train,Upfield,Upfield Line,14318,Royal Park Station,678.02474852,12197,Melbourne Central Station,192.75714128,29880,30660,780
rmit_city,22038,Parkville (Vic.),2026-10-08,2,02-UFD--69-T5-5624,metropolitan_train,Upfield,Upfield Line,14318,Royal Park Station,678.02474852,12197,Melbourne Central Station,192.75714128,30840,31620,780
rmit_city,22038,Parkville (Vic.),2026-10-08,2,02-UFD--69-T5-5626,metropolitan_train,Upfield,Upfield Line,14318,Royal Park Station,678.02474852,12197,Melbourne Central Station,192.75714128,31800,32580,780
rmit_city,22038,Parkville (Vic.),2026-10-08,3,03-57--5-T5-142609563,tram,57,West Maribyrnong - Flinders Street Station,17959,Melrose St/Flemington Rd #20,655.85687065,17871,Queen Victoria Market/Elizabeth St #7,278.17645067,25320,26040,720
rmit_city,22038,Parkville (Vic.),2026-10-08,3,03-57--5-T5-142609564,tram,57,West Maribyrnong - Flinders Street Station,17959,Melrose St/Flemington Rd #20,655.85687065,17871,Queen Victoria Market/Elizabeth St #7,278.17645067,25800,26520,720
rmit_city,22038,Parkville (Vic.),2026-10-08,3,03-57--5-T5-142609565,tram,57,West Maribyrnong - Flinders Street Station,17959,Melrose St/Flemington Rd #20,655.85687065,17871,Queen Victoria Market/Elizabeth St #7,278.17645067,26220,26940,720
rmit_city,22038,Parkville (Vic.),2026-10-08,3,03-57--5-T5-142609566,tram,57,West Maribyrnong - Flinders Street Station,17959,Melrose St/Flemington Rd #20,655.85687065,17871,Queen Victoria Market/Elizabeth St #7,278.17645067,26700,27420,720
rmit_city,22038,Parkville (Vic.),2026-10-08,3,03-57--5-T5-142609567,tram,57,West Maribyrnong - Flinders Street Station,17959,Melrose St/Flemington Rd #20,655.85687065,17871,Queen Victoria Market/Elizabeth St #7,278.17645067,27060,27840,780
rmit_city,22038,Parkville (Vic.),2026-10-08,3,03-57--5-T5-142609568,tram,57,West Maribyrnong - Flinders Street Station,17959,Melrose St/Flemington Rd #20,655.85687065,17871,Queen Victoria Market/Elizabeth St #7,278.17645067,27480,28260,780
rmit_city,22038,Parkville (Vic.),2026-10-08,3,03-57--5-T5-142609569,tram,57,West Maribyrnong - Flinders Street Station,17959,Melrose St/Flemington Rd #20,655.85687065,17871,Queen Victoria Market/Elizabeth St #7,278.17645067,27900,28680,780
rmit_city,22038,Parkville (Vic.),2026-10-08,3,03-57--5-T5-142609570,tram,57,West Maribyrnong - Flinders Street Station,17959,Melrose St/Flemington Rd #20,655.85687065,17871,Queen Victoria Market/Elizabeth St #7,278.17645067,28260,29100,840
rmit_city,22038,Parkville (Vic.),2026-10-08,3,03-57--5-T5-142609571,tram,57,West Maribyrnong - Flinders Street Station,17959,Melrose St/Flemington Rd #20,655.85687065,17871,Queen Victoria Market/Elizabeth St #7,278.17645067,28620,29460,840
rmit_city,22038,Parkville (Vic.),2026-10-08,3,03-57--5-T5-142609572,tram,57,West Maribyrnong - Flinders Street Station,17959,Melrose St/Flemington Rd #20,655.85687065,17871,Queen Victoria Market/Elizabeth St #7,278.17645067,28980,29820,840
rmit_city,22038,Parkville (Vic.),2026-10-08,3,03-57--5-T5-142609573,tram,57,West Maribyrnong - Flinders Street Station,17959,Melrose St/Flemington Rd #20,655.85687065,17871,Queen Victoria Market/Elizabeth St #7,278.17645067,29340,30180,840
rmit_city,22038,Parkville (Vic.),2026-10-08,3,03-57--5-T5-142609574,tram,57,West Maribyrnong - Flinders Street Station,17959,Melrose St/Flemington Rd #20,655.85687065,17871,Queen Victoria Market/Elizabeth St #7,278.17645067,29700,30540,840
rmit_city,22038,Parkville (Vic.),2026-10-08,3,03-57--5-T5-142609575,tram,57,West Maribyrnong - Flinders Street Station,17959,Melrose St/Flemington Rd #20,655.85687065,17871,Queen Victoria Market/Elizabeth St #7,278.17645067,30060,30900,840
rmit_city,22038,Parkville (Vic.),2026-10-08,3,03-57--5-T5-142609576,tram,57,West Maribyrnong - Flinders Street Station,17959,Melrose St/Flemington Rd #20,655.85687065,17871,Queen Victoria Market/Elizabeth St #7,278.17645067,30420,31260,840
rmit_city,22038,Parkville (Vic.),2026-10-08,3,03-57--5-T5-142609577,tram,57,West Maribyrnong - Flinders Street Station,17959,Melrose St/Flemington Rd #20,655.85687065,17871,Queen Victoria Market/Elizabeth St #7,278.17645067,30780,31620,840
rmit_city,22038,Parkville (Vic.),2026-10-08,3,03-57--5-T5-142609578,tram,57,West Maribyrnong - Flinders Street Station,17959,Melrose St/Flemington Rd #20,655.85687065,17871,Queen Victoria Market/Elizabeth St #7,278.17645067,31140,31980,840
rmit_city,22038,Parkville (Vic.),2026-10-08,3,03-57--5-T5-142609579,tram,57,West Maribyrnong - Flinders Street Station,17959,Melrose St/Flemington Rd #20,655.85687065,17871,Queen Victoria Market/Elizabeth St #7,278.17645067,31560,32400,840
rmit_city,22038,Parkville (Vic.),2026-10-08,3,03-57--5-T5-142609580,tram,57,West Maribyrnong - Flinders Street Station,17959,Melrose St/Flemington Rd #20,655.85687065,17871,Queen Victoria Market/Elizabeth St #7,278.17645067,31980,32820,840
rmit_city,22038,Parkville (Vic.),2026-10-08,3,03-58--5-T5-142609432,tram,58,West Coburg - Toorak,18064,Elliott Ave/Royal Park #24,103.00520435,18205,Queen Victoria Market/Peel St #9,592.55685166,25680,26280,600
rmit_city,22038,Parkville (Vic.),2026-10-08,3,03-58--5-T5-142609433,tram,58,West Coburg - Toorak,18064,Elliott Ave/Royal Park #24,103.00520435,18205,Queen Victoria Market/Peel St #9,592.55685166,26100,26700,600
rmit_city,22038,Parkville (Vic.),2026-10-08,3,03-58--5-T5-142609434,tram,58,West Coburg - Toorak,18064,Elliott Ave/Royal Park #24,103.00520435,18205,Queen Victoria Market/Peel St #9,592.55685166,26460,27120,660
rmit_city,22038,Parkville (Vic.),2026-10-08,3,03-58--5-T5-142609435,tram,58,West Coburg - Toorak,18064,Elliott Ave/Royal Park #24,103.00520435,18205,Queen Victoria Market/Peel St #9,592.55685166,26820,27480,660
rmit_city,22038,Parkville (Vic.),2026-10-08,3,03-58--5-T5-142609436,tram,58,West Coburg - Toorak,18064,Elliott Ave/Royal Park #24,103.00520435,18205,Queen Victoria Market/Peel St #9,592.55685166,27180,27840,660
rmit_city,22038,Parkville (Vic.),2026-10-08,3,03-58--5-T5-142609437,tram,58,West Coburg - Toorak,18064,Elliott Ave/Royal Park #24,103.00520435,18205,Queen Victoria Market/Peel St #9,592.55685166,27540,28200,660
rmit_city,22038,Parkville (Vic.),2026-10-08,3,03-58--5-T5-142609438,tram,58,West Coburg - Toorak,18064,Elliott Ave/Royal Park #24,103.00520435,18205,Queen Victoria Market/Peel St #9,592.55685166,27840,28500,660
rmit_city,22038,Parkville (Vic.),2026-10-08,3,03-58--5-T5-142609439,tram,58,West Coburg - Toorak,18064,Elliott Ave/Royal Park #24,103.00520435,18205,Queen Victoria Market/Peel St #9,592.55685166,28140,28800,660
rmit_city,22038,Parkville (Vic.),2026-10-08,3,03-58--5-T5-142609440,tram,58,West Coburg - Toorak,18064,Elliott Ave/Royal Park #24,103.00520435,18205,Queen Victoria Market/Peel St #9,592.55685166,28440,29100,660
rmit_city,22038,Parkville (Vic.),2026-10-08,3,03-58--5-T5-142609441,tram,58,West Coburg - Toorak,18064,Elliott Ave/Royal Park #24,103.00520435,18205,Queen Victoria Market/Peel St #9,592.55685166,28740,29400,660
rmit_city,22038,Parkville (Vic.),2026-10-08,3,03-58--5-T5-142609442,tram,58,West Coburg - Toorak,18064,Elliott Ave/Royal Park #24,103.00520435,18205,Queen Victoria Market/Peel St #9,592.55685166,29040,29700,660
rmit_city,22038,Parkville (Vic.),2026-10-08,3,03-58--5-T5-142609443,tram,58,West Coburg - Toorak,18064,Elliott Ave/Royal Park #24,103.00520435,18205,Queen Victoria Market/Peel St #9,592.55685166,29340,30000,660
rmit_city,22038,Parkville (Vic.),2026-10-08,3,03-58--5-T5-142609444,tram,58,West Coburg - Toorak,18064,Elliott Ave/Royal Park #24,103.00520435,18205,Queen Victoria Market/Peel St #9,592.55685166,29640,30300,660
rmit_city,22038,Parkville (Vic.),2026-10-08,3,03-58--5-T5-142609445,tram,58,West Coburg - Toorak,18064,Elliott Ave/Royal Park #24,103.00520435,18205,Queen Victoria Market/Peel St #9,592.55685166,29940,30600,660
rmit_city,22038,Parkville (Vic.),2026-10-08,3,03-58--5-T5-142609446,tram,58,West Coburg - Toorak,18064,Elliott Ave/Royal Park #24,103.00520435,18205,Queen Victoria Market/Peel St #9,592.55685166,30240,30900,660
rmit_city,22038,Parkville (Vic.),2026-10-08,3,03-58--5-T5-142609447,tram,58,West Coburg - Toorak,18064,Elliott Ave/Royal Park #24,103.00520435,18205,Queen Victoria Market/Peel St #9,592.55685166,30540,31200,660
rmit_city,22038,Parkville (Vic.),2026-10-08,3,03-58--5-T5-142609448,tram,58,West Coburg - Toorak,18064,Elliott Ave/Royal Park #24,103.00520435,18205,Queen Victoria Market/Peel St #9,592.55685166,30960,31620,660
rmit_city,22038,Parkville (Vic.),2026-10-08,3,03-58--5-T5-142609449,tram,58,West Coburg - Toorak,18064,Elliott Ave/Royal Park #24,103.00520435,18205,Queen Victoria Market/Peel St #9,592.55685166,31440,32100,660
rmit_city,22038,Parkville (Vic.),2026-10-08,3,03-58--5-T5-142609450,tram,58,West Coburg - Toorak,18064,Elliott Ave/Royal Park #24,103.00520435,18205,Queen Victoria Market/Peel St #9,592.55685166,31980,32640,660
rmit_city,22038,Parkville (Vic.),2026-10-08,3,03-58--5-T5-142609451,tram,58,West Coburg - Toorak,18066,Melbourne Zoo/Royal Park #26,501.00814958,18205,Queen Victoria Market/Peel St #9,592.55685166,32340,33120,780
rmit_city,22038,Parkville (Vic.),2026-10-08,3,03-59--5-T5-142606040,tram,59,Airport West - Flinders Street Station,17959,Melrose St/Flemington Rd #20,655.85687065,17871,Queen Victoria Market/Elizabeth St #7,278.17645067,25200,25800,600
rmit_city,22038,Parkville (Vic.),2026-10-08,3,03-59--5-T5-142606041,tram,59,Airport West - Flinders Street Station,17959,Melrose St/Flemington Rd #20,655.85687065,17871,Queen Victoria Market/Elizabeth St #7,278.17645067,25740,26340,600
rmit_city,22038,Parkville (Vic.),2026-10-08,3,03-59--5-T5-142606042,tram,59,Airport West - Flinders Street Station,17959,Melrose St/Flemington Rd #20,655.85687065,17871,Queen Victoria Market/Elizabeth St #7,278.17645067,26220,26820,600
rmit_city,22038,Parkville (Vic.),2026-10-08,3,03-59--5-T5-142606043,tram,59,Airport West - Flinders Street Station,17959,Melrose St/Flemington Rd #20,655.85687065,17871,Queen Victoria Market/Elizabeth St #7,278.17645067,26640,27240,600
rmit_city,22038,Parkville (Vic.),2026-10-08,3,03-59--5-T5-142606044,tram,59,Airport West - Flinders Street Station,17959,Melrose St/Flemington Rd #20,655.85687065,17871,Queen Victoria Market/Elizabeth St #7,278.17645067,27060,27660,600
rmit_city,22038,Parkville (Vic.),2026-10-08,3,03-59--5-T5-142606045,tram,59,Airport West - Flinders Street Station,17959,Melrose St/Flemington Rd #20,655.85687065,17871,Queen Victoria Market/Elizabeth St #7,278.17645067,27420,28020,600
rmit_city,22038,Parkville (Vic.),2026-10-08,3,03-59--5-T5-142606046,tram,59,Airport West - Flinders Street Station,17959,Melrose St/Flemington Rd #20,655.85687065,17871,Queen Victoria Market/Elizabeth St #7,278.17645067,27840,28440,600
rmit_city,22038,Parkville (Vic.),2026-10-08,3,03-59--5-T5-142606047,tram,59,Airport West - Flinders Street Station,17959,Melrose St/Flemington Rd #20,655.85687065,17871,Queen Victoria Market/Elizabeth St #7,278.17645067,28260,28860,600
rmit_city,22038,Parkville (Vic.),2026-10-08,3,03-59--5-T5-142606048,tram,59,Airport West - Flinders Street Station,17959,Melrose St/Flemington Rd #20,655.85687065,17871,Queen Victoria Market/Elizabeth St #7,278.17645067,28620,29280,660
rmit_city,22038,Parkville (Vic.),2026-10-08,3,03-59--5-T5-142606049,tram,59,Airport West - Flinders Street Station,17959,Melrose St/Flemington Rd #20,655.85687065,17871,Queen Victoria Market/Elizabeth St #7,278.17645067,28980,29640,660
rmit_city,22038,Parkville (Vic.),2026-10-08,3,03-59--5-T5-142606050,tram,59,Airport West - Flinders Street Station,17959,Melrose St/Flemington Rd #20,655.85687065,17871,Queen Victoria Market/Elizabeth St #7,278.17645067,29340,30000,660
rmit_city,22038,Parkville (Vic.),2026-10-08,3,03-59--5-T5-142606051,tram,59,Airport West - Flinders Street Station,17959,Melrose St/Flemington Rd #20,655.85687065,17871,Queen Victoria Market/Elizabeth St #7,278.17645067,29700,30360,660
rmit_city,22038,Parkville (Vic.),2026-10-08,3,03-59--5-T5-142606052,tram,59,Airport West - Flinders Street Station,17959,Melrose St/Flemington Rd #20,655.85687065,17871,Queen Victoria Market/Elizabeth St #7,278.17645067,30060,30720,660
rmit_city,22038,Parkville (Vic.),2026-10-08,3,03-59--5-T5-142606053,tram,59,Airport West - Flinders Street Station,17959,Melrose St/Flemington Rd #20,655.85687065,17871,Queen Victoria Market/Elizabeth St #7,278.17645067,30420,31080,660
rmit_city,22038,Parkville (Vic.),2026-10-08,3,03-59--5-T5-142606054,tram,59,Airport West - Flinders Street Station,17959,Melrose St/Flemington Rd #20,655.85687065,17871,Queen Victoria Market/Elizabeth St #7,278.17645067,30780,31440,660
rmit_city,22038,Parkville (Vic.),2026-10-08,3,03-59--5-T5-142606055,tram,59,Airport West - Flinders Street Station,17959,Melrose St/Flemington Rd #20,655.85687065,17871,Queen Victoria Market/Elizabeth St #7,278.17645067,31140,31800,660
rmit_city,22038,Parkville (Vic.),2026-10-08,3,03-59--5-T5-142606056,tram,59,Airport West - Flinders Street Station,17959,Melrose St/Flemington Rd #20,655.85687065,17871,Queen Victoria Market/Elizabeth St #7,278.17645067,31500,32160,660
rmit_city,22038,Parkville (Vic.),2026-10-08,3,03-59--5-T5-142606057,tram,59,Airport West - Flinders Street Station,17959,Melrose St/Flemington Rd #20,655.85687065,17871,Queen Victoria Market/Elizabeth St #7,278.17645067,31920,32580,660
rmit_city,22038,Parkville (Vic.),2026-10-08,3,03-59--5-T5-142606058,tram,59,Airport West - Flinders Street Station,19259,Flemington Bridge Station/Flemington Rd #22,780.17161999,17871,Queen Victoria Market/Elizabeth St #7,278.17645067,32340,33060,720
rmit_city,22107,Port Melbourne,2026-10-08,4,17-234--1-MF62-234901,bus,234,City (Queen Victoria Market) - Garden City,329,Leith Cres/Howe Pde,144.77843031,47244,A'Beckett St/Queen St,414.3657922,25860,27480,1620
rmit_city,22107,Port Melbourne,2026-10-08,4,17-234--1-MF62-234902,bus,234,City (Queen Victoria Market) - Garden City,329,Leith Cres/Howe Pde,144.77843031,47244,A'Beckett St/Queen St,414.3657922,30360,32400,2040
rmit_city,22107,Port Melbourne,2026-10-08,4,17-234--1-MF62-234908,bus,234,City (Queen Victoria Market) - Garden City,329,Leith Cres/Howe Pde,144.77843031,47244,A'Beckett St/Queen St,414.3657922,29760,31800,2040
rmit_city,22107,Port Melbourne,2026-10-08,4,17-236--1-MF62-236085,bus,236,City (Queen Victoria Market) - Garden City via South Melbourne,328,Garden City/Centre Ave,326.05472287,47244,A'Beckett St/Queen St,414.3657922,28920,31260,2340
rmit_city,22107,Port Melbourne,2026-10-08,4,17-236--1-MF62-236097,bus,236,City (Queen Victoria Market) - Garden City via South Melbourne,328,Garden City/Centre Ave,326.05472287,47244,A'Beckett St/Queen St,414.3657922,31560,33600,2040
rmit_city,22107,Port Melbourne,2026-10-08,4,35-234--1-MF74-234910,bus,234,City (Queen Victoria Market) - Garden City,329,Leith Cres/Howe Pde,144.77843031,47244,A'Beckett St/Queen St,414.3657922,27960,29940,1980
rmit_city,22107,Port Melbourne,2026-10-08,4,35-234--1-MF74-234913,bus,234,City (Queen Victoria Market) - Garden City,329,Leith Cres/Howe Pde,144.77843031,47244,A'Beckett St/Queen St,414.3657922,27360,29280,1920
rmit_city,22107,Port Melbourne,2026-10-08,4,35-234--1-MF74-234921,bus,234,City (Queen Victoria Market) - Garden City,329,Leith Cres/Howe Pde,144.77843031,47244,A'Beckett St/Queen St,414.3657922,26760,28500,1740
rmit_city,22107,Port Melbourne,2026-10-08,4,35-234--1-MF74-234922,bus,234,City (Queen Victoria Market) - Garden City,329,Leith Cres/Howe Pde,144.77843031,47244,A'Beckett St/Queen St,414.3657922,31020,33000,1980
rmit_city,22107,Port Melbourne,2026-10-08,4,35-234--1-MF74-234928,bus,234,City (Queen Victoria Market) - Garden City,329,Leith Cres/Howe Pde,144.77843031,47244,A'Beckett St/Queen St,414.3657922,31920,33720,1800
rmit_city,22107,Port Melbourne,2026-10-08,4,35-234--1-MF74-234933,bus,234,City (Queen Victoria Market) - Garden City,329,Leith Cres/Howe Pde,144.77843031,47244,A'Beckett St/Queen St,414.3657922,28560,30600,2040
rmit_city,22107,Port Melbourne,2026-10-08,4,35-234--1-MF74-234937,bus,234,City (Queen Victoria Market) - Garden City,329,Leith Cres/Howe Pde,144.77843031,47244,A'Beckett St/Queen St,414.3657922,29160,31200,2040
rmit_city,22107,Port Melbourne,2026-10-08,4,35-236--1-MF74-236792,bus,236,City (Queen Victoria Market) - Garden City via South Melbourne,328,Garden City/Centre Ave,326.05472287,47244,A'Beckett St/Queen St,414.3657922,26400,28860,2460
rmit_city,22122,Princes Hill,2026-10-08,3,03-1--5-T5-142610602,tram,1,East Coburg - South Melbourne Beach,19346,Pigdon St/Lygon St #118,317.21168339,19494,RMIT University/Swanston St #7,73.16936843,25620,26400,780
rmit_city,22122,Princes Hill,2026-10-08,3,03-1--5-T5-142610603,tram,1,East Coburg - South Melbourne Beach,19346,Pigdon St/Lygon St #118,317.21168339,19494,RMIT University/Swanston St #7,73.16936843,26100,26940,840
rmit_city,22122,Princes Hill,2026-10-08,3,03-1--5-T5-142610604,tram,1,East Coburg - South Melbourne Beach,19346,Pigdon St/Lygon St #118,317.21168339,19494,RMIT University/Swanston St #7,73.16936843,26640,27480,840
rmit_city,22122,Princes Hill,2026-10-08,3,03-1--5-T5-142610605,tram,1,East Coburg - South Melbourne Beach,19346,Pigdon St/Lygon St #118,317.21168339,19494,RMIT University/Swanston St #7,73.16936843,27120,27960,840
rmit_city,22122,Princes Hill,2026-10-08,3,03-1--5-T5-142610606,tram,1,East Coburg - South Melbourne Beach,19346,Pigdon St/Lygon St #118,317.21168339,19494,RMIT University/Swanston St #7,73.16936843,27600,28440,840
rmit_city,22122,Princes Hill,2026-10-08,3,03-1--5-T5-142610607,tram,1,East Coburg - South Melbourne Beach,19346,Pigdon St/Lygon St #118,317.21168339,19494,RMIT University/Swanston St #7,73.16936843,28020,28860,840
rmit_city,22122,Princes Hill,2026-10-08,3,03-1--5-T5-142610608,tram,1,East Coburg - South Melbourne Beach,19346,Pigdon St/Lygon St #118,317.21168339,19494,RMIT University/Swanston St #7,73.16936843,28500,29340,840
rmit_city,22122,Princes Hill,2026-10-08,3,03-1--5-T5-142610609,tram,1,East Coburg - South Melbourne Beach,19346,Pigdon St/Lygon St #118,317.21168339,19494,RMIT University/Swanston St #7,73.16936843,28860,29700,840
rmit_city,22122,Princes Hill,2026-10-08,3,03-1--5-T5-142610610,tram,1,East Coburg - South Melbourne Beach,19346,Pigdon St/Lygon St #118,317.21168339,19494,RMIT University/Swanston St #7,73.16936843,29220,30060,840
rmit_city,22122,Princes Hill,2026-10-08,3,03-1--5-T5-142610611,tram,1,East Coburg - South Melbourne Beach,19346,Pigdon St/Lygon St #118,317.21168339,19494,RMIT University/Swanston St #7,73.16936843,29580,30420,840
rmit_city,22122,Princes Hill,2026-10-08,3,03-1--5-T5-142610612,tram,1,East Coburg - South Melbourne Beach,19346,Pigdon St/Lygon St #118,317.21168339,19494,RMIT University/Swanston St #7,73.16936843,29940,30780,840
rmit_city,22122,Princes Hill,2026-10-08,3,03-1--5-T5-142610613,tram,1,East Coburg - South Melbourne Beach,19346,Pigdon St/Lygon St #118,317.21168339,19494,RMIT University/Swanston St #7,73.16936843,30300,31140,840
rmit_city,22122,Princes Hill,2026-10-08,3,03-1--5-T5-142610614,tram,1,East Coburg - South Melbourne Beach,19346,Pigdon St/Lygon St #118,317.21168339,19494,RMIT University/Swanston St #7,73.16936843,30660,31500,840
rmit_city,22122,Princes Hill,2026-10-08,3,03-1--5-T5-142610615,tram,1,East Coburg - South Melbourne Beach,19346,Pigdon St/Lygon St #118,317.21168339,19494,RMIT University/Swanston St #7,73.16936843,31020,31860,840
rmit_city,22122,Princes Hill,2026-10-08,3,03-1--5-T5-142610616,tram,1,East Coburg - South Melbourne Beach,19346,Pigdon St/Lygon St #118,317.21168339,19494,RMIT University/Swanston St #7,73.16936843,31380,32220,840
rmit_city,22122,Princes Hill,2026-10-08,3,03-1--5-T5-142610617,tram,1,East Coburg - South Melbourne Beach,19346,Pigdon St/Lygon St #118,317.21168339,19494,RMIT University/Swanston St #7,73.16936843,31740,32580,840
rmit_city,22122,Princes Hill,2026-10-08,3,03-1--5-T5-142610618,tram,1,East Coburg - South Melbourne Beach,19346,Pigdon St/Lygon St #118,317.21168339,19494,RMIT University/Swanston St #7,73.16936843,32160,33000,840
rmit_city,22122,Princes Hill,2026-10-08,3,03-1--5-T5-142611852,tram,1,East Coburg - South Melbourne Beach,19346,Pigdon St/Lygon St #118,317.21168339,19494,RMIT University/Swanston St #7,73.16936843,25200,25980,780
rmit_city,22122,Princes Hill,2026-10-08,3,03-19--5-T5-142611903,tram,19,North Coburg - Flinders Street Station,17329,Ievers St/Royal Pde #17,601.28937688,17871,Queen Victoria Market/Elizabeth St #7,278.17645067,25260,25860,600
rmit_city,22122,Princes Hill,2026-10-08,3,03-19--5-T5-142611904,tram,19,North Coburg - Flinders Street Station,17329,Ievers St/Royal Pde #17,601.28937688,17871,Queen Victoria Market/Elizabeth St #7,278.17645067,25620,26220,600
rmit_city,22122,Princes Hill,2026-10-08,3,03-19--5-T5-142611905,tram,19,North Coburg - Flinders Street Station,17329,Ievers St/Royal Pde #17,601.28937688,17871,Queen Victoria Market/Elizabeth St #7,278.17645067,25980,26580,600
rmit_city,22122,Princes Hill,2026-10-08,3,03-19--5-T5-142611906,tram,19,North Coburg - Flinders Street Station,17329,Ievers St/Royal Pde #17,601.28937688,17871,Queen Victoria Market/Elizabeth St #7,278.17645067,26340,26940,600
rmit_city,22122,Princes Hill,2026-10-08,3,03-19--5-T5-142611907,tram,19,North Coburg - Flinders Street Station,17329,Ievers St/Royal Pde #17,601.28937688,17871,Queen Victoria Market/Elizabeth St #7,278.17645067,26640,27300,660
rmit_city,22122,Princes Hill,2026-10-08,3,03-19--5-T5-142611908,tram,19,North Coburg - Flinders Street Station,17329,Ievers St/Royal Pde #17,601.28937688,17871,Queen Victoria Market/Elizabeth St #7,278.17645067,26940,27600,660
rmit_city,22122,Princes Hill,2026-10-08,3,03-19--5-T5-142611909,tram,19,North Coburg - Flinders Street Station,17329,Ievers St/Royal Pde #17,601.28937688,17871,Queen Victoria Market/Elizabeth St #7,278.17645067,27300,27960,660
rmit_city,22122,Princes Hill,2026-10-08,3,03-19--5-T5-142611910,tram,19,North Coburg - Flinders Street Station,17329,Ievers St/Royal Pde #17,601.28937688,17871,Queen Victoria Market/Elizabeth St #7,278.17645067,27660,28320,660
rmit_city,22122,Princes Hill,2026-10-08,3,03-19--5-T5-142611911,tram,19,North Coburg - Flinders Street Station,17329,Ievers St/Royal Pde #17,601.28937688,17871,Queen Victoria Market/Elizabeth St #7,278.17645067,27960,28620,660
rmit_city,22122,Princes Hill,2026-10-08,3,03-19--5-T5-142611912,tram,19,North Coburg - Flinders Street Station,17329,Ievers St/Royal Pde #17,601.28937688,17871,Queen Victoria Market/Elizabeth St #7,278.17645067,28260,28980,720
rmit_city,22122,Princes Hill,2026-10-08,3,03-19--5-T5-142611913,tram,19,North Coburg - Flinders Street Station,17329,Ievers St/Royal Pde #17,601.28937688,17871,Queen Victoria Market/Elizabeth St #7,278.17645067,28620,29340,720
rmit_city,22122,Princes Hill,2026-10-08,3,03-19--5-T5-142611914,tram,19,North Coburg - Flinders Street Station,17329,Ievers St/Royal Pde #17,601.28937688,17871,Queen Victoria Market/Elizabeth St #7,278.17645067,28980,29700,720
rmit_city,22122,Princes Hill,2026-10-08,3,03-19--5-T5-142611915,tram,19,North Coburg - Flinders Street Station,17329,Ievers St/Royal Pde #17,601.28937688,17871,Queen Victoria Market/Elizabeth St #7,278.17645067,29340,30060,720
rmit_city,22122,Princes Hill,2026-10-08,3,03-19--5-T5-142611916,tram,19,North Coburg - Flinders Street Station,17329,Ievers St/Royal Pde #17,601.28937688,17871,Queen Victoria Market/Elizabeth St #7,278.17645067,29580,30300,720
rmit_city,22122,Princes Hill,2026-10-08,3,03-19--5-T5-142611917,tram,19,North Coburg - Flinders Street Station,17329,Ievers St/Royal Pde #17,601.28937688,17871,Queen Victoria Market/Elizabeth St #7,278.17645067,29880,30600,720
rmit_city,22122,Princes Hill,2026-10-08,3,03-19--5-T5-142611918,tram,19,North Coburg - Flinders Street Station,17329,Ievers St/Royal Pde #17,601.28937688,17871,Queen Victoria Market/Elizabeth St #7,278.17645067,30120,30840,720
rmit_city,22122,Princes Hill,2026-10-08,3,03-19--5-T5-142611919,tram,19,North Coburg - Flinders Street Station,17329,Ievers St/Royal Pde #17,601.28937688,17871,Queen Victoria Market/Elizabeth St #7,278.17645067,30420,31140,720
rmit_city,22122,Princes Hill,2026-10-08,3,03-19--5-T5-142611920,tram,19,North Coburg - Flinders Street Station,17329,Ievers St/Royal Pde #17,601.28937688,17871,Queen Victoria Market/Elizabeth St #7,278.17645067,30600,31320,720
rmit_city,22122,Princes Hill,2026-10-08,3,03-19--5-T5-142611921,tram,19,North Coburg - Flinders Street Station,17329,Ievers St/Royal Pde #17,601.28937688,17871,Queen Victoria Market/Elizabeth St #7,278.17645067,30840,31560,720
rmit_city,22122,Princes Hill,2026-10-08,3,03-19--5-T5-142611922,tram,19,North Coburg - Flinders Street Station,17329,Ievers St/Royal Pde #17,601.28937688,17871,Queen Victoria Market/Elizabeth St #7,278.17645067,31140,31860,720
rmit_city,22122,Princes Hill,2026-10-08,3,03-19--5-T5-142611923,tram,19,North Coburg - Flinders Street Station,17329,Ievers St/Royal Pde #17,601.28937688,17871,Queen Victoria Market/Elizabeth St #7,278.17645067,31380,32100,720
rmit_city,22122,Princes Hill,2026-10-08,3,03-19--5-T5-142611924,tram,19,North Coburg - Flinders Street Station,17329,Ievers St/Royal Pde #17,601.28937688,17871,Queen Victoria Market/Elizabeth St #7,278.17645067,31620,32340,720
rmit_city,22122,Princes Hill,2026-10-08,3,03-19--5-T5-142611925,tram,19,North Coburg - Flinders Street Station,17329,Ievers St/Royal Pde #17,601.28937688,17871,Queen Victoria Market/Elizabeth St #7,278.17645067,31800,32520,720
rmit_city,22122,Princes Hill,2026-10-08,3,03-19--5-T5-142611926,tram,19,North Coburg - Flinders Street Station,17329,Ievers St/Royal Pde #17,601.28937688,17871,Queen Victoria Market/Elizabeth St #7,278.17645067,32040,32760,720
rmit_city,22122,Princes Hill,2026-10-08,3,03-19--5-T5-142611927,tram,19,North Coburg - Flinders Street Station,17329,Ievers St/Royal Pde #17,601.28937688,17871,Queen Victoria Market/Elizabeth St #7,278.17645067,32280,33000,720
rmit_city,22122,Princes Hill,2026-10-08,3,03-6--5-T5-142611603,tram,6,Moreland - Glen Iris,19346,Pigdon St/Lygon St #118,317.21168339,19494,RMIT University/Swanston St #7,73.16936843,25320,26100,780
rmit_city,22122,Princes Hill,2026-10-08,3,03-6--5-T5-142611605,tram,6,Moreland - Glen Iris,19346,Pigdon St/Lygon St #118,317.21168339,19494,RMIT University/Swanston St #7,73.16936843,25860,26640,780
rmit_city,22122,Princes Hill,2026-10-08,3,03-6--5-T5-142611607,tram,6,Moreland - Glen Iris,19346,Pigdon St/Lygon St #118,317.21168339,19494,RMIT University/Swanston St #7,73.16936843,26400,27240,840
rmit_city,22122,Princes Hill,2026-10-08,3,03-6--5-T5-142611609,tram,6,Moreland - Glen Iris,19346,Pigdon St/Lygon St #118,317.21168339,19494,RMIT University/Swanston St #7,73.16936843,26940,27780,840
rmit_city,22122,Princes Hill,2026-10-08,3,03-6--5-T5-142611612,tram,6,Moreland - Glen Iris,19346,Pigdon St/Lygon St #118,317.21168339,19494,RMIT University/Swanston St #7,73.16936843,27300,28140,840
rmit_city,22122,Princes Hill,2026-10-08,3,03-6--5-T5-142611614,tram,6,Moreland - Glen Iris,19346,Pigdon St/Lygon St #118,317.21168339,19494,RMIT University/Swanston St #7,73.16936843,27780,28620,840
rmit_city,22122,Princes Hill,2026-10-08,3,03-6--5-T5-142611615,tram,6,Moreland - Glen Iris,19346,Pigdon St/Lygon St #118,317.21168339,19494,RMIT University/Swanston St #7,73.16936843,28320,29160,840
rmit_city,22122,Princes Hill,2026-10-08,3,03-6--5-T5-142611619,tram,6,Moreland - Glen Iris,19346,Pigdon St/Lygon St #118,317.21168339,19494,RMIT University/Swanston St #7,73.16936843,28680,29520,840
rmit_city,22122,Princes Hill,2026-10-08,3,03-6--5-T5-142611621,tram,6,Moreland - Glen Iris,19346,Pigdon St/Lygon St #118,317.21168339,19494,RMIT University/Swanston St #7,73.16936843,29040,29880,840
rmit_city,22122,Princes Hill,2026-10-08,3,03-6--5-T5-142611624,tram,6,Moreland - Glen Iris,19346,Pigdon St/Lygon St #118,317.21168339,19494,RMIT University/Swanston St #7,73.16936843,29400,30240,840
rmit_city,22122,Princes Hill,2026-10-08,3,03-6--5-T5-142611625,tram,6,Moreland - Glen Iris,19346,Pigdon St/Lygon St #118,317.21168339,19494,RMIT University/Swanston St #7,73.16936843,29760,30600,840
rmit_city,22122,Princes Hill,2026-10-08,3,03-6--5-T5-142611628,tram,6,Moreland - Glen Iris,19346,Pigdon St/Lygon St #118,317.21168339,19494,RMIT University/Swanston St #7,73.16936843,30120,30960,840
rmit_city,22122,Princes Hill,2026-10-08,3,03-6--5-T5-142611631,tram,6,Moreland - Glen Iris,19346,Pigdon St/Lygon St #118,317.21168339,19494,RMIT University/Swanston St #7,73.16936843,30480,31320,840
rmit_city,22122,Princes Hill,2026-10-08,3,03-6--5-T5-142611632,tram,6,Moreland - Glen Iris,19346,Pigdon St/Lygon St #118,317.21168339,19494,RMIT University/Swanston St #7,73.16936843,30840,31680,840
rmit_city,22122,Princes Hill,2026-10-08,3,03-6--5-T5-142611633,tram,6,Moreland - Glen Iris,19346,Pigdon St/Lygon St #118,317.21168339,19494,RMIT University/Swanston St #7,73.16936843,31200,32040,840
rmit_city,22122,Princes Hill,2026-10-08,3,03-6--5-T5-142611634,tram,6,Moreland - Glen Iris,19346,Pigdon St/Lygon St #118,317.21168339,19494,RMIT University/Swanston St #7,73.16936843,31560,32400,840
rmit_city,22122,Princes Hill,2026-10-08,3,03-6--5-T5-142611635,tram,6,Moreland - Glen Iris,19346,Pigdon St/Lygon St #118,317.21168339,19494,RMIT University/Swanston St #7,73.16936843,31920,32760,840
rmit_city,22122,Princes Hill,2026-10-08,4,17-250--1-MF62-251131,bus,250,City (Queen St) - La Trobe University via Clifton Hill,664,Pigdon St/Rathdowne St,579.95990548,19545,Melbourne Central/Lonsdale St,435.17422349,27300,28140,840
rmit_city,22122,Princes Hill,2026-10-08,4,17-250--1-MF62-251147,bus,250,City (Queen St) - La Trobe University via Clifton Hill,664,Pigdon St/Rathdowne St,579.95990548,19545,Melbourne Central/Lonsdale St,435.17422349,30900,32280,1380
rmit_city,22122,Princes Hill,2026-10-08,4,17-250--1-MF62-251148,bus,250,City (Queen St) - La Trobe University via Clifton Hill,664,Pigdon St/Rathdowne St,579.95990548,19545,Melbourne Central/Lonsdale St,435.17422349,28320,29340,1020
rmit_city,22122,Princes Hill,2026-10-08,4,17-250--1-MF62-251151,bus,250,City (Queen St) - La Trobe University via Clifton Hill,664,Pigdon St/Rathdowne St,579.95990548,19545,Melbourne Central/Lonsdale St,435.17422349,25980,26820,840
rmit_city,22122,Princes Hill,2026-10-08,4,17-250--1-MF62-251152,bus,250,City (Queen St) - La Trobe University via Clifton Hill,664,Pigdon St/Rathdowne St,579.95990548,19545,Melbourne Central/Lonsdale St,435.17422349,32100,33480,1380
rmit_city,22122,Princes Hill,2026-10-08,4,17-250--1-MF62-251167,bus,250,City (Queen St) - La Trobe University via Clifton Hill,664,Pigdon St/Rathdowne St,579.95990548,19545,Melbourne Central/Lonsdale St,435.17422349,29640,30900,1260
rmit_city,22122,Princes Hill,2026-10-08,4,17-251--1-MF62-251168,bus,251,City (Queen St) - Northland Shopping Centre via Clifton Hill,664,Pigdon St/Rathdowne St,579.95990548,19545,Melbourne Central/Lonsdale St,435.17422349,25680,26580,900
rmit_city,22122,Princes Hill,2026-10-08,4,17-251--1-MF62-251192,bus,251,City (Queen St) - Northland Shopping Centre via Clifton Hill,664,Pigdon St/Rathdowne St,579.95990548,19545,Melbourne Central/Lonsdale St,435.17422349,30000,31320,1320
rmit_city,22122,Princes Hill,2026-10-08,4,17-251--1-MF62-251196,bus,251,City (Queen St) - Northland Shopping Centre via Clifton Hill,664,Pigdon St/Rathdowne St,579.95990548,19545,Melbourne Central/Lonsdale St,435.17422349,31200,32640,1440
rmit_city,22122,Princes Hill,2026-10-08,4,17-251--1-MF62-251197,bus,251,City (Queen St) - Northland Shopping Centre via Clifton Hill,664,Pigdon St/Rathdowne St,579.95990548,19545,Melbourne Central/Lonsdale St,435.17422349,27000,27960,960
rmit_city,22122,Princes Hill,2026-10-08,4,17-251--1-MF62-251204,bus,251,City (Queen St) - Northland Shopping Centre via Clifton Hill,664,Pigdon St/Rathdowne St,579.95990548,19545,Melbourne Central/Lonsdale St,435.17422349,28560,29640,1080
rmit_city,22170,Richmond (Vic.),2026-10-08,2,02-ALM--69-T5-2806,metropolitan_train,Alamein,Alamein Line,12248,Burnley Station,752.57347043,12198,Melbourne Central Station,185.46186821,25440,25920,480
rmit_city,22170,Richmond (Vic.),2026-10-08,2,02-ALM--69-T5-2808,metropolitan_train,Alamein,Alamein Line,12248,Burnley Station,752.57347043,12198,Melbourne Central Station,185.46186821,26460,26940,480
rmit_city,22170,Richmond (Vic.),2026-10-08,2,02-ALM--69-T5-2810,metropolitan_train,Alamein,Alamein Line,12248,Burnley Station,752.57347043,12198,Melbourne Central Station,185.46186821,27360,27840,480
rmit_city,22170,Richmond (Vic.),2026-10-08,2,02-ALM--69-T5-2812,metropolitan_train,Alamein,Alamein Line,12248,Burnley Station,752.57347043,12198,Melbourne Central Station,185.46186821,28560,29040,480
rmit_city,22170,Richmond (Vic.),2026-10-08,2,02-ALM--69-T5-2814,metropolitan_train,Alamein,Alamein Line,12248,Burnley Station,752.57347043,12198,Melbourne Central Station,185.46186821,29820,30300,480
rmit_city,22170,Richmond (Vic.),2026-10-08,2,02-ALM--69-T5-2816,metropolitan_train,Alamein,Alamein Line,12248,Burnley Station,752.57347043,12198,Melbourne Central Station,185.46186821,30960,31440,480
rmit_city,22170,Richmond (Vic.),2026-10-08,2,02-ALM--69-T5-2818,metropolitan_train,Alamein,Alamein Line,12248,Burnley Station,752.57347043,12198,Melbourne Central Station,185.46186821,32160,32640,480
rmit_city,22170,Richmond (Vic.),2026-10-08,2,02-LIL--69-T5-3786,metropolitan_train,Lilydale,Lilydale Line,12248,Burnley Station,752.57347043,12198,Melbourne Central Station,185.46186821,25860,26340,480
rmit_city,22170,Richmond (Vic.),2026-10-08,2,02-LIL--69-T5-3788,metropolitan_train,Lilydale,Lilydale Line,12248,Burnley Station,752.57347043,12198,Melbourne Central Station,185.46186821,27000,27480,480
rmit_city,22170,Richmond (Vic.),2026-10-08,2,02-LIL--69-T5-3790,metropolitan_train,Lilydale,Lilydale Line,12248,Burnley Station,752.57347043,12198,Melbourne Central Station,185.46186821,27720,28200,480
rmit_city,22170,Richmond (Vic.),2026-10-08,2,02-LIL--69-T5-3792,metropolitan_train,Lilydale,Lilydale Line,12248,Burnley Station,752.57347043,12198,Melbourne Central Station,185.46186821,28260,28740,480
rmit_city,22170,Richmond (Vic.),2026-10-08,2,02-LIL--69-T5-3826,metropolitan_train,Lilydale,Lilydale Line,12248,Burnley Station,752.57347043,12198,Melbourne Central Station,185.46186821,31260,31740,480
rmit_city,22170,Richmond (Vic.),2026-10-08,2,02-LIL--69-T5-3900,metropolitan_train,Lilydale,Lilydale Line,12248,Burnley Station,752.57347043,12198,Melbourne Central Station,185.46186821,28860,29340,480
rmit_city,22170,Richmond (Vic.),2026-10-08,2,02-LIL--69-T5-3902,metropolitan_train,Lilydale,Lilydale Line,12248,Burnley Station,752.57347043,12198,Melbourne Central Station,185.46186821,29580,30060,480
rmit_city,22170,Richmond (Vic.),2026-10-08,2,02-LIL--69-T5-3904,metropolitan_train,Lilydale,Lilydale Line,12248,Burnley Station,752.57347043,12198,Melbourne Central Station,185.46186821,30120,30600,480
rmit_city,22170,Richmond (Vic.),2026-10-08,2,02-LIL--69-T5-3906,metropolitan_train,Lilydale,Lilydale Line,12248,Burnley Station,752.57347043,12198,Melbourne Central Station,185.46186821,30660,31140,480
rmit_city,22170,Richmond (Vic.),2026-10-08,2,02-LIL--69-T5-3908,metropolitan_train,Lilydale,Lilydale Line,12248,Burnley Station,752.57347043,12198,Melbourne Central Station,185.46186821,31860,32340,480
rmit_city,22310,South Melbourne,2026-10-08,3,03-1--5-T5-142612078,tram,1,East Coburg - South Melbourne Beach,18483,Clarendon St/Park St #24,134.44149861,19691,RMIT University/Swanston St #7,72.24980693,25560,26640,1080
rmit_city,22310,South Melbourne,2026-10-08,3,03-1--5-T5-142612079,tram,1,East Coburg - South Melbourne Beach,18483,Clarendon St/Park St #24,134.44149861,19691,RMIT University/Swanston St #7,72.24980693,26280,27360,1080
rmit_city,22310,South Melbourne,2026-10-08,3,03-1--5-T5-142612080,tram,1,East Coburg - South Melbourne Beach,18483,Clarendon St/Park St #24,134.44149861,19691,RMIT University/Swanston St #7,72.24980693,26760,27900,1140
rmit_city,22310,South Melbourne,2026-10-08,3,03-1--5-T5-142612081,tram,1,East Coburg - South Melbourne Beach,18483,Clarendon St/Park St #24,134.44149861,19691,RMIT University/Swanston St #7,72.24980693,27360,28500,1140
rmit_city,22310,South Melbourne,2026-10-08,3,03-1--5-T5-142612082,tram,1,East Coburg - South Melbourne Beach,18483,Clarendon St/Park St #24,134.44149861,19691,RMIT University/Swanston St #7,72.24980693,27900,29100,1200
rmit_city,22310,South Melbourne,2026-10-08,3,03-1--5-T5-142612083,tram,1,East Coburg - South Melbourne Beach,18483,Clarendon St/Park St #24,134.44149861,19691,RMIT University/Swanston St #7,72.24980693,28500,29700,1200
rmit_city,22310,South Melbourne,2026-10-08,3,03-1--5-T5-142612084,tram,1,East Coburg - South Melbourne Beach,18483,Clarendon St/Park St #24,134.44149861,19691,RMIT University/Swanston St #7,72.24980693,29100,30300,1200
rmit_city,22310,South Melbourne,2026-10-08,3,03-1--5-T5-142612085,tram,1,East Coburg - South Melbourne Beach,18483,Clarendon St/Park St #24,134.44149861,19691,RMIT University/Swanston St #7,72.24980693,29640,30840,1200
rmit_city,22310,South Melbourne,2026-10-08,3,03-1--5-T5-142612086,tram,1,East Coburg - South Melbourne Beach,18483,Clarendon St/Park St #24,134.44149861,19691,RMIT University/Swanston St #7,72.24980693,30120,31320,1200
rmit_city,22310,South Melbourne,2026-10-08,3,03-1--5-T5-142612087,tram,1,East Coburg - South Melbourne Beach,18483,Clarendon St/Park St #24,134.44149861,19691,RMIT University/Swanston St #7,72.24980693,30660,31860,1200
rmit_city,22310,South Melbourne,2026-10-08,3,03-1--5-T5-142612088,tram,1,East Coburg - South Melbourne Beach,18483,Clarendon St/Park St #24,134.44149861,19691,RMIT University/Swanston St #7,72.24980693,31140,32340,1200
rmit_city,22310,South Melbourne,2026-10-08,3,03-1--5-T5-142612089,tram,1,East Coburg - South Melbourne Beach,18483,Clarendon St/Park St #24,134.44149861,19691,RMIT University/Swanston St #7,72.24980693,31560,32760,1200
rmit_city,22310,South Melbourne,2026-10-08,3,03-1--5-T5-142612090,tram,1,East Coburg - South Melbourne Beach,18483,Clarendon St/Park St #24,134.44149861,19691,RMIT University/Swanston St #7,72.24980693,31920,33120,1200
rmit_city,22310,South Melbourne,2026-10-08,3,03-1--5-T5-142612091,tram,1,East Coburg - South Melbourne Beach,18483,Clarendon St/Park St #24,134.44149861,19691,RMIT University/Swanston St #7,72.24980693,32280,33480,1200
rmit_city,22310,South Melbourne,2026-10-08,3,03-58--5-T5-142608836,tram,58,West Coburg - Toorak,18222,Sturt St/Kings Way #118,538.11890264,18206,Queen Victoria Market/Peel St #9,599.56328226,25320,26160,840
rmit_city,22310,South Melbourne,2026-10-08,3,03-58--5-T5-142608837,tram,58,West Coburg - Toorak,18222,Sturt St/Kings Way #118,538.11890264,18206,Queen Victoria Market/Peel St #9,599.56328226,25980,26820,840
rmit_city,22310,South Melbourne,2026-10-08,3,03-58--5-T5-142608838,tram,58,West Coburg - Toorak,18222,Sturt St/Kings Way #118,538.11890264,18206,Queen Victoria Market/Peel St #9,599.56328226,26520,27360,840
rmit_city,22310,South Melbourne,2026-10-08,3,03-58--5-T5-142608839,tram,58,West Coburg - Toorak,18222,Sturt St/Kings Way #118,538.11890264,18206,Queen Victoria Market/Peel St #9,599.56328226,26940,27960,1020
rmit_city,22310,South Melbourne,2026-10-08,3,03-58--5-T5-142608840,tram,58,West Coburg - Toorak,18222,Sturt St/Kings Way #118,538.11890264,18206,Queen Victoria Market/Peel St #9,599.56328226,27420,28440,1020
rmit_city,22310,South Melbourne,2026-10-08,3,03-58--5-T5-142608841,tram,58,West Coburg - Toorak,18222,Sturt St/Kings Way #118,538.11890264,18206,Queen Victoria Market/Peel St #9,599.56328226,27900,28920,1020
rmit_city,22310,South Melbourne,2026-10-08,3,03-58--5-T5-142608842,tram,58,West Coburg - Toorak,18222,Sturt St/Kings Way #118,538.11890264,18206,Queen Victoria Market/Peel St #9,599.56328226,28440,29460,1020
rmit_city,22310,South Melbourne,2026-10-08,3,03-58--5-T5-142608843,tram,58,West Coburg - Toorak,18222,Sturt St/Kings Way #118,538.11890264,18206,Queen Victoria Market/Peel St #9,599.56328226,28920,29940,1020
rmit_city,22310,South Melbourne,2026-10-08,3,03-58--5-T5-142608844,tram,58,West Coburg - Toorak,18222,Sturt St/Kings Way #118,538.11890264,18206,Queen Victoria Market/Peel St #9,599.56328226,29400,30420,1020
rmit_city,22310,South Melbourne,2026-10-08,3,03-58--5-T5-142608845,tram,58,West Coburg - Toorak,18222,Sturt St/Kings Way #118,538.11890264,18206,Queen Victoria Market/Peel St #9,599.56328226,29880,30900,1020
rmit_city,22310,South Melbourne,2026-10-08,3,03-58--5-T5-142608846,tram,58,West Coburg - Toorak,18222,Sturt St/Kings Way #118,538.11890264,18206,Queen Victoria Market/Peel St #9,599.56328226,30360,31380,1020
rmit_city,22310,South Melbourne,2026-10-08,3,03-58--5-T5-142608847,tram,58,West Coburg - Toorak,18222,Sturt St/Kings Way #118,538.11890264,18206,Queen Victoria Market/Peel St #9,599.56328226,30840,31860,1020
rmit_city,22310,South Melbourne,2026-10-08,3,03-58--5-T5-142608848,tram,58,West Coburg - Toorak,18222,Sturt St/Kings Way #118,538.11890264,18206,Queen Victoria Market/Peel St #9,599.56328226,31320,32340,1020
rmit_city,22310,South Melbourne,2026-10-08,3,03-58--5-T5-142608849,tram,58,West Coburg - Toorak,18222,Sturt St/Kings Way #118,538.11890264,18206,Queen Victoria Market/Peel St #9,599.56328226,31800,32820,1020
rmit_city,22310,South Melbourne,2026-10-08,3,03-58--5-T5-142608850,tram,58,West Coburg - Toorak,18222,Sturt St/Kings Way #118,538.11890264,18206,Queen Victoria Market/Peel St #9,599.56328226,32280,33300,1020
rmit_city,22310,South Melbourne,2026-10-08,3,03-96--5-T5-142608657,tram,96,East Brunswick - St Kilda Beach,20497,South Melbourne Station/Light Rail #127,478.21983601,17887,Elizabeth St/Bourke St #5,654.06456433,25320,26220,900
rmit_city,22310,South Melbourne,2026-10-08,3,03-96--5-T5-142608658,tram,96,East Brunswick - St Kilda Beach,20497,South Melbourne Station/Light Rail #127,478.21983601,17887,Elizabeth St/Bourke St #5,654.06456433,25920,26820,900
rmit_city,22310,South Melbourne,2026-10-08,3,03-96--5-T5-142608659,tram,96,East Brunswick - St Kilda Beach,20497,South Melbourne Station/Light Rail #127,478.21983601,17887,Elizabeth St/Bourke St #5,654.06456433,26520,27480,960
rmit_city,22310,South Melbourne,2026-10-08,3,03-96--5-T5-142608660,tram,96,East Brunswick - St Kilda Beach,20497,South Melbourne Station/Light Rail #127,478.21983601,17887,Elizabeth St/Bourke St #5,654.06456433,27000,27960,960
rmit_city,22310,South Melbourne,2026-10-08,3,03-96--5-T5-142608661,tram,96,East Brunswick - St Kilda Beach,20497,South Melbourne Station/Light Rail #127,478.21983601,17887,Elizabeth St/Bourke St #5,654.06456433,27480,28440,960
rmit_city,22310,South Melbourne,2026-10-08,3,03-96--5-T5-142608662,tram,96,East Brunswick - St Kilda Beach,20497,South Melbourne Station/Light Rail #127,478.21983601,17887,Elizabeth St/Bourke St #5,654.06456433,27900,28920,1020
rmit_city,22310,South Melbourne,2026-10-08,3,03-96--5-T5-142608663,tram,96,East Brunswick - St Kilda Beach,20497,South Melbourne Station/Light Rail #127,478.21983601,17887,Elizabeth St/Bourke St #5,654.06456433,28380,29400,1020
rmit_city,22310,South Melbourne,2026-10-08,3,03-96--5-T5-142608664,tram,96,East Brunswick - St Kilda Beach,20497,South Melbourne Station/Light Rail #127,478.21983601,17887,Elizabeth St/Bourke St #5,654.06456433,28800,29820,1020
rmit_city,22310,South Melbourne,2026-10-08,3,03-96--5-T5-142608665,tram,96,East Brunswick - St Kilda Beach,20497,South Melbourne Station/Light Rail #127,478.21983601,17887,Elizabeth St/Bourke St #5,654.06456433,29220,30240,1020
rmit_city,22310,South Melbourne,2026-10-08,3,03-96--5-T5-142608666,tram,96,East Brunswick - St Kilda Beach,20497,South Melbourne Station/Light Rail #127,478.21983601,17887,Elizabeth St/Bourke St #5,654.06456433,29640,30660,1020
rmit_city,22310,South Melbourne,2026-10-08,3,03-96--5-T5-142608667,tram,96,East Brunswick - St Kilda Beach,20497,South Melbourne Station/Light Rail #127,478.21983601,17887,Elizabeth St/Bourke St #5,654.06456433,30000,31020,1020
rmit_city,22310,South Melbourne,2026-10-08,3,03-96--5-T5-142608668,tram,96,East Brunswick - St Kilda Beach,20497,South Melbourne Station/Light Rail #127,478.21983601,17887,Elizabeth St/Bourke St #5,654.06456433,30360,31380,1020
rmit_city,22310,South Melbourne,2026-10-08,3,03-96--5-T5-142608669,tram,96,East Brunswick - St Kilda Beach,20497,South Melbourne Station/Light Rail #127,478.21983601,17887,Elizabeth St/Bourke St #5,654.06456433,30720,31740,1020
rmit_city,22310,South Melbourne,2026-10-08,3,03-96--5-T5-142608670,tram,96,East Brunswick - St Kilda Beach,20497,South Melbourne Station/Light Rail #127,478.21983601,17887,Elizabeth St/Bourke St #5,654.06456433,31080,32100,1020
rmit_city,22310,South Melbourne,2026-10-08,3,03-96--5-T5-142608671,tram,96,East Brunswick - St Kilda Beach,20497,South Melbourne Station/Light Rail #127,478.21983601,17887,Elizabeth St/Bourke St #5,654.06456433,31500,32520,1020
rmit_city,22310,South Melbourne,2026-10-08,3,03-96--5-T5-142608672,tram,96,East Brunswick - St Kilda Beach,20497,South Melbourne Station/Light Rail #127,478.21983601,17887,Elizabeth St/Bourke St #5,654.06456433,31860,32880,1020
rmit_city,22310,South Melbourne,2026-10-08,3,03-96--5-T5-142608673,tram,96,East Brunswick - St Kilda Beach,20497,South Melbourne Station/Light Rail #127,478.21983601,17887,Elizabeth St/Bourke St #5,654.06456433,32220,33240,1020
rmit_city,22310,South Melbourne,2026-10-08,4,17-234--1-MF62-234901,bus,234,City (Queen Victoria Market) - Garden City,341,Cecil St/City Rd,662.09971368,47244,A'Beckett St/Queen St,414.3657922,26640,27480,840
rmit_city,22310,South Melbourne,2026-10-08,4,17-234--1-MF62-234902,bus,234,City (Queen Victoria Market) - Garden City,341,Cecil St/City Rd,662.09971368,47244,A'Beckett St/Queen St,414.3657922,31320,32400,1080
rmit_city,22310,South Melbourne,2026-10-08,4,17-234--1-MF62-234908,bus,234,City (Queen Victoria Market) - Garden City,341,Cecil St/City Rd,662.09971368,47244,A'Beckett St/Queen St,414.3657922,30720,31800,1080
rmit_city,22310,South Melbourne,2026-10-08,4,17-236--1-MF62-236085,bus,236,City (Queen Victoria Market) - Garden City via South Melbourne,8410,South Melbourne Market/Cecil St,354.02630345,47244,A'Beckett St/Queen St,414.3657922,30120,31260,1140
rmit_city,22310,South Melbourne,2026-10-08,4,35-234--1-MF74-234910,bus,234,City (Queen Victoria Market) - Garden City,341,Cecil St/City Rd,662.09971368,47244,A'Beckett St/Queen St,414.3657922,28860,29940,1080
rmit_city,22310,South Melbourne,2026-10-08,4,35-234--1-MF74-234913,bus,234,City (Queen Victoria Market) - Garden City,341,Cecil St/City Rd,662.09971368,47244,A'Beckett St/Queen St,414.3657922,28260,29280,1020
rmit_city,22310,South Melbourne,2026-10-08,4,35-234--1-MF74-234921,bus,234,City (Queen Victoria Market) - Garden City,341,Cecil St/City Rd,662.09971368,47244,A'Beckett St/Queen St,414.3657922,27660,28500,840
rmit_city,22310,South Melbourne,2026-10-08,4,35-234--1-MF74-234922,bus,234,City (Queen Victoria Market) - Garden City,341,Cecil St/City Rd,662.09971368,47244,A'Beckett St/Queen St,414.3657922,31980,33000,1020
rmit_city,22310,South Melbourne,2026-10-08,4,35-234--1-MF74-234933,bus,234,City (Queen Victoria Market) - Garden City,341,Cecil St/City Rd,662.09971368,47244,A'Beckett St/Queen St,414.3657922,29520,30600,1080
rmit_city,22310,South Melbourne,2026-10-08,4,35-234--1-MF74-234936,bus,234,City (Queen Victoria Market) - Garden City,341,Cecil St/City Rd,662.09971368,47244,A'Beckett St/Queen St,414.3657922,25680,26340,660
rmit_city,22310,South Melbourne,2026-10-08,4,35-234--1-MF74-234937,bus,234,City (Queen Victoria Market) - Garden City,341,Cecil St/City Rd,662.09971368,47244,A'Beckett St/Queen St,414.3657922,30120,31200,1080
rmit_city,22310,South Melbourne,2026-10-08,4,35-236--1-MF74-236790,bus,236,City (Queen Victoria Market) - Garden City via South Melbourne,8410,South Melbourne Market/Cecil St,354.02630345,47244,A'Beckett St/Queen St,414.3657922,25500,26340,840
rmit_city,22310,South Melbourne,2026-10-08,4,35-236--1-MF74-236792,bus,236,City (Queen Victoria Market) - Garden City via South Melbourne,8410,South Melbourne Market/Cecil St,354.02630345,47244,A'Beckett St/Queen St,414.3657922,27720,28860,1140
rmit_city,22313,South Wharf,2026-10-08,2,02-HBE--69-T5-1819,metropolitan_train,Hurstbridge,Hurstbridge Line,22188,Southern Cross Station,771.28861398,10922,Melbourne Central Station,191.5940844,25380,25620,240
rmit_city,22313,South Wharf,2026-10-08,2,02-HBE--69-T5-1821,metropolitan_train,Hurstbridge,Hurstbridge Line,22188,Southern Cross Station,771.28861398,10922,Melbourne Central Station,191.5940844,25680,25920,240
rmit_city,22313,South Wharf,2026-10-08,2,02-HBE--69-T5-1823,metropolitan_train,Hurstbridge,Hurstbridge Line,22188,Southern Cross Station,771.28861398,10922,Melbourne Central Station,191.5940844,26400,26640,240
rmit_city,22313,South Wharf,2026-10-08,2,02-HBE--69-T5-1825,metropolitan_train,Hurstbridge,Hurstbridge Line,22188,Southern Cross Station,771.28861398,10922,Melbourne Central Station,191.5940844,26580,26820,240
rmit_city,22313,South Wharf,2026-10-08,2,02-HBE--69-T5-1827,metropolitan_train,Hurstbridge,Hurstbridge Line,22188,Southern Cross Station,771.28861398,10922,Melbourne Central Station,191.5940844,27180,27420,240
rmit_city,22313,South Wharf,2026-10-08,2,02-HBE--69-T5-1829,metropolitan_train,Hurstbridge,Hurstbridge Line,22188,Southern Cross Station,771.28861398,10922,Melbourne Central Station,191.5940844,27720,27960,240
rmit_city,22313,South Wharf,2026-10-08,2,02-HBE--69-T5-1831,metropolitan_train,Hurstbridge,Hurstbridge Line,22188,Southern Cross Station,771.28861398,10922,Melbourne Central Station,191.5940844,28260,28500,240
rmit_city,22313,South Wharf,2026-10-08,2,02-HBE--69-T5-1833,metropolitan_train,Hurstbridge,Hurstbridge Line,22188,Southern Cross Station,771.28861398,10922,Melbourne Central Station,191.5940844,28620,28860,240
rmit_city,22313,South Wharf,2026-10-08,2,02-HBE--69-T5-1835,metropolitan_train,Hurstbridge,Hurstbridge Line,22188,Southern Cross Station,771.28861398,10922,Melbourne Central Station,191.5940844,29160,29400,240
rmit_city,22313,South Wharf,2026-10-08,2,02-HBE--69-T5-1837,metropolitan_train,Hurstbridge,Hurstbridge Line,22188,Southern Cross Station,771.28861398,10922,Melbourne Central Station,191.5940844,29580,29820,240
rmit_city,22313,South Wharf,2026-10-08,2,02-HBE--69-T5-1839,metropolitan_train,Hurstbridge,Hurstbridge Line,22188,Southern Cross Station,771.28861398,10922,Melbourne Central Station,191.5940844,29940,30180,240
rmit_city,22313,South Wharf,2026-10-08,2,02-HBE--69-T5-1841,metropolitan_train,Hurstbridge,Hurstbridge Line,22188,Southern Cross Station,771.28861398,10922,Melbourne Central Station,191.5940844,30480,30720,240
rmit_city,22313,South Wharf,2026-10-08,2,02-HBE--69-T5-1843,metropolitan_train,Hurstbridge,Hurstbridge Line,22188,Southern Cross Station,771.28861398,10922,Melbourne Central Station,191.5940844,31020,31260,240
rmit_city,22313,South Wharf,2026-10-08,2,02-HBE--69-T5-1845,metropolitan_train,Hurstbridge,Hurstbridge Line,22188,Southern Cross Station,771.28861398,10922,Melbourne Central Station,191.5940844,31380,31620,240
rmit_city,22313,South Wharf,2026-10-08,2,02-HBE--69-T5-1847,metropolitan_train,Hurstbridge,Hurstbridge Line,22188,Southern Cross Station,771.28861398,10922,Melbourne Central Station,191.5940844,31560,31800,240
rmit_city,22313,South Wharf,2026-10-08,2,02-HBE--69-T5-1849,metropolitan_train,Hurstbridge,Hurstbridge Line,22188,Southern Cross Station,771.28861398,10922,Melbourne Central Station,191.5940844,31920,32160,240
rmit_city,22313,South Wharf,2026-10-08,2,02-MDD--69-T5-1617,metropolitan_train,Mernda,Mernda Line,22188,Southern Cross Station,771.28861398,10922,Melbourne Central Station,191.5940844,25920,26160,240
rmit_city,22313,South Wharf,2026-10-08,2,02-MDD--69-T5-1619,metropolitan_train,Mernda,Mernda Line,22188,Southern Cross Station,771.28861398,10922,Melbourne Central Station,191.5940844,26160,26400,240
rmit_city,22313,South Wharf,2026-10-08,2,02-MDD--69-T5-1621,metropolitan_train,Mernda,Mernda Line,22188,Southern Cross Station,771.28861398,10922,Melbourne Central Station,191.5940844,26760,27000,240
rmit_city,22313,South Wharf,2026-10-08,2,02-MDD--69-T5-1623,metropolitan_train,Mernda,Mernda Line,22188,Southern Cross Station,771.28861398,10922,Melbourne Central Station,191.5940844,27000,27240,240
rmit_city,22313,South Wharf,2026-10-08,2,02-MDD--69-T5-1625,metropolitan_train,Mernda,Mernda Line,22188,Southern Cross Station,771.28861398,10922,Melbourne Central Station,191.5940844,27360,27600,240
rmit_city,22313,South Wharf,2026-10-08,2,02-MDD--69-T5-1627,metropolitan_train,Mernda,Mernda Line,22188,Southern Cross Station,771.28861398,10922,Melbourne Central Station,191.5940844,27540,27780,240
rmit_city,22313,South Wharf,2026-10-08,2,02-MDD--69-T5-1629,metropolitan_train,Mernda,Mernda Line,22188,Southern Cross Station,771.28861398,10922,Melbourne Central Station,191.5940844,27900,28140,240
rmit_city,22313,South Wharf,2026-10-08,2,02-MDD--69-T5-1631,metropolitan_train,Mernda,Mernda Line,22188,Southern Cross Station,771.28861398,10922,Melbourne Central Station,191.5940844,28080,28320,240
rmit_city,22313,South Wharf,2026-10-08,2,02-MDD--69-T5-1633,metropolitan_train,Mernda,Mernda Line,22188,Southern Cross Station,771.28861398,10922,Melbourne Central Station,191.5940844,28440,28680,240
rmit_city,22313,South Wharf,2026-10-08,2,02-MDD--69-T5-1635,metropolitan_train,Mernda,Mernda Line,22188,Southern Cross Station,771.28861398,10922,Melbourne Central Station,191.5940844,28800,29040,240
rmit_city,22313,South Wharf,2026-10-08,2,02-MDD--69-T5-1637,metropolitan_train,Mernda,Mernda Line,22188,Southern Cross Station,771.28861398,10922,Melbourne Central Station,191.5940844,28980,29220,240
rmit_city,22313,South Wharf,2026-10-08,2,02-MDD--69-T5-1639,metropolitan_train,Mernda,Mernda Line,22188,Southern Cross Station,771.28861398,10922,Melbourne Central Station,191.5940844,29400,29640,240
rmit_city,22313,South Wharf,2026-10-08,2,02-MDD--69-T5-1641,metropolitan_train,Mernda,Mernda Line,22188,Southern Cross Station,771.28861398,10922,Melbourne Central Station,191.5940844,29760,30000,240
rmit_city,22313,South Wharf,2026-10-08,2,02-MDD--69-T5-1643,metropolitan_train,Mernda,Mernda Line,22188,Southern Cross Station,771.28861398,10922,Melbourne Central Station,191.5940844,30120,30360,240
rmit_city,22313,South Wharf,2026-10-08,2,02-MDD--69-T5-1645,metropolitan_train,Mernda,Mernda Line,22188,Southern Cross Station,771.28861398,10922,Melbourne Central Station,191.5940844,30300,30540,240
rmit_city,22313,South Wharf,2026-10-08,2,02-MDD--69-T5-1647,metropolitan_train,Mernda,Mernda Line,22188,Southern Cross Station,771.28861398,10922,Melbourne Central Station,191.5940844,30660,30900,240
rmit_city,22313,South Wharf,2026-10-08,2,02-MDD--69-T5-1649,metropolitan_train,Mernda,Mernda Line,22188,Southern Cross Station,771.28861398,10922,Melbourne Central Station,191.5940844,30840,31080,240
rmit_city,22313,South Wharf,2026-10-08,2,02-MDD--69-T5-1651,metropolitan_train,Mernda,Mernda Line,22188,Southern Cross Station,771.28861398,10922,Melbourne Central Station,191.5940844,31200,31440,240
rmit_city,22313,South Wharf,2026-10-08,2,02-MDD--69-T5-1653,metropolitan_train,Mernda,Mernda Line,22188,Southern Cross Station,771.28861398,10922,Melbourne Central Station,191.5940844,31740,31980,240
rmit_city,22313,South Wharf,2026-10-08,2,02-MDD--69-T5-1655,metropolitan_train,Mernda,Mernda Line,22188,Southern Cross Station,771.28861398,10922,Melbourne Central Station,191.5940844,32100,32340,240
rmit_city,22313,South Wharf,2026-10-08,2,02-MDD--69-T5-1657,metropolitan_train,Mernda,Mernda Line,22188,Southern Cross Station,771.28861398,10922,Melbourne Central Station,191.5940844,32340,32580,240
rmit_city,22313,South Wharf,2026-10-08,3,03-58--5-T5-142608836,tram,58,West Coburg - Toorak,18233,City Rd/Kings Way #116,740.09232831,18206,Queen Victoria Market/Peel St #9,599.56328226,25500,26160,660
rmit_city,22313,South Wharf,2026-10-08,3,03-58--5-T5-142608837,tram,58,West Coburg - Toorak,18233,City Rd/Kings Way #116,740.09232831,18206,Queen Victoria Market/Peel St #9,599.56328226,26160,26820,660
rmit_city,22313,South Wharf,2026-10-08,3,03-58--5-T5-142608838,tram,58,West Coburg - Toorak,18233,City Rd/Kings Way #116,740.09232831,18206,Queen Victoria Market/Peel St #9,599.56328226,26700,27360,660
rmit_city,22313,South Wharf,2026-10-08,3,03-58--5-T5-142608839,tram,58,West Coburg - Toorak,18233,City Rd/Kings Way #116,740.09232831,18206,Queen Victoria Market/Peel St #9,599.56328226,27180,27960,780
rmit_city,22313,South Wharf,2026-10-08,3,03-58--5-T5-142608840,tram,58,West Coburg - Toorak,18233,City Rd/Kings Way #116,740.09232831,18206,Queen Victoria Market/Peel St #9,599.56328226,27660,28440,780
rmit_city,22313,South Wharf,2026-10-08,3,03-58--5-T5-142608841,tram,58,West Coburg - Toorak,18233,City Rd/Kings Way #116,740.09232831,18206,Queen Victoria Market/Peel St #9,599.56328226,28140,28920,780
rmit_city,22313,South Wharf,2026-10-08,3,03-58--5-T5-142608842,tram,58,West Coburg - Toorak,18233,City Rd/Kings Way #116,740.09232831,18206,Queen Victoria Market/Peel St #9,599.56328226,28680,29460,780
rmit_city,22313,South Wharf,2026-10-08,3,03-58--5-T5-142608843,tram,58,West Coburg - Toorak,18233,City Rd/Kings Way #116,740.09232831,18206,Queen Victoria Market/Peel St #9,599.56328226,29160,29940,780
rmit_city,22313,South Wharf,2026-10-08,3,03-58--5-T5-142608844,tram,58,West Coburg - Toorak,18233,City Rd/Kings Way #116,740.09232831,18206,Queen Victoria Market/Peel St #9,599.56328226,29640,30420,780
rmit_city,22313,South Wharf,2026-10-08,3,03-58--5-T5-142608845,tram,58,West Coburg - Toorak,18233,City Rd/Kings Way #116,740.09232831,18206,Queen Victoria Market/Peel St #9,599.56328226,30120,30900,780
rmit_city,22313,South Wharf,2026-10-08,3,03-58--5-T5-142608846,tram,58,West Coburg - Toorak,18233,City Rd/Kings Way #116,740.09232831,18206,Queen Victoria Market/Peel St #9,599.56328226,30600,31380,780
rmit_city,22313,South Wharf,2026-10-08,3,03-58--5-T5-142608847,tram,58,West Coburg - Toorak,18233,City Rd/Kings Way #116,740.09232831,18206,Queen Victoria Market/Peel St #9,599.56328226,31080,31860,780
rmit_city,22313,South Wharf,2026-10-08,3,03-58--5-T5-142608848,tram,58,West Coburg - Toorak,18233,City Rd/Kings Way #116,740.09232831,18206,Queen Victoria Market/Peel St #9,599.56328226,31560,32340,780
rmit_city,22313,South Wharf,2026-10-08,3,03-58--5-T5-142608849,tram,58,West Coburg - Toorak,18233,City Rd/Kings Way #116,740.09232831,18206,Queen Victoria Market/Peel St #9,599.56328226,32040,32820,780
rmit_city,22313,South Wharf,2026-10-08,3,03-96--5-T5-142608656,tram,96,East Brunswick - St Kilda Beach,18187,Southern Cross Railway Station/Spencer St #122,779.28600799,17887,Elizabeth St/Bourke St #5,654.06456433,25200,25620,420
rmit_city,22313,South Wharf,2026-10-08,3,03-96--5-T5-142608657,tram,96,East Brunswick - St Kilda Beach,18184,Clarendon St/Whiteman St #125,360.93062927,17887,Elizabeth St/Bourke St #5,654.06456433,25440,26220,780
rmit_city,22313,South Wharf,2026-10-08,3,03-96--5-T5-142608658,tram,96,East Brunswick - St Kilda Beach,18184,Clarendon St/Whiteman St #125,360.93062927,17887,Elizabeth St/Bourke St #5,654.06456433,26040,26820,780
rmit_city,22313,South Wharf,2026-10-08,3,03-96--5-T5-142608659,tram,96,East Brunswick - St Kilda Beach,18184,Clarendon St/Whiteman St #125,360.93062927,17887,Elizabeth St/Bourke St #5,654.06456433,26640,27480,840
rmit_city,22313,South Wharf,2026-10-08,3,03-96--5-T5-142608660,tram,96,East Brunswick - St Kilda Beach,18184,Clarendon St/Whiteman St #125,360.93062927,17887,Elizabeth St/Bourke St #5,654.06456433,27120,27960,840
rmit_city,22313,South Wharf,2026-10-08,3,03-96--5-T5-142608661,tram,96,East Brunswick - St Kilda Beach,18184,Clarendon St/Whiteman St #125,360.93062927,17887,Elizabeth St/Bourke St #5,654.06456433,27600,28440,840
rmit_city,22313,South Wharf,2026-10-08,3,03-96--5-T5-142608662,tram,96,East Brunswick - St Kilda Beach,18184,Clarendon St/Whiteman St #125,360.93062927,17887,Elizabeth St/Bourke St #5,654.06456433,28020,28920,900
rmit_city,22313,South Wharf,2026-10-08,3,03-96--5-T5-142608663,tram,96,East Brunswick - St Kilda Beach,18184,Clarendon St/Whiteman St #125,360.93062927,17887,Elizabeth St/Bourke St #5,654.06456433,28500,29400,900
rmit_city,22313,South Wharf,2026-10-08,3,03-96--5-T5-142608664,tram,96,East Brunswick - St Kilda Beach,18184,Clarendon St/Whiteman St #125,360.93062927,17887,Elizabeth St/Bourke St #5,654.06456433,28920,29820,900
rmit_city,22313,South Wharf,2026-10-08,3,03-96--5-T5-142608665,tram,96,East Brunswick - St Kilda Beach,18184,Clarendon St/Whiteman St #125,360.93062927,17887,Elizabeth St/Bourke St #5,654.06456433,29340,30240,900
rmit_city,22313,South Wharf,2026-10-08,3,03-96--5-T5-142608666,tram,96,East Brunswick - St Kilda Beach,18184,Clarendon St/Whiteman St #125,360.93062927,17887,Elizabeth St/Bourke St #5,654.06456433,29760,30660,900
rmit_city,22313,South Wharf,2026-10-08,3,03-96--5-T5-142608667,tram,96,East Brunswick - St Kilda Beach,18184,Clarendon St/Whiteman St #125,360.93062927,17887,Elizabeth St/Bourke St #5,654.06456433,30120,31020,900
rmit_city,22313,South Wharf,2026-10-08,3,03-96--5-T5-142608668,tram,96,East Brunswick - St Kilda Beach,18184,Clarendon St/Whiteman St #125,360.93062927,17887,Elizabeth St/Bourke St #5,654.06456433,30480,31380,900
rmit_city,22313,South Wharf,2026-10-08,3,03-96--5-T5-142608669,tram,96,East Brunswick - St Kilda Beach,18184,Clarendon St/Whiteman St #125,360.93062927,17887,Elizabeth St/Bourke St #5,654.06456433,30840,31740,900
rmit_city,22313,South Wharf,2026-10-08,3,03-96--5-T5-142608670,tram,96,East Brunswick - St Kilda Beach,18184,Clarendon St/Whiteman St #125,360.93062927,17887,Elizabeth St/Bourke St #5,654.06456433,31200,32100,900
rmit_city,22313,South Wharf,2026-10-08,3,03-96--5-T5-142608671,tram,96,East Brunswick - St Kilda Beach,18184,Clarendon St/Whiteman St #125,360.93062927,17887,Elizabeth St/Bourke St #5,654.06456433,31620,32520,900
rmit_city,22313,South Wharf,2026-10-08,3,03-96--5-T5-142608672,tram,96,East Brunswick - St Kilda Beach,18184,Clarendon St/Whiteman St #125,360.93062927,17887,Elizabeth St/Bourke St #5,654.06456433,31980,32880,900
rmit_city,22313,South Wharf,2026-10-08,3,03-96--5-T5-142608673,tram,96,East Brunswick - St Kilda Beach,18184,Clarendon St/Whiteman St #125,360.93062927,17887,Elizabeth St/Bourke St #5,654.06456433,32340,33240,900
rmit_city,22313,South Wharf,2026-10-08,4,17-234--1-MF62-234901,bus,234,City (Queen Victoria Market) - Garden City,342,Clarendon St/City Rd,551.58382826,47244,A'Beckett St/Queen St,414.3657922,26760,27480,720
rmit_city,22313,South Wharf,2026-10-08,4,17-234--1-MF62-234902,bus,234,City (Queen Victoria Market) - Garden City,342,Clarendon St/City Rd,551.58382826,47244,A'Beckett St/Queen St,414.3657922,31380,32400,1020
rmit_city,22313,South Wharf,2026-10-08,4,17-234--1-MF62-234908,bus,234,City (Queen Victoria Market) - Garden City,342,Clarendon St/City Rd,551.58382826,47244,A'Beckett St/Queen St,414.3657922,30780,31800,1020
rmit_city,22313,South Wharf,2026-10-08,4,17-236--1-MF62-236085,bus,236,City (Queen Victoria Market) - Garden City via South Melbourne,342,Clarendon St/City Rd,551.58382826,47244,A'Beckett St/Queen St,414.3657922,30300,31260,960
rmit_city,22313,South Wharf,2026-10-08,4,35-232--1-MF74-232183,bus,232,Altona North - City (Queen Victoria Market),48729,Collins Square/Collins St,602.64412322,47244,A'Beckett St/Queen St,414.3657922,30120,31020,900
rmit_city,22313,South Wharf,2026-10-08,4,35-232--1-MF74-232188,bus,232,Altona North - City (Queen Victoria Market),48729,Collins Square/Collins St,602.64412322,47244,A'Beckett St/Queen St,414.3657922,27840,28680,840
rmit_city,22313,South Wharf,2026-10-08,4,35-232--1-MF74-232199,bus,232,Altona North - City (Queen Victoria Market),48729,Collins Square/Collins St,602.64412322,47244,A'Beckett St/Queen St,414.3657922,26040,26880,840
rmit_city,22313,South Wharf,2026-10-08,4,35-232--1-MF74-232200,bus,232,Altona North - City (Queen Victoria Market),48729,Collins Square/Collins St,602.64412322,47244,A'Beckett St/Queen St,414.3657922,31560,32640,1080
rmit_city,22313,South Wharf,2026-10-08,4,35-232--1-MF74-232202,bus,232,Altona North - City (Queen Victoria Market),48729,Collins Square/Collins St,602.64412322,47244,A'Beckett St/Queen St,414.3657922,30840,31920,1080
rmit_city,22313,South Wharf,2026-10-08,4,35-232--1-MF74-232207,bus,232,Altona North - City (Queen Victoria Market),48729,Collins Square/Collins St,602.64412322,47244,A'Beckett St/Queen St,414.3657922,32340,33300,960
rmit_city,22313,South Wharf,2026-10-08,4,35-232--1-MF74-232219,bus,232,Altona North - City (Queen Victoria Market),48729,Collins Square/Collins St,602.64412322,47244,A'Beckett St/Queen St,414.3657922,28560,29400,840
rmit_city,22313,South Wharf,2026-10-08,4,35-232--1-MF74-232221,bus,232,Altona North - City (Queen Victoria Market),48729,Collins Square/Collins St,602.64412322,47244,A'Beckett St/Queen St,414.3657922,29340,30240,900
rmit_city,22313,South Wharf,2026-10-08,4,35-232--1-MF74-232224,bus,232,Altona North - City (Queen Victoria Market),48729,Collins Square/Collins St,602.64412322,47244,A'Beckett St/Queen St,414.3657922,27120,27960,840
rmit_city,22313,South Wharf,2026-10-08,4,35-234--1-MF74-234910,bus,234,City (Queen Victoria Market) - Garden City,342,Clarendon St/City Rd,551.58382826,47244,A'Beckett St/Queen St,414.3657922,28920,29940,1020
rmit_city,22313,South Wharf,2026-10-08,4,35-234--1-MF74-234913,bus,234,City (Queen Victoria Market) - Garden City,342,Clarendon St/City Rd,551.58382826,47244,A'Beckett St/Queen St,414.3657922,28320,29280,960
rmit_city,22313,South Wharf,2026-10-08,4,35-234--1-MF74-234921,bus,234,City (Queen Victoria Market) - Garden City,342,Clarendon St/City Rd,551.58382826,47244,A'Beckett St/Queen St,414.3657922,27720,28500,780
rmit_city,22313,South Wharf,2026-10-08,4,35-234--1-MF74-234922,bus,234,City (Queen Victoria Market) - Garden City,342,Clarendon St/City Rd,551.58382826,47244,A'Beckett St/Queen St,414.3657922,32040,33000,960
rmit_city,22313,South Wharf,2026-10-08,4,35-234--1-MF74-234933,bus,234,City (Queen Victoria Market) - Garden City,342,Clarendon St/City Rd,551.58382826,47244,A'Beckett St/Queen St,414.3657922,29580,30600,1020
rmit_city,22313,South Wharf,2026-10-08,4,35-234--1-MF74-234936,bus,234,City (Queen Victoria Market) - Garden City,342,Clarendon St/City Rd,551.58382826,47244,A'Beckett St/Queen St,414.3657922,25800,26340,540
rmit_city,22313,South Wharf,2026-10-08,4,35-234--1-MF74-234937,bus,234,City (Queen Victoria Market) - Garden City,342,Clarendon St/City Rd,551.58382826,47244,A'Beckett St/Queen St,414.3657922,30180,31200,1020
rmit_city,22313,South Wharf,2026-10-08,4,35-236--1-MF74-236790,bus,236,City (Queen Victoria Market) - Garden City via South Melbourne,342,Clarendon St/City Rd,551.58382826,47244,A'Beckett St/Queen St,414.3657922,25680,26340,660
rmit_city,22313,South Wharf,2026-10-08,4,35-236--1-MF74-236792,bus,236,City (Queen Victoria Market) - Garden City via South Melbourne,342,Clarendon St/City Rd,551.58382826,47244,A'Beckett St/Queen St,414.3657922,27900,28860,960
rmit_city,22314,South Yarra,2026-10-08,2,02-FKN--69-T5-4550,metropolitan_train,Frankston,Frankston Line,14295,South Yarra Station,98.78325594,10923,Melbourne Central Station,179.55328522,26280,26820,540
rmit_city,22314,South Yarra,2026-10-08,2,02-FKN--69-T5-4552,metropolitan_train,Frankston,Frankston Line,14295,South Yarra Station,98.78325594,10923,Melbourne Central Station,179.55328522,26820,27360,540
rmit_city,22314,South Yarra,2026-10-08,2,02-FKN--69-T5-4554,metropolitan_train,Frankston,Frankston Line,14295,South Yarra Station,98.78325594,10923,Melbourne Central Station,179.55328522,27360,27900,540
rmit_city,22314,South Yarra,2026-10-08,2,02-FKN--69-T5-4556,metropolitan_train,Frankston,Frankston Line,14295,South Yarra Station,98.78325594,10923,Melbourne Central Station,179.55328522,27900,28440,540
rmit_city,22314,South Yarra,2026-10-08,2,02-FKN--69-T5-4558,metropolitan_train,Frankston,Frankston Line,14295,South Yarra Station,98.78325594,10923,Melbourne Central Station,179.55328522,28440,28980,540
rmit_city,22314,South Yarra,2026-10-08,2,02-FKN--69-T5-4560,metropolitan_train,Frankston,Frankston Line,14295,South Yarra Station,98.78325594,10923,Melbourne Central Station,179.55328522,28980,29520,540
rmit_city,22314,South Yarra,2026-10-08,2,02-FKN--69-T5-4562,metropolitan_train,Frankston,Frankston Line,14295,South Yarra Station,98.78325594,10923,Melbourne Central Station,179.55328522,29520,30060,540
rmit_city,22314,South Yarra,2026-10-08,2,02-FKN--69-T5-4564,metropolitan_train,Frankston,Frankston Line,14295,South Yarra Station,98.78325594,10923,Melbourne Central Station,179.55328522,30060,30600,540
rmit_city,22314,South Yarra,2026-10-08,2,02-FKN--69-T5-4566,metropolitan_train,Frankston,Frankston Line,14295,South Yarra Station,98.78325594,10923,Melbourne Central Station,179.55328522,30600,31140,540
rmit_city,22314,South Yarra,2026-10-08,2,02-FKN--69-T5-4568,metropolitan_train,Frankston,Frankston Line,14295,South Yarra Station,98.78325594,10923,Melbourne Central Station,179.55328522,31140,31680,540
rmit_city,22314,South Yarra,2026-10-08,2,02-FKN--69-T5-4570,metropolitan_train,Frankston,Frankston Line,14295,South Yarra Station,98.78325594,10923,Melbourne Central Station,179.55328522,31680,32220,540
rmit_city,22314,South Yarra,2026-10-08,2,02-FKN--69-T5-4572,metropolitan_train,Frankston,Frankston Line,14295,South Yarra Station,98.78325594,10923,Melbourne Central Station,179.55328522,32220,32760,540
rmit_city,22314,South Yarra,2026-10-08,2,02-FKN--69-T5-4818,metropolitan_train,Frankston,Frankston Line,14295,South Yarra Station,98.78325594,10923,Melbourne Central Station,179.55328522,25440,25980,540
rmit_city,22314,South Yarra,2026-10-08,2,02-FKN--69-T5-4820,metropolitan_train,Frankston,Frankston Line,14295,South Yarra Station,98.78325594,10923,Melbourne Central Station,179.55328522,25980,26520,540
rmit_city,22314,South Yarra,2026-10-08,2,02-FKN--69-T5-4822,metropolitan_train,Frankston,Frankston Line,14295,South Yarra Station,98.78325594,10923,Melbourne Central Station,179.55328522,26580,27120,540
rmit_city,22314,South Yarra,2026-10-08,2,02-FKN--69-T5-4824,metropolitan_train,Frankston,Frankston Line,14295,South Yarra Station,98.78325594,10923,Melbourne Central Station,179.55328522,27120,27660,540
rmit_city,22314,South Yarra,2026-10-08,2,02-FKN--69-T5-4826,metropolitan_train,Frankston,Frankston Line,14295,South Yarra Station,98.78325594,10923,Melbourne Central Station,179.55328522,27660,28200,540
rmit_city,22314,South Yarra,2026-10-08,2,02-FKN--69-T5-4828,metropolitan_train,Frankston,Frankston Line,14295,South Yarra Station,98.78325594,10923,Melbourne Central Station,179.55328522,28200,28740,540
rmit_city,22314,South Yarra,2026-10-08,2,02-FKN--69-T5-4830,metropolitan_train,Frankston,Frankston Line,14295,South Yarra Station,98.78325594,10923,Melbourne Central Station,179.55328522,28740,29280,540
rmit_city,22314,South Yarra,2026-10-08,2,02-FKN--69-T5-4832,metropolitan_train,Frankston,Frankston Line,14295,South Yarra Station,98.78325594,10923,Melbourne Central Station,179.55328522,29280,29820,540
rmit_city,22314,South Yarra,2026-10-08,2,02-FKN--69-T5-4834,metropolitan_train,Frankston,Frankston Line,14295,South Yarra Station,98.78325594,10923,Melbourne Central Station,179.55328522,29820,30360,540
rmit_city,22314,South Yarra,2026-10-08,2,02-FKN--69-T5-4836,metropolitan_train,Frankston,Frankston Line,14295,South Yarra Station,98.78325594,10923,Melbourne Central Station,179.55328522,30360,30900,540
rmit_city,22314,South Yarra,2026-10-08,2,02-FKN--69-T5-4838,metropolitan_train,Frankston,Frankston Line,14295,South Yarra Station,98.78325594,10923,Melbourne Central Station,179.55328522,30900,31440,540
rmit_city,22314,South Yarra,2026-10-08,2,02-FKN--69-T5-4840,metropolitan_train,Frankston,Frankston Line,14295,South Yarra Station,98.78325594,10923,Melbourne Central Station,179.55328522,31440,31980,540
rmit_city,22314,South Yarra,2026-10-08,2,02-FKN--69-T5-4842,metropolitan_train,Frankston,Frankston Line,14295,South Yarra Station,98.78325594,10923,Melbourne Central Station,179.55328522,31980,32520,540
rmit_city,22314,South Yarra,2026-10-08,3,03-58--5-T5-142608837,tram,58,West Coburg - Toorak,18703,South Yarra Railway Station/Toorak Rd #127,149.44641491,18206,Queen Victoria Market/Peel St #9,599.56328226,25200,26820,1620
rmit_city,22314,South Yarra,2026-10-08,3,03-58--5-T5-142608838,tram,58,West Coburg - Toorak,18703,South Yarra Railway Station/Toorak Rd #127,149.44641491,18206,Queen Victoria Market/Peel St #9,599.56328226,25740,27360,1620
rmit_city,22314,South Yarra,2026-10-08,3,03-58--5-T5-142608839,tram,58,West Coburg - Toorak,18703,South Yarra Railway Station/Toorak Rd #127,149.44641491,18206,Queen Victoria Market/Peel St #9,599.56328226,26160,27960,1800
rmit_city,22314,South Yarra,2026-10-08,3,03-58--5-T5-142608840,tram,58,West Coburg - Toorak,18703,South Yarra Railway Station/Toorak Rd #127,149.44641491,18206,Queen Victoria Market/Peel St #9,599.56328226,26640,28440,1800
rmit_city,22314,South Yarra,2026-10-08,3,03-58--5-T5-142608841,tram,58,West Coburg - Toorak,18703,South Yarra Railway Station/Toorak Rd #127,149.44641491,18206,Queen Victoria Market/Peel St #9,599.56328226,27120,28920,1800
rmit_city,22314,South Yarra,2026-10-08,3,03-58--5-T5-142608842,tram,58,West Coburg - Toorak,18703,South Yarra Railway Station/Toorak Rd #127,149.44641491,18206,Queen Victoria Market/Peel St #9,599.56328226,27660,29460,1800
rmit_city,22314,South Yarra,2026-10-08,3,03-58--5-T5-142608843,tram,58,West Coburg - Toorak,18703,South Yarra Railway Station/Toorak Rd #127,149.44641491,18206,Queen Victoria Market/Peel St #9,599.56328226,28020,29940,1920
rmit_city,22314,South Yarra,2026-10-08,3,03-58--5-T5-142608844,tram,58,West Coburg - Toorak,18703,South Yarra Railway Station/Toorak Rd #127,149.44641491,18206,Queen Victoria Market/Peel St #9,599.56328226,28500,30420,1920
rmit_city,22314,South Yarra,2026-10-08,3,03-58--5-T5-142608845,tram,58,West Coburg - Toorak,18703,South Yarra Railway Station/Toorak Rd #127,149.44641491,18206,Queen Victoria Market/Peel St #9,599.56328226,28980,30900,1920
rmit_city,22314,South Yarra,2026-10-08,3,03-58--5-T5-142608846,tram,58,West Coburg - Toorak,18703,South Yarra Railway Station/Toorak Rd #127,149.44641491,18206,Queen Victoria Market/Peel St #9,599.56328226,29460,31380,1920
rmit_city,22314,South Yarra,2026-10-08,3,03-58--5-T5-142608847,tram,58,West Coburg - Toorak,18703,South Yarra Railway Station/Toorak Rd #127,149.44641491,18206,Queen Victoria Market/Peel St #9,599.56328226,29940,31860,1920
rmit_city,22314,South Yarra,2026-10-08,3,03-58--5-T5-142608848,tram,58,West Coburg - Toorak,18703,South Yarra Railway Station/Toorak Rd #127,149.44641491,18206,Queen Victoria Market/Peel St #9,599.56328226,30420,32340,1920
rmit_city,22314,South Yarra,2026-10-08,3,03-58--5-T5-142608849,tram,58,West Coburg - Toorak,18703,South Yarra Railway Station/Toorak Rd #127,149.44641491,18206,Queen Victoria Market/Peel St #9,599.56328226,30900,32820,1920
rmit_city,22314,South Yarra,2026-10-08,3,03-58--5-T5-142608850,tram,58,West Coburg - Toorak,18703,South Yarra Railway Station/Toorak Rd #127,149.44641491,18206,Queen Victoria Market/Peel St #9,599.56328226,31380,33300,1920
rmit_city,22314,South Yarra,2026-10-08,3,03-58--5-T5-142608851,tram,58,West Coburg - Toorak,18703,South Yarra Railway Station/Toorak Rd #127,149.44641491,18206,Queen Victoria Market/Peel St #9,599.56328226,31740,33660,1920
rmit_city,22314,South Yarra,2026-10-08,3,03-58--5-T5-142608852,tram,58,West Coburg - Toorak,18703,South Yarra Railway Station/Toorak Rd #127,149.44641491,18201,Flagstaff Railway Station/William St #7,666.2024751,32040,33840,1800
rmit_city,22314,South Yarra,2026-10-08,3,03-58--5-T5-142608853,tram,58,West Coburg - Toorak,18704,Chapel St/Toorak Rd #128,425.61708806,18206,Queen Victoria Market/Peel St #9,599.56328226,32340,34260,1920
rmit_city,22314,South Yarra,2026-10-08,4,49-605--1-MF5-1069,bus,605,Gardenvale - City (Queen Victoria Market),47108,Darling Gardens/Alexandra Ave,458.41871931,47244,A'Beckett St/Queen St,414.3657922,29820,32220,2400
rmit_city,22314,South Yarra,2026-10-08,4,49-605--1-MF5-1073,bus,605,Gardenvale - City (Queen Victoria Market),47108,Darling Gardens/Alexandra Ave,458.41871931,47244,A'Beckett St/Queen St,414.3657922,25740,27600,1860
rmit_city,22314,South Yarra,2026-10-08,4,49-605--1-MF5-1148,bus,605,Gardenvale - City (Queen Victoria Market),47108,Darling Gardens/Alexandra Ave,458.41871931,47244,A'Beckett St/Queen St,414.3657922,29040,31440,2400
rmit_city,22314,South Yarra,2026-10-08,4,49-605--1-MF5-1194,bus,605,Gardenvale - City (Queen Victoria Market),47108,Darling Gardens/Alexandra Ave,458.41871931,47244,A'Beckett St/Queen St,414.3657922,31800,33660,1860
rmit_city,22314,South Yarra,2026-10-08,4,49-605--1-MF5-863,bus,605,Gardenvale - City (Queen Victoria Market),47108,Darling Gardens/Alexandra Ave,458.41871931,47244,A'Beckett St/Queen St,414.3657922,27900,30300,2400
rmit_city,22314,South Yarra,2026-10-08,4,49-605--1-MF5-889,bus,605,Gardenvale - City (Queen Victoria Market),47108,Darling Gardens/Alexandra Ave,458.41871931,47244,A'Beckett St/Queen St,414.3657922,30780,32940,2160
rmit_city,22314,South Yarra,2026-10-08,4,49-605--1-MF5-928,bus,605,Gardenvale - City (Queen Victoria Market),47108,Darling Gardens/Alexandra Ave,458.41871931,47244,A'Beckett St/Queen St,414.3657922,26580,28800,2220
rmit_city,22315,Southbank,2026-10-08,3,03-1--5-T5-142612077,tram,1,East Coburg - South Melbourne Beach,18226,Grant St/Sturt St #18,237.71703927,19691,RMIT University/Swanston St #7,72.24980693,25200,25920,720
rmit_city,22315,Southbank,2026-10-08,3,03-1--5-T5-142612078,tram,1,East Coburg - South Melbourne Beach,18226,Grant St/Sturt St #18,237.71703927,19691,RMIT University/Swanston St #7,72.24980693,25860,26640,780
rmit_city,22315,Southbank,2026-10-08,3,03-1--5-T5-142612079,tram,1,East Coburg - South Melbourne Beach,18226,Grant St/Sturt St #18,237.71703927,19691,RMIT University/Swanston St #7,72.24980693,26580,27360,780
rmit_city,22315,Southbank,2026-10-08,3,03-1--5-T5-142612080,tram,1,East Coburg - South Melbourne Beach,18226,Grant St/Sturt St #18,237.71703927,19691,RMIT University/Swanston St #7,72.24980693,27060,27900,840
rmit_city,22315,Southbank,2026-10-08,3,03-1--5-T5-142612081,tram,1,East Coburg - South Melbourne Beach,18226,Grant St/Sturt St #18,237.71703927,19691,RMIT University/Swanston St #7,72.24980693,27660,28500,840
rmit_city,22315,Southbank,2026-10-08,3,03-1--5-T5-142612082,tram,1,East Coburg - South Melbourne Beach,18226,Grant St/Sturt St #18,237.71703927,19691,RMIT University/Swanston St #7,72.24980693,28200,29100,900
rmit_city,22315,Southbank,2026-10-08,3,03-1--5-T5-142612083,tram,1,East Coburg - South Melbourne Beach,18226,Grant St/Sturt St #18,237.71703927,19691,RMIT University/Swanston St #7,72.24980693,28800,29700,900
rmit_city,22315,Southbank,2026-10-08,3,03-1--5-T5-142612084,tram,1,East Coburg - South Melbourne Beach,18226,Grant St/Sturt St #18,237.71703927,19691,RMIT University/Swanston St #7,72.24980693,29400,30300,900
rmit_city,22315,Southbank,2026-10-08,3,03-1--5-T5-142612085,tram,1,East Coburg - South Melbourne Beach,18226,Grant St/Sturt St #18,237.71703927,19691,RMIT University/Swanston St #7,72.24980693,29940,30840,900
rmit_city,22315,Southbank,2026-10-08,3,03-1--5-T5-142612086,tram,1,East Coburg - South Melbourne Beach,18226,Grant St/Sturt St #18,237.71703927,19691,RMIT University/Swanston St #7,72.24980693,30420,31320,900
rmit_city,22315,Southbank,2026-10-08,3,03-1--5-T5-142612087,tram,1,East Coburg - South Melbourne Beach,18226,Grant St/Sturt St #18,237.71703927,19691,RMIT University/Swanston St #7,72.24980693,30960,31860,900
rmit_city,22315,Southbank,2026-10-08,3,03-1--5-T5-142612088,tram,1,East Coburg - South Melbourne Beach,18226,Grant St/Sturt St #18,237.71703927,19691,RMIT University/Swanston St #7,72.24980693,31440,32340,900
rmit_city,22315,Southbank,2026-10-08,3,03-1--5-T5-142612089,tram,1,East Coburg - South Melbourne Beach,18226,Grant St/Sturt St #18,237.71703927,19691,RMIT University/Swanston St #7,72.24980693,31860,32760,900
rmit_city,22315,Southbank,2026-10-08,3,03-1--5-T5-142612090,tram,1,East Coburg - South Melbourne Beach,18226,Grant St/Sturt St #18,237.71703927,19691,RMIT University/Swanston St #7,72.24980693,32220,33120,900
rmit_city,22315,Southbank,2026-10-08,3,03-16--5-T5-142611154,tram,16,Melbourne University - Kew,46880,Grant St-Police Memorial/St Kilda Rd #17,583.700079,19691,RMIT University/Swanston St #7,72.24980693,26160,26820,660
rmit_city,22315,Southbank,2026-10-08,3,03-16--5-T5-142611155,tram,16,Melbourne University - Kew,46880,Grant St-Police Memorial/St Kilda Rd #17,583.700079,19691,RMIT University/Swanston St #7,72.24980693,27540,28200,660
rmit_city,22315,Southbank,2026-10-08,3,03-16--5-T5-142611156,tram,16,Melbourne University - Kew,46880,Grant St-Police Memorial/St Kilda Rd #17,583.700079,19691,RMIT University/Swanston St #7,72.24980693,28680,29400,720
rmit_city,22315,Southbank,2026-10-08,3,03-16--5-T5-142611157,tram,16,Melbourne University - Kew,46880,Grant St-Police Memorial/St Kilda Rd #17,583.700079,19691,RMIT University/Swanston St #7,72.24980693,29280,30060,780
rmit_city,22315,Southbank,2026-10-08,3,03-16--5-T5-142611158,tram,16,Melbourne University - Kew,46880,Grant St-Police Memorial/St Kilda Rd #17,583.700079,19691,RMIT University/Swanston St #7,72.24980693,29880,30660,780
rmit_city,22315,Southbank,2026-10-08,3,03-16--5-T5-142611159,tram,16,Melbourne University - Kew,46880,Grant St-Police Memorial/St Kilda Rd #17,583.700079,19691,RMIT University/Swanston St #7,72.24980693,30480,31260,780
rmit_city,22315,Southbank,2026-10-08,3,03-16--5-T5-142611160,tram,16,Melbourne University - Kew,46880,Grant St-Police Memorial/St Kilda Rd #17,583.700079,19691,RMIT University/Swanston St #7,72.24980693,31140,31920,780
rmit_city,22315,Southbank,2026-10-08,3,03-16--5-T5-142611161,tram,16,Melbourne University - Kew,46880,Grant St-Police Memorial/St Kilda Rd #17,583.700079,19691,RMIT University/Swanston St #7,72.24980693,31740,32520,780
rmit_city,22315,Southbank,2026-10-08,3,03-16--5-T5-142611507,tram,16,Melbourne University - Kew,46880,Grant St-Police Memorial/St Kilda Rd #17,583.700079,19691,RMIT University/Swanston St #7,72.24980693,25500,26100,600
rmit_city,22315,Southbank,2026-10-08,3,03-16--5-T5-142611513,tram,16,Melbourne University - Kew,46880,Grant St-Police Memorial/St Kilda Rd #17,583.700079,19691,RMIT University/Swanston St #7,72.24980693,26880,27540,660
rmit_city,22315,Southbank,2026-10-08,3,03-16--5-T5-142611516,tram,16,Melbourne University - Kew,46880,Grant St-Police Memorial/St Kilda Rd #17,583.700079,19691,RMIT University/Swanston St #7,72.24980693,28080,28740,660
rmit_city,22315,Southbank,2026-10-08,3,03-3--5-T5-142612795,tram,3,Melbourne University - East Malvern,46880,Grant St-Police Memorial/St Kilda Rd #17,583.700079,19691,RMIT University/Swanston St #7,72.24980693,25380,25980,600
rmit_city,22315,Southbank,2026-10-08,3,03-3--5-T5-142612796,tram,3,Melbourne University - East Malvern,46880,Grant St-Police Memorial/St Kilda Rd #17,583.700079,19691,RMIT University/Swanston St #7,72.24980693,26100,26760,660
rmit_city,22315,Southbank,2026-10-08,3,03-3--5-T5-142612797,tram,3,Melbourne University - East Malvern,46880,Grant St-Police Memorial/St Kilda Rd #17,583.700079,19691,RMIT University/Swanston St #7,72.24980693,26820,27480,660
rmit_city,22315,Southbank,2026-10-08,3,03-3--5-T5-142612798,tram,3,Melbourne University - East Malvern,46880,Grant St-Police Memorial/St Kilda Rd #17,583.700079,19691,RMIT University/Swanston St #7,72.24980693,27420,28080,660
rmit_city,22315,Southbank,2026-10-08,3,03-3--5-T5-142612799,tram,3,Melbourne University - East Malvern,46880,Grant St-Police Memorial/St Kilda Rd #17,583.700079,19691,RMIT University/Swanston St #7,72.24980693,27960,28620,660
rmit_city,22315,Southbank,2026-10-08,3,03-3--5-T5-142612800,tram,3,Melbourne University - East Malvern,46880,Grant St-Police Memorial/St Kilda Rd #17,583.700079,19691,RMIT University/Swanston St #7,72.24980693,28620,29340,720
rmit_city,22315,Southbank,2026-10-08,3,03-3--5-T5-142612801,tram,3,Melbourne University - East Malvern,46880,Grant St-Police Memorial/St Kilda Rd #17,583.700079,19691,RMIT University/Swanston St #7,72.24980693,29100,29880,780
rmit_city,22315,Southbank,2026-10-08,3,03-3--5-T5-142612802,tram,3,Melbourne University - East Malvern,46880,Grant St-Police Memorial/St Kilda Rd #17,583.700079,19691,RMIT University/Swanston St #7,72.24980693,29760,30540,780
rmit_city,22315,Southbank,2026-10-08,3,03-3--5-T5-142612803,tram,3,Melbourne University - East Malvern,46880,Grant St-Police Memorial/St Kilda Rd #17,583.700079,19691,RMIT University/Swanston St #7,72.24980693,30360,31140,780
rmit_city,22315,Southbank,2026-10-08,3,03-3--5-T5-142612804,tram,3,Melbourne University - East Malvern,46880,Grant St-Police Memorial/St Kilda Rd #17,583.700079,19691,RMIT University/Swanston St #7,72.24980693,31020,31800,780
rmit_city,22315,Southbank,2026-10-08,3,03-3--5-T5-142612805,tram,3,Melbourne University - East Malvern,46880,Grant St-Police Memorial/St Kilda Rd #17,583.700079,19691,RMIT University/Swanston St #7,72.24980693,31680,32460,780
rmit_city,22315,Southbank,2026-10-08,3,03-3--5-T5-142612806,tram,3,Melbourne University - East Malvern,19679,Shrine of Remembrance/St Kilda Rd #19,759.90109522,19691,RMIT University/Swanston St #7,72.24980693,32280,33180,900
rmit_city,22315,Southbank,2026-10-08,3,03-5--5-T5-142611255,tram,5,Melbourne University - Malvern,46880,Grant St-Police Memorial/St Kilda Rd #17,583.700079,19691,RMIT University/Swanston St #7,72.24980693,25200,25800,600
rmit_city,22315,Southbank,2026-10-08,3,03-5--5-T5-142611256,tram,5,Melbourne University - Malvern,46880,Grant St-Police Memorial/St Kilda Rd #17,583.700079,19691,RMIT University/Swanston St #7,72.24980693,25740,26400,660
rmit_city,22315,Southbank,2026-10-08,3,03-5--5-T5-142611257,tram,5,Melbourne University - Malvern,46880,Grant St-Police Memorial/St Kilda Rd #17,583.700079,19691,RMIT University/Swanston St #7,72.24980693,26280,26940,660
rmit_city,22315,Southbank,2026-10-08,3,03-5--5-T5-142611258,tram,5,Melbourne University - Malvern,46880,Grant St-Police Memorial/St Kilda Rd #17,583.700079,19691,RMIT University/Swanston St #7,72.24980693,27000,27660,660
rmit_city,22315,Southbank,2026-10-08,3,03-5--5-T5-142611259,tram,5,Melbourne University - Malvern,46880,Grant St-Police Memorial/St Kilda Rd #17,583.700079,19691,RMIT University/Swanston St #7,72.24980693,27660,28320,660
rmit_city,22315,Southbank,2026-10-08,3,03-5--5-T5-142611260,tram,5,Melbourne University - Malvern,46880,Grant St-Police Memorial/St Kilda Rd #17,583.700079,19691,RMIT University/Swanston St #7,72.24980693,28260,28980,720
rmit_city,22315,Southbank,2026-10-08,3,03-5--5-T5-142611261,tram,5,Melbourne University - Malvern,46880,Grant St-Police Memorial/St Kilda Rd #17,583.700079,19691,RMIT University/Swanston St #7,72.24980693,28800,29520,720
rmit_city,22315,Southbank,2026-10-08,3,03-5--5-T5-142611262,tram,5,Melbourne University - Malvern,46880,Grant St-Police Memorial/St Kilda Rd #17,583.700079,19691,RMIT University/Swanston St #7,72.24980693,29400,30180,780
rmit_city,22315,Southbank,2026-10-08,3,03-5--5-T5-142611263,tram,5,Melbourne University - Malvern,46880,Grant St-Police Memorial/St Kilda Rd #17,583.700079,19691,RMIT University/Swanston St #7,72.24980693,30000,30780,780
rmit_city,22315,Southbank,2026-10-08,3,03-5--5-T5-142611264,tram,5,Melbourne University - Malvern,46880,Grant St-Police Memorial/St Kilda Rd #17,583.700079,19691,RMIT University/Swanston St #7,72.24980693,30600,31380,780
rmit_city,22315,Southbank,2026-10-08,3,03-5--5-T5-142611265,tram,5,Melbourne University - Malvern,46880,Grant St-Police Memorial/St Kilda Rd #17,583.700079,19691,RMIT University/Swanston St #7,72.24980693,31200,31980,780
rmit_city,22315,Southbank,2026-10-08,3,03-5--5-T5-142611266,tram,5,Melbourne University - Malvern,46880,Grant St-Police Memorial/St Kilda Rd #17,583.700079,19691,RMIT University/Swanston St #7,72.24980693,31800,32580,780
rmit_city,22315,Southbank,2026-10-08,3,03-5--5-T5-142611267,tram,5,Melbourne University - Malvern,19679,Shrine of Remembrance/St Kilda Rd #19,759.90109522,19691,RMIT University/Swanston St #7,72.24980693,32340,33240,900
rmit_city,22315,Southbank,2026-10-08,3,03-58--5-T5-142608836,tram,58,West Coburg - Toorak,18233,City Rd/Kings Way #116,319.17594006,18206,Queen Victoria Market/Peel St #9,599.56328226,25500,26160,660
rmit_city,22315,Southbank,2026-10-08,3,03-58--5-T5-142608837,tram,58,West Coburg - Toorak,18233,City Rd/Kings Way #116,319.17594006,18206,Queen Victoria Market/Peel St #9,599.56328226,26160,26820,660
rmit_city,22315,Southbank,2026-10-08,3,03-58--5-T5-142608838,tram,58,West Coburg - Toorak,18233,City Rd/Kings Way #116,319.17594006,18206,Queen Victoria Market/Peel St #9,599.56328226,26700,27360,660
rmit_city,22315,Southbank,2026-10-08,3,03-58--5-T5-142608839,tram,58,West Coburg - Toorak,18233,City Rd/Kings Way #116,319.17594006,18206,Queen Victoria Market/Peel St #9,599.56328226,27180,27960,780
rmit_city,22315,Southbank,2026-10-08,3,03-58--5-T5-142608840,tram,58,West Coburg - Toorak,18233,City Rd/Kings Way #116,319.17594006,18206,Queen Victoria Market/Peel St #9,599.56328226,27660,28440,780
rmit_city,22315,Southbank,2026-10-08,3,03-58--5-T5-142608841,tram,58,West Coburg - Toorak,18233,City Rd/Kings Way #116,319.17594006,18206,Queen Victoria Market/Peel St #9,599.56328226,28140,28920,780
rmit_city,22315,Southbank,2026-10-08,3,03-58--5-T5-142608842,tram,58,West Coburg - Toorak,18233,City Rd/Kings Way #116,319.17594006,18206,Queen Victoria Market/Peel St #9,599.56328226,28680,29460,780
rmit_city,22315,Southbank,2026-10-08,3,03-58--5-T5-142608843,tram,58,West Coburg - Toorak,18233,City Rd/Kings Way #116,319.17594006,18206,Queen Victoria Market/Peel St #9,599.56328226,29160,29940,780
rmit_city,22315,Southbank,2026-10-08,3,03-58--5-T5-142608844,tram,58,West Coburg - Toorak,18233,City Rd/Kings Way #116,319.17594006,18206,Queen Victoria Market/Peel St #9,599.56328226,29640,30420,780
rmit_city,22315,Southbank,2026-10-08,3,03-58--5-T5-142608845,tram,58,West Coburg - Toorak,18233,City Rd/Kings Way #116,319.17594006,18206,Queen Victoria Market/Peel St #9,599.56328226,30120,30900,780
rmit_city,22315,Southbank,2026-10-08,3,03-58--5-T5-142608846,tram,58,West Coburg - Toorak,18233,City Rd/Kings Way #116,319.17594006,18206,Queen Victoria Market/Peel St #9,599.56328226,30600,31380,780
rmit_city,22315,Southbank,2026-10-08,3,03-58--5-T5-142608847,tram,58,West Coburg - Toorak,18233,City Rd/Kings Way #116,319.17594006,18206,Queen Victoria Market/Peel St #9,599.56328226,31080,31860,780
rmit_city,22315,Southbank,2026-10-08,3,03-58--5-T5-142608848,tram,58,West Coburg - Toorak,18233,City Rd/Kings Way #116,319.17594006,18206,Queen Victoria Market/Peel St #9,599.56328226,31560,32340,780
rmit_city,22315,Southbank,2026-10-08,3,03-58--5-T5-142608849,tram,58,West Coburg - Toorak,18233,City Rd/Kings Way #116,319.17594006,18206,Queen Victoria Market/Peel St #9,599.56328226,32040,32820,780
rmit_city,22315,Southbank,2026-10-08,3,03-58--5-T5-142608850,tram,58,West Coburg - Toorak,18222,Sturt St/Kings Way #118,656.15912963,18206,Queen Victoria Market/Peel St #9,599.56328226,32280,33300,1020
rmit_city,22315,Southbank,2026-10-08,3,03-6--5-T5-142611034,tram,6,Moreland - Glen Iris,19684,Arts Precinct/St Kilda Rd #14,620.19466514,19691,RMIT University/Swanston St #7,72.24980693,25200,25740,540
rmit_city,22315,Southbank,2026-10-08,3,03-6--5-T5-142611035,tram,6,Moreland - Glen Iris,46880,Grant St-Police Memorial/St Kilda Rd #17,583.700079,19691,RMIT University/Swanston St #7,72.24980693,25800,26460,660
rmit_city,22315,Southbank,2026-10-08,3,03-6--5-T5-142611036,tram,6,Moreland - Glen Iris,46880,Grant St-Police Memorial/St Kilda Rd #17,583.700079,19691,RMIT University/Swanston St #7,72.24980693,26520,27180,660
rmit_city,22315,Southbank,2026-10-08,3,03-6--5-T5-142611037,tram,6,Moreland - Glen Iris,46880,Grant St-Police Memorial/St Kilda Rd #17,583.700079,19691,RMIT University/Swanston St #7,72.24980693,26940,27600,660
rmit_city,22315,Southbank,2026-10-08,3,03-6--5-T5-142611038,tram,6,Moreland - Glen Iris,46880,Grant St-Police Memorial/St Kilda Rd #17,583.700079,19691,RMIT University/Swanston St #7,72.24980693,27600,28260,660
rmit_city,22315,Southbank,2026-10-08,3,03-6--5-T5-142611039,tram,6,Moreland - Glen Iris,46880,Grant St-Police Memorial/St Kilda Rd #17,583.700079,19691,RMIT University/Swanston St #7,72.24980693,28140,28860,720
rmit_city,22315,Southbank,2026-10-08,3,03-6--5-T5-142611040,tram,6,Moreland - Glen Iris,46880,Grant St-Police Memorial/St Kilda Rd #17,583.700079,19691,RMIT University/Swanston St #7,72.24980693,28740,29460,720
rmit_city,22315,Southbank,2026-10-08,3,03-6--5-T5-142611041,tram,6,Moreland - Glen Iris,46880,Grant St-Police Memorial/St Kilda Rd #17,583.700079,19691,RMIT University/Swanston St #7,72.24980693,29220,30000,780
rmit_city,22315,Southbank,2026-10-08,3,03-6--5-T5-142611042,tram,6,Moreland - Glen Iris,46880,Grant St-Police Memorial/St Kilda Rd #17,583.700079,19691,RMIT University/Swanston St #7,72.24980693,29820,30600,780
rmit_city,22315,Southbank,2026-10-08,3,03-6--5-T5-142611043,tram,6,Moreland - Glen Iris,46880,Grant St-Police Memorial/St Kilda Rd #17,583.700079,19691,RMIT University/Swanston St #7,72.24980693,30240,31020,780
rmit_city,22315,Southbank,2026-10-08,3,03-6--5-T5-142611044,tram,6,Moreland - Glen Iris,46880,Grant St-Police Memorial/St Kilda Rd #17,583.700079,19691,RMIT University/Swanston St #7,72.24980693,30900,31680,780
rmit_city,22315,Southbank,2026-10-08,3,03-6--5-T5-142611045,tram,6,Moreland - Glen Iris,46880,Grant St-Police Memorial/St Kilda Rd #17,583.700079,19691,RMIT University/Swanston St #7,72.24980693,31440,32220,780
rmit_city,22315,Southbank,2026-10-08,3,03-6--5-T5-142611046,tram,6,Moreland - Glen Iris,46880,Grant St-Police Memorial/St Kilda Rd #17,583.700079,19691,RMIT University/Swanston St #7,72.24980693,32100,32880,780
rmit_city,22315,Southbank,2026-10-08,3,03-6--5-T5-142611803,tram,6,Moreland - Glen Iris,46880,Grant St-Police Memorial/St Kilda Rd #17,583.700079,19691,RMIT University/Swanston St #7,72.24980693,25440,26040,600
rmit_city,22315,Southbank,2026-10-08,3,03-6--5-T5-142611805,tram,6,Moreland - Glen Iris,46880,Grant St-Police Memorial/St Kilda Rd #17,583.700079,19691,RMIT University/Swanston St #7,72.24980693,26220,26880,660
rmit_city,22315,Southbank,2026-10-08,3,03-64--5-T5-142612693,tram,64,Melbourne University - East Brighton,46880,Grant St-Police Memorial/St Kilda Rd #17,583.700079,19691,RMIT University/Swanston St #7,72.24980693,25560,26160,600
rmit_city,22315,Southbank,2026-10-08,3,03-64--5-T5-142612694,tram,64,Melbourne University - East Brighton,46880,Grant St-Police Memorial/St Kilda Rd #17,583.700079,19691,RMIT University/Swanston St #7,72.24980693,26040,26700,660
rmit_city,22315,Southbank,2026-10-08,3,03-64--5-T5-142612695,tram,64,Melbourne University - East Brighton,46880,Grant St-Police Memorial/St Kilda Rd #17,583.700079,19691,RMIT University/Swanston St #7,72.24980693,26580,27240,660
rmit_city,22315,Southbank,2026-10-08,3,03-64--5-T5-142612696,tram,64,Melbourne University - East Brighton,46880,Grant St-Police Memorial/St Kilda Rd #17,583.700079,19691,RMIT University/Swanston St #7,72.24980693,27300,27960,660
rmit_city,22315,Southbank,2026-10-08,3,03-64--5-T5-142612697,tram,64,Melbourne University - East Brighton,46880,Grant St-Police Memorial/St Kilda Rd #17,583.700079,19691,RMIT University/Swanston St #7,72.24980693,27900,28560,660
rmit_city,22315,Southbank,2026-10-08,3,03-64--5-T5-142612698,tram,64,Melbourne University - East Brighton,46880,Grant St-Police Memorial/St Kilda Rd #17,583.700079,19691,RMIT University/Swanston St #7,72.24980693,28440,29160,720
rmit_city,22315,Southbank,2026-10-08,3,03-64--5-T5-142612699,tram,64,Melbourne University - East Brighton,46880,Grant St-Police Memorial/St Kilda Rd #17,583.700079,19691,RMIT University/Swanston St #7,72.24980693,28980,29760,780
rmit_city,22315,Southbank,2026-10-08,3,03-64--5-T5-142612700,tram,64,Melbourne University - East Brighton,46880,Grant St-Police Memorial/St Kilda Rd #17,583.700079,19691,RMIT University/Swanston St #7,72.24980693,29640,30420,780
rmit_city,22315,Southbank,2026-10-08,3,03-64--5-T5-142612701,tram,64,Melbourne University - East Brighton,46880,Grant St-Police Memorial/St Kilda Rd #17,583.700079,19691,RMIT University/Swanston St #7,72.24980693,30180,30960,780
rmit_city,22315,Southbank,2026-10-08,3,03-64--5-T5-142612702,tram,64,Melbourne University - East Brighton,46880,Grant St-Police Memorial/St Kilda Rd #17,583.700079,19691,RMIT University/Swanston St #7,72.24980693,30720,31500,780
rmit_city,22315,Southbank,2026-10-08,3,03-64--5-T5-142612703,tram,64,Melbourne University - East Brighton,46880,Grant St-Police Memorial/St Kilda Rd #17,583.700079,19691,RMIT University/Swanston St #7,72.24980693,31380,32160,780
rmit_city,22315,Southbank,2026-10-08,3,03-64--5-T5-142612704,tram,64,Melbourne University - East Brighton,46880,Grant St-Police Memorial/St Kilda Rd #17,583.700079,19691,RMIT University/Swanston St #7,72.24980693,32040,32820,780
rmit_city,22315,Southbank,2026-10-08,3,03-67--5-T5-142612595,tram,67,Melbourne University - Carnegie,46880,Grant St-Police Memorial/St Kilda Rd #17,583.700079,19691,RMIT University/Swanston St #7,72.24980693,25260,25860,600
rmit_city,22315,Southbank,2026-10-08,3,03-67--5-T5-142612596,tram,67,Melbourne University - Carnegie,46880,Grant St-Police Memorial/St Kilda Rd #17,583.700079,19691,RMIT University/Swanston St #7,72.24980693,25920,26580,660
rmit_city,22315,Southbank,2026-10-08,3,03-67--5-T5-142612597,tram,67,Melbourne University - Carnegie,46880,Grant St-Police Memorial/St Kilda Rd #17,583.700079,19691,RMIT University/Swanston St #7,72.24980693,26760,27420,660
rmit_city,22315,Southbank,2026-10-08,3,03-67--5-T5-142612598,tram,67,Melbourne University - Carnegie,46880,Grant St-Police Memorial/St Kilda Rd #17,583.700079,19691,RMIT University/Swanston St #7,72.24980693,27360,28020,660
rmit_city,22315,Southbank,2026-10-08,3,03-67--5-T5-142612599,tram,67,Melbourne University - Carnegie,46880,Grant St-Police Memorial/St Kilda Rd #17,583.700079,19691,RMIT University/Swanston St #7,72.24980693,28020,28680,660
rmit_city,22315,Southbank,2026-10-08,3,03-67--5-T5-142612600,tram,67,Melbourne University - Carnegie,46880,Grant St-Police Memorial/St Kilda Rd #17,583.700079,19691,RMIT University/Swanston St #7,72.24980693,28560,29280,720
rmit_city,22315,Southbank,2026-10-08,3,03-67--5-T5-142612601,tram,67,Melbourne University - Carnegie,46880,Grant St-Police Memorial/St Kilda Rd #17,583.700079,19691,RMIT University/Swanston St #7,72.24980693,29160,29940,780
rmit_city,22315,Southbank,2026-10-08,3,03-67--5-T5-142612602,tram,67,Melbourne University - Carnegie,46880,Grant St-Police Memorial/St Kilda Rd #17,583.700079,19691,RMIT University/Swanston St #7,72.24980693,29700,30480,780
rmit_city,22315,Southbank,2026-10-08,3,03-67--5-T5-142612603,tram,67,Melbourne University - Carnegie,46880,Grant St-Police Memorial/St Kilda Rd #17,583.700079,19691,RMIT University/Swanston St #7,72.24980693,30300,31080,780
rmit_city,22315,Southbank,2026-10-08,3,03-67--5-T5-142612604,tram,67,Melbourne University - Carnegie,46880,Grant St-Police Memorial/St Kilda Rd #17,583.700079,19691,RMIT University/Swanston St #7,72.24980693,30960,31740,780
rmit_city,22315,Southbank,2026-10-08,3,03-67--5-T5-142612605,tram,67,Melbourne University - Carnegie,46880,Grant St-Police Memorial/St Kilda Rd #17,583.700079,19691,RMIT University/Swanston St #7,72.24980693,31620,32400,780
rmit_city,22315,Southbank,2026-10-08,3,03-67--5-T5-142612606,tram,67,Melbourne University - Carnegie,46880,Grant St-Police Memorial/St Kilda Rd #17,583.700079,19691,RMIT University/Swanston St #7,72.24980693,32280,33060,780
rmit_city,22315,Southbank,2026-10-08,3,03-72--5-T5-142610493,tram,72,Melbourne University - Camberwell,46880,Grant St-Police Memorial/St Kilda Rd #17,583.700079,19691,RMIT University/Swanston St #7,72.24980693,25260,25860,600
rmit_city,22315,Southbank,2026-10-08,3,03-72--5-T5-142610494,tram,72,Melbourne University - Camberwell,46880,Grant St-Police Memorial/St Kilda Rd #17,583.700079,19691,RMIT University/Swanston St #7,72.24980693,25860,26520,660
rmit_city,22315,Southbank,2026-10-08,3,03-72--5-T5-142610495,tram,72,Melbourne University - Camberwell,46880,Grant St-Police Memorial/St Kilda Rd #17,583.700079,19691,RMIT University/Swanston St #7,72.24980693,26640,27300,660
rmit_city,22315,Southbank,2026-10-08,3,03-72--5-T5-142610496,tram,72,Melbourne University - Camberwell,46880,Grant St-Police Memorial/St Kilda Rd #17,583.700079,19691,RMIT University/Swanston St #7,72.24980693,27180,27840,660
rmit_city,22315,Southbank,2026-10-08,3,03-72--5-T5-142610497,tram,72,Melbourne University - Camberwell,46880,Grant St-Police Memorial/St Kilda Rd #17,583.700079,19691,RMIT University/Swanston St #7,72.24980693,27780,28440,660
rmit_city,22315,Southbank,2026-10-08,3,03-72--5-T5-142610498,tram,72,Melbourne University - Camberwell,46880,Grant St-Police Memorial/St Kilda Rd #17,583.700079,19691,RMIT University/Swanston St #7,72.24980693,28320,29040,720
rmit_city,22315,Southbank,2026-10-08,3,03-72--5-T5-142610499,tram,72,Melbourne University - Camberwell,46880,Grant St-Police Memorial/St Kilda Rd #17,583.700079,19691,RMIT University/Swanston St #7,72.24980693,28860,29640,780
rmit_city,22315,Southbank,2026-10-08,3,03-72--5-T5-142610500,tram,72,Melbourne University - Camberwell,46880,Grant St-Police Memorial/St Kilda Rd #17,583.700079,19691,RMIT University/Swanston St #7,72.24980693,29460,30240,780
rmit_city,22315,Southbank,2026-10-08,3,03-72--5-T5-142610501,tram,72,Melbourne University - Camberwell,46880,Grant St-Police Memorial/St Kilda Rd #17,583.700079,19691,RMIT University/Swanston St #7,72.24980693,30120,30900,780
rmit_city,22315,Southbank,2026-10-08,3,03-72--5-T5-142610502,tram,72,Melbourne University - Camberwell,46880,Grant St-Police Memorial/St Kilda Rd #17,583.700079,19691,RMIT University/Swanston St #7,72.24980693,30780,31560,780
rmit_city,22315,Southbank,2026-10-08,3,03-72--5-T5-142610503,tram,72,Melbourne University - Camberwell,46880,Grant St-Police Memorial/St Kilda Rd #17,583.700079,19691,RMIT University/Swanston St #7,72.24980693,31500,32280,780
rmit_city,22315,Southbank,2026-10-08,3,03-72--5-T5-142610504,tram,72,Melbourne University - Camberwell,46880,Grant St-Police Memorial/St Kilda Rd #17,583.700079,19691,RMIT University/Swanston St #7,72.24980693,32220,33000,780
rmit_city,22315,Southbank,2026-10-08,3,03-96--5-T5-142608657,tram,96,East Brunswick - St Kilda Beach,18184,Clarendon St/Whiteman St #125,683.22575088,17887,Elizabeth St/Bourke St #5,654.06456433,25440,26220,780
rmit_city,22315,Southbank,2026-10-08,3,03-96--5-T5-142608658,tram,96,East Brunswick - St Kilda Beach,18184,Clarendon St/Whiteman St #125,683.22575088,17887,Elizabeth St/Bourke St #5,654.06456433,26040,26820,780
rmit_city,22315,Southbank,2026-10-08,3,03-96--5-T5-142608659,tram,96,East Brunswick - St Kilda Beach,18184,Clarendon St/Whiteman St #125,683.22575088,17887,Elizabeth St/Bourke St #5,654.06456433,26640,27480,840
rmit_city,22315,Southbank,2026-10-08,3,03-96--5-T5-142608660,tram,96,East Brunswick - St Kilda Beach,18184,Clarendon St/Whiteman St #125,683.22575088,17887,Elizabeth St/Bourke St #5,654.06456433,27120,27960,840
rmit_city,22315,Southbank,2026-10-08,3,03-96--5-T5-142608661,tram,96,East Brunswick - St Kilda Beach,18184,Clarendon St/Whiteman St #125,683.22575088,17887,Elizabeth St/Bourke St #5,654.06456433,27600,28440,840
rmit_city,22315,Southbank,2026-10-08,3,03-96--5-T5-142608662,tram,96,East Brunswick - St Kilda Beach,18184,Clarendon St/Whiteman St #125,683.22575088,17887,Elizabeth St/Bourke St #5,654.06456433,28020,28920,900
rmit_city,22315,Southbank,2026-10-08,3,03-96--5-T5-142608663,tram,96,East Brunswick - St Kilda Beach,18184,Clarendon St/Whiteman St #125,683.22575088,17887,Elizabeth St/Bourke St #5,654.06456433,28500,29400,900
rmit_city,22315,Southbank,2026-10-08,3,03-96--5-T5-142608664,tram,96,East Brunswick - St Kilda Beach,18184,Clarendon St/Whiteman St #125,683.22575088,17887,Elizabeth St/Bourke St #5,654.06456433,28920,29820,900
rmit_city,22315,Southbank,2026-10-08,3,03-96--5-T5-142608665,tram,96,East Brunswick - St Kilda Beach,18184,Clarendon St/Whiteman St #125,683.22575088,17887,Elizabeth St/Bourke St #5,654.06456433,29340,30240,900
rmit_city,22315,Southbank,2026-10-08,3,03-96--5-T5-142608666,tram,96,East Brunswick - St Kilda Beach,18184,Clarendon St/Whiteman St #125,683.22575088,17887,Elizabeth St/Bourke St #5,654.06456433,29760,30660,900
rmit_city,22315,Southbank,2026-10-08,3,03-96--5-T5-142608667,tram,96,East Brunswick - St Kilda Beach,18184,Clarendon St/Whiteman St #125,683.22575088,17887,Elizabeth St/Bourke St #5,654.06456433,30120,31020,900
rmit_city,22315,Southbank,2026-10-08,3,03-96--5-T5-142608668,tram,96,East Brunswick - St Kilda Beach,18184,Clarendon St/Whiteman St #125,683.22575088,17887,Elizabeth St/Bourke St #5,654.06456433,30480,31380,900
rmit_city,22315,Southbank,2026-10-08,3,03-96--5-T5-142608669,tram,96,East Brunswick - St Kilda Beach,18184,Clarendon St/Whiteman St #125,683.22575088,17887,Elizabeth St/Bourke St #5,654.06456433,30840,31740,900
rmit_city,22315,Southbank,2026-10-08,3,03-96--5-T5-142608670,tram,96,East Brunswick - St Kilda Beach,18184,Clarendon St/Whiteman St #125,683.22575088,17887,Elizabeth St/Bourke St #5,654.06456433,31200,32100,900
rmit_city,22315,Southbank,2026-10-08,3,03-96--5-T5-142608671,tram,96,East Brunswick - St Kilda Beach,18184,Clarendon St/Whiteman St #125,683.22575088,17887,Elizabeth St/Bourke St #5,654.06456433,31620,32520,900
rmit_city,22315,Southbank,2026-10-08,3,03-96--5-T5-142608672,tram,96,East Brunswick - St Kilda Beach,18184,Clarendon St/Whiteman St #125,683.22575088,17887,Elizabeth St/Bourke St #5,654.06456433,31980,32880,900
rmit_city,22315,Southbank,2026-10-08,3,03-96--5-T5-142608673,tram,96,East Brunswick - St Kilda Beach,18184,Clarendon St/Whiteman St #125,683.22575088,17887,Elizabeth St/Bourke St #5,654.06456433,32340,33240,900
rmit_city,22315,Southbank,2026-10-08,4,17-234--1-MF62-234901,bus,234,City (Queen Victoria Market) - Garden City,343,City Rd/Queens Bridge St,385.35258637,47244,A'Beckett St/Queen St,414.3657922,26820,27480,660
rmit_city,22315,Southbank,2026-10-08,4,17-234--1-MF62-234902,bus,234,City (Queen Victoria Market) - Garden City,343,City Rd/Queens Bridge St,385.35258637,47244,A'Beckett St/Queen St,414.3657922,31500,32400,900
rmit_city,22315,Southbank,2026-10-08,4,17-234--1-MF62-234908,bus,234,City (Queen Victoria Market) - Garden City,343,City Rd/Queens Bridge St,385.35258637,47244,A'Beckett St/Queen St,414.3657922,30900,31800,900
rmit_city,22315,Southbank,2026-10-08,4,17-236--1-MF62-236085,bus,236,City (Queen Victoria Market) - Garden City via South Melbourne,343,City Rd/Queens Bridge St,385.35258637,47244,A'Beckett St/Queen St,414.3657922,30360,31260,900
rmit_city,22315,Southbank,2026-10-08,4,35-234--1-MF74-234910,bus,234,City (Queen Victoria Market) - Garden City,343,City Rd/Queens Bridge St,385.35258637,47244,A'Beckett St/Queen St,414.3657922,29040,29940,900
rmit_city,22315,Southbank,2026-10-08,4,35-234--1-MF74-234913,bus,234,City (Queen Victoria Market) - Garden City,343,City Rd/Queens Bridge St,385.35258637,47244,A'Beckett St/Queen St,414.3657922,28440,29280,840
rmit_city,22315,Southbank,2026-10-08,4,35-234--1-MF74-234921,bus,234,City (Queen Victoria Market) - Garden City,343,City Rd/Queens Bridge St,385.35258637,47244,A'Beckett St/Queen St,414.3657922,27840,28500,660
rmit_city,22315,Southbank,2026-10-08,4,35-234--1-MF74-234922,bus,234,City (Queen Victoria Market) - Garden City,343,City Rd/Queens Bridge St,385.35258637,47244,A'Beckett St/Queen St,414.3657922,32160,33000,840
rmit_city,22315,Southbank,2026-10-08,4,35-234--1-MF74-234933,bus,234,City (Queen Victoria Market) - Garden City,343,City Rd/Queens Bridge St,385.35258637,47244,A'Beckett St/Queen St,414.3657922,29700,30600,900
rmit_city,22315,Southbank,2026-10-08,4,35-234--1-MF74-234936,bus,234,City (Queen Victoria Market) - Garden City,343,City Rd/Queens Bridge St,385.35258637,47244,A'Beckett St/Queen St,414.3657922,25860,26340,480
rmit_city,22315,Southbank,2026-10-08,4,35-234--1-MF74-234937,bus,234,City (Queen Victoria Market) - Garden City,343,City Rd/Queens Bridge St,385.35258637,47244,A'Beckett St/Queen St,414.3657922,30300,31200,900
rmit_city,22315,Southbank,2026-10-08,4,35-236--1-MF74-236790,bus,236,City (Queen Victoria Market) - Garden City via South Melbourne,343,City Rd/Queens Bridge St,385.35258637,47244,A'Beckett St/Queen St,414.3657922,25740,26340,600
rmit_city,22315,Southbank,2026-10-08,4,35-236--1-MF74-236792,bus,236,City (Queen Victoria Market) - Garden City via South Melbourne,343,City Rd/Queens Bridge St,385.35258637,47244,A'Beckett St/Queen St,414.3657922,27960,28860,900
rmit_city,22315,Southbank,2026-10-08,4,49-605--1-MF5-1014,bus,605,Gardenvale - City (Queen Victoria Market),20488,City Rd/Southbank Bvd,276.4518257,47244,A'Beckett St/Queen St,414.3657922,26040,26580,540
rmit_city,22315,Southbank,2026-10-08,4,49-605--1-MF5-1069,bus,605,Gardenvale - City (Queen Victoria Market),20488,City Rd/Southbank Bvd,276.4518257,47244,A'Beckett St/Queen St,414.3657922,31440,32220,780
rmit_city,22315,Southbank,2026-10-08,4,49-605--1-MF5-1073,bus,605,Gardenvale - City (Queen Victoria Market),20488,City Rd/Southbank Bvd,276.4518257,47244,A'Beckett St/Queen St,414.3657922,27000,27600,600
rmit_city,22315,Southbank,2026-10-08,4,49-605--1-MF5-1148,bus,605,Gardenvale - City (Queen Victoria Market),20488,City Rd/Southbank Bvd,276.4518257,47244,A'Beckett St/Queen St,414.3657922,30660,31440,780
rmit_city,22315,Southbank,2026-10-08,4,49-605--1-MF5-863,bus,605,Gardenvale - City (Queen Victoria Market),20488,City Rd/Southbank Bvd,276.4518257,47244,A'Beckett St/Queen St,414.3657922,29520,30300,780
rmit_city,22315,Southbank,2026-10-08,4,49-605--1-MF5-889,bus,605,Gardenvale - City (Queen Victoria Market),20488,City Rd/Southbank Bvd,276.4518257,47244,A'Beckett St/Queen St,414.3657922,32220,32940,720
rmit_city,22315,Southbank,2026-10-08,4,49-605--1-MF5-928,bus,605,Gardenvale - City (Queen Victoria Market),20488,City Rd/Southbank Bvd,276.4518257,47244,A'Beckett St/Queen St,414.3657922,28080,28800,720
rmit_city,22572,Travancore,2026-10-08,2,02-UFD--69-T5-5614,metropolitan_train,Upfield,Upfield Line,14320,Flemington Bridge Station,735.37223963,12197,Melbourne Central Station,192.75714128,26160,26820,660
rmit_city,22572,Travancore,2026-10-08,2,02-UFD--69-T5-5616,metropolitan_train,Upfield,Upfield Line,14320,Flemington Bridge Station,735.37223963,12197,Melbourne Central Station,192.75714128,27120,27780,660
rmit_city,22572,Travancore,2026-10-08,2,02-UFD--69-T5-5618,metropolitan_train,Upfield,Upfield Line,14320,Flemington Bridge Station,735.37223963,12197,Melbourne Central Station,192.75714128,28080,28740,660
rmit_city,22572,Travancore,2026-10-08,2,02-UFD--69-T5-5620,metropolitan_train,Upfield,Upfield Line,14320,Flemington Bridge Station,735.37223963,12197,Melbourne Central Station,192.75714128,29040,29700,660
rmit_city,22572,Travancore,2026-10-08,2,02-UFD--69-T5-5622,metropolitan_train,Upfield,Upfield Line,14320,Flemington Bridge Station,735.37223963,12197,Melbourne Central Station,192.75714128,30000,30660,660
rmit_city,22572,Travancore,2026-10-08,2,02-UFD--69-T5-5624,metropolitan_train,Upfield,Upfield Line,14320,Flemington Bridge Station,735.37223963,12197,Melbourne Central Station,192.75714128,30960,31620,660
rmit_city,22572,Travancore,2026-10-08,2,02-UFD--69-T5-5626,metropolitan_train,Upfield,Upfield Line,14320,Flemington Bridge Station,735.37223963,12197,Melbourne Central Station,192.75714128,31920,32580,660
rmit_city,22572,Travancore,2026-10-08,3,03-57--5-T5-142609563,tram,57,West Maribyrnong - Flinders Street Station,17957,Stubbs St/Racecourse Rd #23,748.45967034,17871,Queen Victoria Market/Elizabeth St #7,278.17645067,25200,26040,840
rmit_city,22572,Travancore,2026-10-08,3,03-57--5-T5-142609564,tram,57,West Maribyrnong - Flinders Street Station,17957,Stubbs St/Racecourse Rd #23,748.45967034,17871,Queen Victoria Market/Elizabeth St #7,278.17645067,25680,26520,840
rmit_city,22572,Travancore,2026-10-08,3,03-57--5-T5-142609565,tram,57,West Maribyrnong - Flinders Street Station,17957,Stubbs St/Racecourse Rd #23,748.45967034,17871,Queen Victoria Market/Elizabeth St #7,278.17645067,26100,26940,840
rmit_city,22572,Travancore,2026-10-08,3,03-57--5-T5-142609566,tram,57,West Maribyrnong - Flinders Street Station,17957,Stubbs St/Racecourse Rd #23,748.45967034,17871,Queen Victoria Market/Elizabeth St #7,278.17645067,26580,27420,840
rmit_city,22572,Travancore,2026-10-08,3,03-57--5-T5-142609567,tram,57,West Maribyrnong - Flinders Street Station,17957,Stubbs St/Racecourse Rd #23,748.45967034,17871,Queen Victoria Market/Elizabeth St #7,278.17645067,26940,27840,900
rmit_city,22572,Travancore,2026-10-08,3,03-57--5-T5-142609568,tram,57,West Maribyrnong - Flinders Street Station,17957,Stubbs St/Racecourse Rd #23,748.45967034,17871,Queen Victoria Market/Elizabeth St #7,278.17645067,27360,28260,900
rmit_city,22572,Travancore,2026-10-08,3,03-57--5-T5-142609569,tram,57,West Maribyrnong - Flinders Street Station,17957,Stubbs St/Racecourse Rd #23,748.45967034,17871,Queen Victoria Market/Elizabeth St #7,278.17645067,27780,28680,900
rmit_city,22572,Travancore,2026-10-08,3,03-57--5-T5-142609570,tram,57,West Maribyrnong - Flinders Street Station,17957,Stubbs St/Racecourse Rd #23,748.45967034,17871,Queen Victoria Market/Elizabeth St #7,278.17645067,28140,29100,960
rmit_city,22572,Travancore,2026-10-08,3,03-57--5-T5-142609571,tram,57,West Maribyrnong - Flinders Street Station,17957,Stubbs St/Racecourse Rd #23,748.45967034,17871,Queen Victoria Market/Elizabeth St #7,278.17645067,28500,29460,960
rmit_city,22572,Travancore,2026-10-08,3,03-57--5-T5-142609572,tram,57,West Maribyrnong - Flinders Street Station,17957,Stubbs St/Racecourse Rd #23,748.45967034,17871,Queen Victoria Market/Elizabeth St #7,278.17645067,28860,29820,960
rmit_city,22572,Travancore,2026-10-08,3,03-57--5-T5-142609573,tram,57,West Maribyrnong - Flinders Street Station,17957,Stubbs St/Racecourse Rd #23,748.45967034,17871,Queen Victoria Market/Elizabeth St #7,278.17645067,29220,30180,960
rmit_city,22572,Travancore,2026-10-08,3,03-57--5-T5-142609574,tram,57,West Maribyrnong - Flinders Street Station,17957,Stubbs St/Racecourse Rd #23,748.45967034,17871,Queen Victoria Market/Elizabeth St #7,278.17645067,29580,30540,960
rmit_city,22572,Travancore,2026-10-08,3,03-57--5-T5-142609575,tram,57,West Maribyrnong - Flinders Street Station,17957,Stubbs St/Racecourse Rd #23,748.45967034,17871,Queen Victoria Market/Elizabeth St #7,278.17645067,29940,30900,960
rmit_city,22572,Travancore,2026-10-08,3,03-57--5-T5-142609576,tram,57,West Maribyrnong - Flinders Street Station,17957,Stubbs St/Racecourse Rd #23,748.45967034,17871,Queen Victoria Market/Elizabeth St #7,278.17645067,30300,31260,960
rmit_city,22572,Travancore,2026-10-08,3,03-57--5-T5-142609577,tram,57,West Maribyrnong - Flinders Street Station,17957,Stubbs St/Racecourse Rd #23,748.45967034,17871,Queen Victoria Market/Elizabeth St #7,278.17645067,30660,31620,960
rmit_city,22572,Travancore,2026-10-08,3,03-57--5-T5-142609578,tram,57,West Maribyrnong - Flinders Street Station,17957,Stubbs St/Racecourse Rd #23,748.45967034,17871,Queen Victoria Market/Elizabeth St #7,278.17645067,31020,31980,960
rmit_city,22572,Travancore,2026-10-08,3,03-57--5-T5-142609579,tram,57,West Maribyrnong - Flinders Street Station,17957,Stubbs St/Racecourse Rd #23,748.45967034,17871,Queen Victoria Market/Elizabeth St #7,278.17645067,31440,32400,960
rmit_city,22572,Travancore,2026-10-08,3,03-57--5-T5-142609580,tram,57,West Maribyrnong - Flinders Street Station,17957,Stubbs St/Racecourse Rd #23,748.45967034,17871,Queen Victoria Market/Elizabeth St #7,278.17645067,31860,32820,960
rmit_city,22572,Travancore,2026-10-08,3,03-57--5-T5-142609581,tram,57,West Maribyrnong - Flinders Street Station,17957,Stubbs St/Racecourse Rd #23,748.45967034,17871,Queen Victoria Market/Elizabeth St #7,278.17645067,32280,33240,960
rmit_city,22572,Travancore,2026-10-08,3,03-59--5-T5-142606041,tram,59,Airport West - Flinders Street Station,19261,Mooltan St/Mt Alexander Rd #24,222.89413842,17871,Queen Victoria Market/Elizabeth St #7,278.17645067,25560,26340,780
rmit_city,22572,Travancore,2026-10-08,3,03-59--5-T5-142606042,tram,59,Airport West - Flinders Street Station,19261,Mooltan St/Mt Alexander Rd #24,222.89413842,17871,Queen Victoria Market/Elizabeth St #7,278.17645067,26040,26820,780
rmit_city,22572,Travancore,2026-10-08,3,03-59--5-T5-142606043,tram,59,Airport West - Flinders Street Station,19261,Mooltan St/Mt Alexander Rd #24,222.89413842,17871,Queen Victoria Market/Elizabeth St #7,278.17645067,26460,27240,780
rmit_city,22572,Travancore,2026-10-08,3,03-59--5-T5-142606044,tram,59,Airport West - Flinders Street Station,19261,Mooltan St/Mt Alexander Rd #24,222.89413842,17871,Queen Victoria Market/Elizabeth St #7,278.17645067,26880,27660,780
rmit_city,22572,Travancore,2026-10-08,3,03-59--5-T5-142606045,tram,59,Airport West - Flinders Street Station,19261,Mooltan St/Mt Alexander Rd #24,222.89413842,17871,Queen Victoria Market/Elizabeth St #7,278.17645067,27240,28020,780
rmit_city,22572,Travancore,2026-10-08,3,03-59--5-T5-142606046,tram,59,Airport West - Flinders Street Station,19261,Mooltan St/Mt Alexander Rd #24,222.89413842,17871,Queen Victoria Market/Elizabeth St #7,278.17645067,27660,28440,780
rmit_city,22572,Travancore,2026-10-08,3,03-59--5-T5-142606047,tram,59,Airport West - Flinders Street Station,19261,Mooltan St/Mt Alexander Rd #24,222.89413842,17871,Queen Victoria Market/Elizabeth St #7,278.17645067,28020,28860,840
rmit_city,22572,Travancore,2026-10-08,3,03-59--5-T5-142606048,tram,59,Airport West - Flinders Street Station,19261,Mooltan St/Mt Alexander Rd #24,222.89413842,17871,Queen Victoria Market/Elizabeth St #7,278.17645067,28380,29280,900
rmit_city,22572,Travancore,2026-10-08,3,03-59--5-T5-142606049,tram,59,Airport West - Flinders Street Station,19261,Mooltan St/Mt Alexander Rd #24,222.89413842,17871,Queen Victoria Market/Elizabeth St #7,278.17645067,28740,29640,900
rmit_city,22572,Travancore,2026-10-08,3,03-59--5-T5-142606050,tram,59,Airport West - Flinders Street Station,19261,Mooltan St/Mt Alexander Rd #24,222.89413842,17871,Queen Victoria Market/Elizabeth St #7,278.17645067,29100,30000,900
rmit_city,22572,Travancore,2026-10-08,3,03-59--5-T5-142606051,tram,59,Airport West - Flinders Street Station,19261,Mooltan St/Mt Alexander Rd #24,222.89413842,17871,Queen Victoria Market/Elizabeth St #7,278.17645067,29460,30360,900
rmit_city,22572,Travancore,2026-10-08,3,03-59--5-T5-142606052,tram,59,Airport West - Flinders Street Station,19261,Mooltan St/Mt Alexander Rd #24,222.89413842,17871,Queen Victoria Market/Elizabeth St #7,278.17645067,29820,30720,900
rmit_city,22572,Travancore,2026-10-08,3,03-59--5-T5-142606053,tram,59,Airport West - Flinders Street Station,19261,Mooltan St/Mt Alexander Rd #24,222.89413842,17871,Queen Victoria Market/Elizabeth St #7,278.17645067,30180,31080,900
rmit_city,22572,Travancore,2026-10-08,3,03-59--5-T5-142606054,tram,59,Airport West - Flinders Street Station,19261,Mooltan St/Mt Alexander Rd #24,222.89413842,17871,Queen Victoria Market/Elizabeth St #7,278.17645067,30540,31440,900
rmit_city,22572,Travancore,2026-10-08,3,03-59--5-T5-142606055,tram,59,Airport West - Flinders Street Station,19261,Mooltan St/Mt Alexander Rd #24,222.89413842,17871,Queen Victoria Market/Elizabeth St #7,278.17645067,30900,31800,900
rmit_city,22572,Travancore,2026-10-08,3,03-59--5-T5-142606056,tram,59,Airport West - Flinders Street Station,19261,Mooltan St/Mt Alexander Rd #24,222.89413842,17871,Queen Victoria Market/Elizabeth St #7,278.17645067,31260,32160,900
rmit_city,22572,Travancore,2026-10-08,3,03-59--5-T5-142606057,tram,59,Airport West - Flinders Street Station,19261,Mooltan St/Mt Alexander Rd #24,222.89413842,17871,Queen Victoria Market/Elizabeth St #7,278.17645067,31680,32580,900
rmit_city,22572,Travancore,2026-10-08,3,03-59--5-T5-142606058,tram,59,Airport West - Flinders Street Station,19261,Mooltan St/Mt Alexander Rd #24,222.89413842,17871,Queen Victoria Market/Elizabeth St #7,278.17645067,32160,33060,900
rmit_city,22572,Travancore,2026-10-08,3,03-59--5-T5-142606059,tram,59,Airport West - Flinders Street Station,19265,Middle St/Mt Alexander Rd #28,755.16034423,17871,Queen Victoria Market/Elizabeth St #7,278.17645067,32340,33480,1140
rmit_city,22757,West Melbourne,2026-10-08,4,35-220--1-MF74-220323,bus,220,Sunshine Station - City via Footscray Rd,3935,Footscray Rd,343.77297361,20471,La Trobe St/Queen St,406.76787912,27300,28260,960
rmit_city,22757,West Melbourne,2026-10-08,4,35-220--1-MF74-220324,bus,220,Sunshine Station - City via Footscray Rd,3935,Footscray Rd,343.77297361,20471,La Trobe St/Queen St,406.76787912,32160,33180,1020
rmit_city,22757,West Melbourne,2026-10-08,4,35-220--1-MF74-220325,bus,220,Sunshine Station - City via Footscray Rd,3935,Footscray Rd,343.77297361,20471,La Trobe St/Queen St,406.76787912,30660,31740,1080
rmit_city,22757,West Melbourne,2026-10-08,4,35-220--1-MF74-220328,bus,220,Sunshine Station - City via Footscray Rd,3935,Footscray Rd,343.77297361,20471,La Trobe St/Queen St,406.76787912,29640,30720,1080
rmit_city,22757,West Melbourne,2026-10-08,4,35-220--1-MF74-220331,bus,220,Sunshine Station - City via Footscray Rd,3935,Footscray Rd,343.77297361,20471,La Trobe St/Queen St,406.76787912,30180,31260,1080
rmit_city,22757,West Melbourne,2026-10-08,4,35-220--1-MF74-220337,bus,220,Sunshine Station - City via Footscray Rd,3935,Footscray Rd,343.77297361,20471,La Trobe St/Queen St,406.76787912,31620,32700,1080
rmit_city,22757,West Melbourne,2026-10-08,4,35-220--1-MF74-220343,bus,220,Sunshine Station - City via Footscray Rd,3935,Footscray Rd,343.77297361,20471,La Trobe St/Queen St,406.76787912,31080,32160,1080
rmit_city,22757,West Melbourne,2026-10-08,4,35-220--1-MF74-220347,bus,220,Sunshine Station - City via Footscray Rd,3935,Footscray Rd,343.77297361,20471,La Trobe St/Queen St,406.76787912,28680,29700,1020
rmit_city,22757,West Melbourne,2026-10-08,4,35-220--1-MF74-220350,bus,220,Sunshine Station - City via Footscray Rd,3935,Footscray Rd,343.77297361,20471,La Trobe St/Queen St,406.76787912,26760,27720,960
rmit_city,22757,West Melbourne,2026-10-08,4,35-220--1-MF74-220353,bus,220,Sunshine Station - City via Footscray Rd,3935,Footscray Rd,343.77297361,20471,La Trobe St/Queen St,406.76787912,26160,27060,900
rmit_city,22757,West Melbourne,2026-10-08,4,35-220--1-MF74-220359,bus,220,Sunshine Station - City via Footscray Rd,3935,Footscray Rd,343.77297361,20471,La Trobe St/Queen St,406.76787912,28020,29040,1020
rmit_city,22757,West Melbourne,2026-10-08,4,35-220--1-MF74-220367,bus,220,Sunshine Station - City via Footscray Rd,3935,Footscray Rd,343.77297361,20471,La Trobe St/Queen St,406.76787912,25560,26400,840
rmit_city,22757,West Melbourne,2026-10-08,4,35-220--1-MF74-220376,bus,220,Sunshine Station - City via Footscray Rd,3935,Footscray Rd,343.77297361,20471,La Trobe St/Queen St,406.76787912,29160,30240,1080
unimelb_parkville,20002,Abbotsford (Vic.),2026-10-08,4,14-200--1-MF76-200895,bus,200,City - Bulleen via Key Junction,3182,Trenerry Cres/Johnston St,344.99487114,2111,Lygon St/Elgin St,562.77291469,31920,32760,840
unimelb_parkville,20002,Abbotsford (Vic.),2026-10-08,4,14-200--1-MF76-200911,bus,200,City - Bulleen via Key Junction,3182,Trenerry Cres/Johnston St,344.99487114,2111,Lygon St/Elgin St,562.77291469,30840,31680,840
unimelb_parkville,20002,Abbotsford (Vic.),2026-10-08,4,14-207--1-MF76-208071,bus,207,City - Doncaster Shopping Centre via Kew Junction,1170,Hoddle St/Johnston St,701.90130438,2111,Lygon St/Elgin St,562.77291469,25200,25620,420
unimelb_parkville,20002,Abbotsford (Vic.),2026-10-08,4,14-207--1-MF76-208090,bus,207,City - Doncaster Shopping Centre via Kew Junction,3182,Trenerry Cres/Johnston St,344.99487114,2111,Lygon St/Elgin St,562.77291469,28980,29820,840
unimelb_parkville,20002,Abbotsford (Vic.),2026-10-08,4,14-207--1-MF76-208091,bus,207,City - Doncaster Shopping Centre via Kew Junction,3182,Trenerry Cres/Johnston St,344.99487114,2111,Lygon St/Elgin St,562.77291469,31200,32040,840
unimelb_parkville,20002,Abbotsford (Vic.),2026-10-08,4,14-207--1-MF76-208098,bus,207,City - Doncaster Shopping Centre via Kew Junction,3182,Trenerry Cres/Johnston St,344.99487114,2111,Lygon St/Elgin St,562.77291469,26400,27000,600
unimelb_parkville,20002,Abbotsford (Vic.),2026-10-08,4,17-200--1-MF62-200810,bus,200,City - Bulleen via Key Junction,3182,Trenerry Cres/Johnston St,344.99487114,2111,Lygon St/Elgin St,562.77291469,28500,29280,780
unimelb_parkville,20002,Abbotsford (Vic.),2026-10-08,4,17-200--1-MF62-200812,bus,200,City - Bulleen via Key Junction,3182,Trenerry Cres/Johnston St,344.99487114,2111,Lygon St/Elgin St,562.77291469,29340,30180,840
unimelb_parkville,20002,Abbotsford (Vic.),2026-10-08,4,17-200--1-MF62-200813,bus,200,City - Bulleen via Key Junction,3182,Trenerry Cres/Johnston St,344.99487114,2111,Lygon St/Elgin St,562.77291469,25860,26400,540
unimelb_parkville,20002,Abbotsford (Vic.),2026-10-08,4,17-200--1-MF62-200816,bus,200,City - Bulleen via Key Junction,3182,Trenerry Cres/Johnston St,344.99487114,2111,Lygon St/Elgin St,562.77291469,27060,27660,600
unimelb_parkville,20002,Abbotsford (Vic.),2026-10-08,4,17-200--1-MF62-200821,bus,200,City - Bulleen via Key Junction,3182,Trenerry Cres/Johnston St,344.99487114,2111,Lygon St/Elgin St,562.77291469,27720,28500,780
unimelb_parkville,20002,Abbotsford (Vic.),2026-10-08,4,17-207--1-MF62-207140,bus,207,City - Doncaster Shopping Centre via Kew Junction,3182,Trenerry Cres/Johnston St,344.99487114,2111,Lygon St/Elgin St,562.77291469,32280,33120,840
unimelb_parkville,20002,Abbotsford (Vic.),2026-10-08,4,17-207--1-MF62-207146,bus,207,City - Doncaster Shopping Centre via Kew Junction,3182,Trenerry Cres/Johnston St,344.99487114,2111,Lygon St/Elgin St,562.77291469,30000,30840,840
unimelb_parkville,20002,Abbotsford (Vic.),2026-10-08,4,17-207--1-MF62-207147,bus,207,City - Doncaster Shopping Centre via Kew Junction,3182,Trenerry Cres/Johnston St,344.99487114,2111,Lygon St/Elgin St,562.77291469,27360,28080,720
unimelb_parkville,20002,Abbotsford (Vic.),2026-10-08,4,17-207--1-MF62-207151,bus,207,City - Doncaster Shopping Centre via Kew Junction,3182,Trenerry Cres/Johnston St,344.99487114,2111,Lygon St/Elgin St,562.77291469,27960,28740,780
unimelb_parkville,20002,Abbotsford (Vic.),2026-10-08,4,53-241--1-MF15-10000457,bus,241,North Melbourne Station - Yarra Bend Park,3183,Clarke St/Johnston St,359.54269275,28674,Melbourne University/Grattan St,627.0334,29520,30660,1140
unimelb_parkville,20002,Abbotsford (Vic.),2026-10-08,4,53-241--1-MF15-10000789,bus,241,North Melbourne Station - Yarra Bend Park,3183,Clarke St/Johnston St,359.54269275,28674,Melbourne University/Grattan St,627.0334,26520,27660,1140
unimelb_parkville,20002,Abbotsford (Vic.),2026-10-08,4,53-241--1-MF15-10000793,bus,241,North Melbourne Station - Yarra Bend Park,3183,Clarke St/Johnston St,359.54269275,28674,Melbourne University/Grattan St,627.0334,31320,32460,1140
unimelb_parkville,20002,Abbotsford (Vic.),2026-10-08,4,53-241--1-MF15-10000893,bus,241,North Melbourne Station - Yarra Bend Park,3183,Clarke St/Johnston St,359.54269275,28674,Melbourne University/Grattan St,627.0334,25320,26460,1140
unimelb_parkville,20002,Abbotsford (Vic.),2026-10-08,4,53-241--1-MF15-10000897,bus,241,North Melbourne Station - Yarra Bend Park,3183,Clarke St/Johnston St,359.54269275,28674,Melbourne University/Grattan St,627.0334,30120,31260,1140
unimelb_parkville,20002,Abbotsford (Vic.),2026-10-08,4,53-241--1-MF15-10001119,bus,241,North Melbourne Station - Yarra Bend Park,3183,Clarke St/Johnston St,359.54269275,28674,Melbourne University/Grattan St,627.0334,28920,30060,1140
unimelb_parkville,20002,Abbotsford (Vic.),2026-10-08,4,53-241--1-MF15-10001323,bus,241,North Melbourne Station - Yarra Bend Park,3183,Clarke St/Johnston St,359.54269275,28674,Melbourne University/Grattan St,627.0334,27120,28260,1140
unimelb_parkville,20002,Abbotsford (Vic.),2026-10-08,4,53-241--1-MF15-10001327,bus,241,North Melbourne Station - Yarra Bend Park,3183,Clarke St/Johnston St,359.54269275,28674,Melbourne University/Grattan St,627.0334,31920,33060,1140
unimelb_parkville,20002,Abbotsford (Vic.),2026-10-08,4,53-241--1-MF15-10001391,bus,241,North Melbourne Station - Yarra Bend Park,3183,Clarke St/Johnston St,359.54269275,28674,Melbourne University/Grattan St,627.0334,28320,29460,1140
unimelb_parkville,20002,Abbotsford (Vic.),2026-10-08,4,53-241--1-MF15-10001455,bus,241,North Melbourne Station - Yarra Bend Park,3183,Clarke St/Johnston St,359.54269275,28674,Melbourne University/Grattan St,627.0334,27720,28860,1140
unimelb_parkville,20002,Abbotsford (Vic.),2026-10-08,4,53-241--1-MF15-10001498,bus,241,North Melbourne Station - Yarra Bend Park,3183,Clarke St/Johnston St,359.54269275,28674,Melbourne University/Grattan St,627.0334,25920,27060,1140
unimelb_parkville,20002,Abbotsford (Vic.),2026-10-08,4,53-241--1-MF15-10001502,bus,241,North Melbourne Station - Yarra Bend Park,3183,Clarke St/Johnston St,359.54269275,28674,Melbourne University/Grattan St,627.0334,30720,31860,1140
unimelb_parkville,20361,Brunswick (Vic.),2026-10-08,3,03-19--5-T5-142611904,tram,19,North Coburg - Flinders Street Station,17323,Victoria St/Sydney Rd #23,150.82880664,17334,Morrah St/Royal Pde #12,393.40118373,25260,25920,660
unimelb_parkville,20361,Brunswick (Vic.),2026-10-08,3,03-19--5-T5-142611905,tram,19,North Coburg - Flinders Street Station,17323,Victoria St/Sydney Rd #23,150.82880664,17334,Morrah St/Royal Pde #12,393.40118373,25620,26280,660
unimelb_parkville,20361,Brunswick (Vic.),2026-10-08,3,03-19--5-T5-142611906,tram,19,North Coburg - Flinders Street Station,17323,Victoria St/Sydney Rd #23,150.82880664,17334,Morrah St/Royal Pde #12,393.40118373,25980,26640,660
unimelb_parkville,20361,Brunswick (Vic.),2026-10-08,3,03-19--5-T5-142611907,tram,19,North Coburg - Flinders Street Station,17323,Victoria St/Sydney Rd #23,150.82880664,17334,Morrah St/Royal Pde #12,393.40118373,26280,27000,720
unimelb_parkville,20361,Brunswick (Vic.),2026-10-08,3,03-19--5-T5-142611908,tram,19,North Coburg - Flinders Street Station,17323,Victoria St/Sydney Rd #23,150.82880664,17334,Morrah St/Royal Pde #12,393.40118373,26580,27300,720
unimelb_parkville,20361,Brunswick (Vic.),2026-10-08,3,03-19--5-T5-142611909,tram,19,North Coburg - Flinders Street Station,17323,Victoria St/Sydney Rd #23,150.82880664,17334,Morrah St/Royal Pde #12,393.40118373,26940,27660,720
unimelb_parkville,20361,Brunswick (Vic.),2026-10-08,3,03-19--5-T5-142611910,tram,19,North Coburg - Flinders Street Station,17323,Victoria St/Sydney Rd #23,150.82880664,17334,Morrah St/Royal Pde #12,393.40118373,27300,28020,720
unimelb_parkville,20361,Brunswick (Vic.),2026-10-08,3,03-19--5-T5-142611911,tram,19,North Coburg - Flinders Street Station,17323,Victoria St/Sydney Rd #23,150.82880664,17334,Morrah St/Royal Pde #12,393.40118373,27600,28320,720
unimelb_parkville,20361,Brunswick (Vic.),2026-10-08,3,03-19--5-T5-142611912,tram,19,North Coburg - Flinders Street Station,17323,Victoria St/Sydney Rd #23,150.82880664,17334,Morrah St/Royal Pde #12,393.40118373,27900,28620,720
unimelb_parkville,20361,Brunswick (Vic.),2026-10-08,3,03-19--5-T5-142611913,tram,19,North Coburg - Flinders Street Station,17323,Victoria St/Sydney Rd #23,150.82880664,17334,Morrah St/Royal Pde #12,393.40118373,28260,28980,720
unimelb_parkville,20361,Brunswick (Vic.),2026-10-08,3,03-19--5-T5-142611914,tram,19,North Coburg - Flinders Street Station,17323,Victoria St/Sydney Rd #23,150.82880664,17334,Morrah St/Royal Pde #12,393.40118373,28620,29340,720
unimelb_parkville,20361,Brunswick (Vic.),2026-10-08,3,03-19--5-T5-142611915,tram,19,North Coburg - Flinders Street Station,17323,Victoria St/Sydney Rd #23,150.82880664,17334,Morrah St/Royal Pde #12,393.40118373,28920,29700,780
unimelb_parkville,20361,Brunswick (Vic.),2026-10-08,3,03-19--5-T5-142611916,tram,19,North Coburg - Flinders Street Station,17323,Victoria St/Sydney Rd #23,150.82880664,17334,Morrah St/Royal Pde #12,393.40118373,29160,29940,780
unimelb_parkville,20361,Brunswick (Vic.),2026-10-08,3,03-19--5-T5-142611917,tram,19,North Coburg - Flinders Street Station,17323,Victoria St/Sydney Rd #23,150.82880664,17334,Morrah St/Royal Pde #12,393.40118373,29460,30240,780
unimelb_parkville,20361,Brunswick (Vic.),2026-10-08,3,03-19--5-T5-142611918,tram,19,North Coburg - Flinders Street Station,17323,Victoria St/Sydney Rd #23,150.82880664,17334,Morrah St/Royal Pde #12,393.40118373,29700,30480,780
unimelb_parkville,20361,Brunswick (Vic.),2026-10-08,3,03-19--5-T5-142611919,tram,19,North Coburg - Flinders Street Station,17323,Victoria St/Sydney Rd #23,150.82880664,17334,Morrah St/Royal Pde #12,393.40118373,30000,30780,780
unimelb_parkville,20361,Brunswick (Vic.),2026-10-08,3,03-19--5-T5-142611920,tram,19,North Coburg - Flinders Street Station,17323,Victoria St/Sydney Rd #23,150.82880664,17334,Morrah St/Royal Pde #12,393.40118373,30180,30960,780
unimelb_parkville,20361,Brunswick (Vic.),2026-10-08,3,03-19--5-T5-142611921,tram,19,North Coburg - Flinders Street Station,17323,Victoria St/Sydney Rd #23,150.82880664,17334,Morrah St/Royal Pde #12,393.40118373,30420,31200,780
unimelb_parkville,20361,Brunswick (Vic.),2026-10-08,3,03-19--5-T5-142611922,tram,19,North Coburg - Flinders Street Station,17323,Victoria St/Sydney Rd #23,150.82880664,17334,Morrah St/Royal Pde #12,393.40118373,30720,31500,780
unimelb_parkville,20361,Brunswick (Vic.),2026-10-08,3,03-19--5-T5-142611923,tram,19,North Coburg - Flinders Street Station,17323,Victoria St/Sydney Rd #23,150.82880664,17334,Morrah St/Royal Pde #12,393.40118373,30960,31740,780
unimelb_parkville,20361,Brunswick (Vic.),2026-10-08,3,03-19--5-T5-142611924,tram,19,North Coburg - Flinders Street Station,17323,Victoria St/Sydney Rd #23,150.82880664,17334,Morrah St/Royal Pde #12,393.40118373,31200,31980,780
unimelb_parkville,20361,Brunswick (Vic.),2026-10-08,3,03-19--5-T5-142611925,tram,19,North Coburg - Flinders Street Station,17323,Victoria St/Sydney Rd #23,150.82880664,17334,Morrah St/Royal Pde #12,393.40118373,31380,32160,780
unimelb_parkville,20361,Brunswick (Vic.),2026-10-08,3,03-19--5-T5-142611926,tram,19,North Coburg - Flinders Street Station,17323,Victoria St/Sydney Rd #23,150.82880664,17334,Morrah St/Royal Pde #12,393.40118373,31620,32400,780
unimelb_parkville,20361,Brunswick (Vic.),2026-10-08,3,03-19--5-T5-142611927,tram,19,North Coburg - Flinders Street Station,17323,Victoria St/Sydney Rd #23,150.82880664,17334,Morrah St/Royal Pde #12,393.40118373,31860,32640,780
unimelb_parkville,20361,Brunswick (Vic.),2026-10-08,3,03-19--5-T5-142611928,tram,19,North Coburg - Flinders Street Station,17323,Victoria St/Sydney Rd #23,150.82880664,17334,Morrah St/Royal Pde #12,393.40118373,32220,33000,780
unimelb_parkville,20362,Brunswick East,2026-10-08,3,03-1--5-T5-142610602,tram,1,East Coburg - South Melbourne Beach,19352,Victoria St/Lygon St #124,501.71693354,19340,Lygon St/Elgin St #112,433.40633246,25320,25980,660
unimelb_parkville,20362,Brunswick East,2026-10-08,3,03-1--5-T5-142610603,tram,1,East Coburg - South Melbourne Beach,19352,Victoria St/Lygon St #124,501.71693354,19340,Lygon St/Elgin St #112,433.40633246,25800,26520,720
unimelb_parkville,20362,Brunswick East,2026-10-08,3,03-1--5-T5-142610604,tram,1,East Coburg - South Melbourne Beach,19352,Victoria St/Lygon St #124,501.71693354,19340,Lygon St/Elgin St #112,433.40633246,26340,27060,720
unimelb_parkville,20362,Brunswick East,2026-10-08,3,03-1--5-T5-142610605,tram,1,East Coburg - South Melbourne Beach,19352,Victoria St/Lygon St #124,501.71693354,19340,Lygon St/Elgin St #112,433.40633246,26820,27540,720
unimelb_parkville,20362,Brunswick East,2026-10-08,3,03-1--5-T5-142610606,tram,1,East Coburg - South Melbourne Beach,19352,Victoria St/Lygon St #124,501.71693354,19340,Lygon St/Elgin St #112,433.40633246,27300,28020,720
unimelb_parkville,20362,Brunswick East,2026-10-08,3,03-1--5-T5-142610607,tram,1,East Coburg - South Melbourne Beach,19352,Victoria St/Lygon St #124,501.71693354,19340,Lygon St/Elgin St #112,433.40633246,27720,28440,720
unimelb_parkville,20362,Brunswick East,2026-10-08,3,03-1--5-T5-142610608,tram,1,East Coburg - South Melbourne Beach,19352,Victoria St/Lygon St #124,501.71693354,19340,Lygon St/Elgin St #112,433.40633246,28200,28920,720
unimelb_parkville,20362,Brunswick East,2026-10-08,3,03-1--5-T5-142610609,tram,1,East Coburg - South Melbourne Beach,19352,Victoria St/Lygon St #124,501.71693354,19340,Lygon St/Elgin St #112,433.40633246,28560,29280,720
unimelb_parkville,20362,Brunswick East,2026-10-08,3,03-1--5-T5-142610610,tram,1,East Coburg - South Melbourne Beach,19352,Victoria St/Lygon St #124,501.71693354,19340,Lygon St/Elgin St #112,433.40633246,28920,29640,720
unimelb_parkville,20362,Brunswick East,2026-10-08,3,03-1--5-T5-142610611,tram,1,East Coburg - South Melbourne Beach,19352,Victoria St/Lygon St #124,501.71693354,19340,Lygon St/Elgin St #112,433.40633246,29280,30000,720
unimelb_parkville,20362,Brunswick East,2026-10-08,3,03-1--5-T5-142610612,tram,1,East Coburg - South Melbourne Beach,19352,Victoria St/Lygon St #124,501.71693354,19340,Lygon St/Elgin St #112,433.40633246,29640,30360,720
unimelb_parkville,20362,Brunswick East,2026-10-08,3,03-1--5-T5-142610613,tram,1,East Coburg - South Melbourne Beach,19352,Victoria St/Lygon St #124,501.71693354,19340,Lygon St/Elgin St #112,433.40633246,30000,30720,720
unimelb_parkville,20362,Brunswick East,2026-10-08,3,03-1--5-T5-142610614,tram,1,East Coburg - South Melbourne Beach,19352,Victoria St/Lygon St #124,501.71693354,19340,Lygon St/Elgin St #112,433.40633246,30360,31080,720
unimelb_parkville,20362,Brunswick East,2026-10-08,3,03-1--5-T5-142610615,tram,1,East Coburg - South Melbourne Beach,19352,Victoria St/Lygon St #124,501.71693354,19340,Lygon St/Elgin St #112,433.40633246,30720,31440,720
unimelb_parkville,20362,Brunswick East,2026-10-08,3,03-1--5-T5-142610616,tram,1,East Coburg - South Melbourne Beach,19352,Victoria St/Lygon St #124,501.71693354,19340,Lygon St/Elgin St #112,433.40633246,31080,31800,720
unimelb_parkville,20362,Brunswick East,2026-10-08,3,03-1--5-T5-142610617,tram,1,East Coburg - South Melbourne Beach,19352,Victoria St/Lygon St #124,501.71693354,19340,Lygon St/Elgin St #112,433.40633246,31440,32160,720
unimelb_parkville,20362,Brunswick East,2026-10-08,3,03-1--5-T5-142610618,tram,1,East Coburg - South Melbourne Beach,19352,Victoria St/Lygon St #124,501.71693354,19340,Lygon St/Elgin St #112,433.40633246,31860,32580,720
unimelb_parkville,20362,Brunswick East,2026-10-08,3,03-1--5-T5-142610619,tram,1,East Coburg - South Melbourne Beach,19353,Blyth St/Lygon St #125,534.39294356,19340,Lygon St/Elgin St #112,433.40633246,32340,33060,720
unimelb_parkville,20362,Brunswick East,2026-10-08,3,03-6--5-T5-142611605,tram,6,Moreland - Glen Iris,19352,Victoria St/Lygon St #124,501.71693354,19340,Lygon St/Elgin St #112,433.40633246,25560,26220,660
unimelb_parkville,20362,Brunswick East,2026-10-08,3,03-6--5-T5-142611607,tram,6,Moreland - Glen Iris,19352,Victoria St/Lygon St #124,501.71693354,19340,Lygon St/Elgin St #112,433.40633246,26100,26820,720
unimelb_parkville,20362,Brunswick East,2026-10-08,3,03-6--5-T5-142611609,tram,6,Moreland - Glen Iris,19352,Victoria St/Lygon St #124,501.71693354,19340,Lygon St/Elgin St #112,433.40633246,26640,27360,720
unimelb_parkville,20362,Brunswick East,2026-10-08,3,03-6--5-T5-142611612,tram,6,Moreland - Glen Iris,19352,Victoria St/Lygon St #124,501.71693354,19340,Lygon St/Elgin St #112,433.40633246,27000,27720,720
unimelb_parkville,20362,Brunswick East,2026-10-08,3,03-6--5-T5-142611614,tram,6,Moreland - Glen Iris,19352,Victoria St/Lygon St #124,501.71693354,19340,Lygon St/Elgin St #112,433.40633246,27480,28200,720
unimelb_parkville,20362,Brunswick East,2026-10-08,3,03-6--5-T5-142611615,tram,6,Moreland - Glen Iris,19352,Victoria St/Lygon St #124,501.71693354,19340,Lygon St/Elgin St #112,433.40633246,28020,28740,720
unimelb_parkville,20362,Brunswick East,2026-10-08,3,03-6--5-T5-142611619,tram,6,Moreland - Glen Iris,19352,Victoria St/Lygon St #124,501.71693354,19340,Lygon St/Elgin St #112,433.40633246,28380,29100,720
unimelb_parkville,20362,Brunswick East,2026-10-08,3,03-6--5-T5-142611621,tram,6,Moreland - Glen Iris,19352,Victoria St/Lygon St #124,501.71693354,19340,Lygon St/Elgin St #112,433.40633246,28740,29460,720
unimelb_parkville,20362,Brunswick East,2026-10-08,3,03-6--5-T5-142611624,tram,6,Moreland - Glen Iris,19352,Victoria St/Lygon St #124,501.71693354,19340,Lygon St/Elgin St #112,433.40633246,29100,29820,720
unimelb_parkville,20362,Brunswick East,2026-10-08,3,03-6--5-T5-142611625,tram,6,Moreland - Glen Iris,19352,Victoria St/Lygon St #124,501.71693354,19340,Lygon St/Elgin St #112,433.40633246,29460,30180,720
unimelb_parkville,20362,Brunswick East,2026-10-08,3,03-6--5-T5-142611628,tram,6,Moreland - Glen Iris,19352,Victoria St/Lygon St #124,501.71693354,19340,Lygon St/Elgin St #112,433.40633246,29820,30540,720
unimelb_parkville,20362,Brunswick East,2026-10-08,3,03-6--5-T5-142611631,tram,6,Moreland - Glen Iris,19352,Victoria St/Lygon St #124,501.71693354,19340,Lygon St/Elgin St #112,433.40633246,30180,30900,720
unimelb_parkville,20362,Brunswick East,2026-10-08,3,03-6--5-T5-142611632,tram,6,Moreland - Glen Iris,19352,Victoria St/Lygon St #124,501.71693354,19340,Lygon St/Elgin St #112,433.40633246,30540,31260,720
unimelb_parkville,20362,Brunswick East,2026-10-08,3,03-6--5-T5-142611633,tram,6,Moreland - Glen Iris,19352,Victoria St/Lygon St #124,501.71693354,19340,Lygon St/Elgin St #112,433.40633246,30900,31620,720
unimelb_parkville,20362,Brunswick East,2026-10-08,3,03-6--5-T5-142611634,tram,6,Moreland - Glen Iris,19352,Victoria St/Lygon St #124,501.71693354,19340,Lygon St/Elgin St #112,433.40633246,31260,31980,720
unimelb_parkville,20362,Brunswick East,2026-10-08,3,03-6--5-T5-142611635,tram,6,Moreland - Glen Iris,19352,Victoria St/Lygon St #124,501.71693354,19340,Lygon St/Elgin St #112,433.40633246,31620,32340,720
unimelb_parkville,20362,Brunswick East,2026-10-08,3,03-6--5-T5-142611637,tram,6,Moreland - Glen Iris,19352,Victoria St/Lygon St #124,501.71693354,19340,Lygon St/Elgin St #112,433.40633246,32160,32820,660
unimelb_parkville,20495,Carlton (Vic.),2026-10-08,3,03-1--5-T5-142612076,tram,1,East Coburg - South Melbourne Beach,19694,Lincoln Square/Swanston St #3,544.30965247,19696,Melbourne University/Swanston St #1,483.99846296,25620,25680,60
unimelb_parkville,20495,Carlton (Vic.),2026-10-08,3,03-1--5-T5-142612077,tram,1,East Coburg - South Melbourne Beach,19694,Lincoln Square/Swanston St #3,544.30965247,19696,Melbourne University/Swanston St #1,483.99846296,26160,26220,60
unimelb_parkville,20495,Carlton (Vic.),2026-10-08,3,03-1--5-T5-142612078,tram,1,East Coburg - South Melbourne Beach,19694,Lincoln Square/Swanston St #3,544.30965247,19696,Melbourne University/Swanston St #1,483.99846296,26880,26940,60
unimelb_parkville,20495,Carlton (Vic.),2026-10-08,3,03-1--5-T5-142612079,tram,1,East Coburg - South Melbourne Beach,19694,Lincoln Square/Swanston St #3,544.30965247,19696,Melbourne University/Swanston St #1,483.99846296,27600,27660,60
unimelb_parkville,20495,Carlton (Vic.),2026-10-08,3,03-1--5-T5-142612080,tram,1,East Coburg - South Melbourne Beach,19694,Lincoln Square/Swanston St #3,544.30965247,19696,Melbourne University/Swanston St #1,483.99846296,28140,28200,60
unimelb_parkville,20495,Carlton (Vic.),2026-10-08,3,03-1--5-T5-142612081,tram,1,East Coburg - South Melbourne Beach,19694,Lincoln Square/Swanston St #3,544.30965247,19696,Melbourne University/Swanston St #1,483.99846296,28740,28800,60
unimelb_parkville,20495,Carlton (Vic.),2026-10-08,3,03-1--5-T5-142612082,tram,1,East Coburg - South Melbourne Beach,19694,Lincoln Square/Swanston St #3,544.30965247,19696,Melbourne University/Swanston St #1,483.99846296,29340,29400,60
unimelb_parkville,20495,Carlton (Vic.),2026-10-08,3,03-1--5-T5-142612083,tram,1,East Coburg - South Melbourne Beach,19694,Lincoln Square/Swanston St #3,544.30965247,19696,Melbourne University/Swanston St #1,483.99846296,29940,30000,60
unimelb_parkville,20495,Carlton (Vic.),2026-10-08,3,03-1--5-T5-142612084,tram,1,East Coburg - South Melbourne Beach,19694,Lincoln Square/Swanston St #3,544.30965247,19696,Melbourne University/Swanston St #1,483.99846296,30540,30600,60
unimelb_parkville,20495,Carlton (Vic.),2026-10-08,3,03-1--5-T5-142612085,tram,1,East Coburg - South Melbourne Beach,19694,Lincoln Square/Swanston St #3,544.30965247,19696,Melbourne University/Swanston St #1,483.99846296,31080,31140,60
unimelb_parkville,20495,Carlton (Vic.),2026-10-08,3,03-1--5-T5-142612086,tram,1,East Coburg - South Melbourne Beach,19694,Lincoln Square/Swanston St #3,544.30965247,19696,Melbourne University/Swanston St #1,483.99846296,31560,31620,60
unimelb_parkville,20495,Carlton (Vic.),2026-10-08,3,03-1--5-T5-142612087,tram,1,East Coburg - South Melbourne Beach,19694,Lincoln Square/Swanston St #3,544.30965247,19696,Melbourne University/Swanston St #1,483.99846296,32100,32160,60
unimelb_parkville,20495,Carlton (Vic.),2026-10-08,3,03-16--5-T5-142611153,tram,16,Melbourne University - Kew,19694,Lincoln Square/Swanston St #3,544.30965247,19696,Melbourne University/Swanston St #1,483.99846296,25500,25560,60
unimelb_parkville,20495,Carlton (Vic.),2026-10-08,3,03-16--5-T5-142611154,tram,16,Melbourne University - Kew,19694,Lincoln Square/Swanston St #3,544.30965247,19696,Melbourne University/Swanston St #1,483.99846296,27060,27180,120
unimelb_parkville,20495,Carlton (Vic.),2026-10-08,3,03-16--5-T5-142611155,tram,16,Melbourne University - Kew,19694,Lincoln Square/Swanston St #3,544.30965247,19696,Melbourne University/Swanston St #1,483.99846296,28440,28560,120
unimelb_parkville,20495,Carlton (Vic.),2026-10-08,3,03-16--5-T5-142611156,tram,16,Melbourne University - Kew,19694,Lincoln Square/Swanston St #3,544.30965247,19696,Melbourne University/Swanston St #1,483.99846296,29640,29760,120
unimelb_parkville,20495,Carlton (Vic.),2026-10-08,3,03-16--5-T5-142611157,tram,16,Melbourne University - Kew,19694,Lincoln Square/Swanston St #3,544.30965247,19696,Melbourne University/Swanston St #1,483.99846296,30300,30420,120
unimelb_parkville,20495,Carlton (Vic.),2026-10-08,3,03-16--5-T5-142611158,tram,16,Melbourne University - Kew,19694,Lincoln Square/Swanston St #3,544.30965247,19696,Melbourne University/Swanston St #1,483.99846296,30900,31020,120
unimelb_parkville,20495,Carlton (Vic.),2026-10-08,3,03-16--5-T5-142611159,tram,16,Melbourne University - Kew,19694,Lincoln Square/Swanston St #3,544.30965247,19696,Melbourne University/Swanston St #1,483.99846296,31500,31620,120
unimelb_parkville,20495,Carlton (Vic.),2026-10-08,3,03-16--5-T5-142611160,tram,16,Melbourne University - Kew,19694,Lincoln Square/Swanston St #3,544.30965247,19696,Melbourne University/Swanston St #1,483.99846296,32160,32280,120
unimelb_parkville,20495,Carlton (Vic.),2026-10-08,3,03-16--5-T5-142611507,tram,16,Melbourne University - Kew,19694,Lincoln Square/Swanston St #3,544.30965247,19696,Melbourne University/Swanston St #1,483.99846296,26340,26460,120
unimelb_parkville,20495,Carlton (Vic.),2026-10-08,3,03-16--5-T5-142611513,tram,16,Melbourne University - Kew,19694,Lincoln Square/Swanston St #3,544.30965247,19696,Melbourne University/Swanston St #1,483.99846296,27780,27900,120
unimelb_parkville,20495,Carlton (Vic.),2026-10-08,3,03-16--5-T5-142611516,tram,16,Melbourne University - Kew,19694,Lincoln Square/Swanston St #3,544.30965247,19696,Melbourne University/Swanston St #1,483.99846296,28980,29100,120
unimelb_parkville,20495,Carlton (Vic.),2026-10-08,3,03-3--5-T5-142612794,tram,3,Melbourne University - East Malvern,19694,Lincoln Square/Swanston St #3,544.30965247,19696,Melbourne University/Swanston St #1,483.99846296,25440,25500,60
unimelb_parkville,20495,Carlton (Vic.),2026-10-08,3,03-3--5-T5-142612795,tram,3,Melbourne University - East Malvern,19694,Lincoln Square/Swanston St #3,544.30965247,19696,Melbourne University/Swanston St #1,483.99846296,26220,26280,60
unimelb_parkville,20495,Carlton (Vic.),2026-10-08,3,03-3--5-T5-142612796,tram,3,Melbourne University - East Malvern,19694,Lincoln Square/Swanston St #3,544.30965247,19696,Melbourne University/Swanston St #1,483.99846296,27000,27060,60
unimelb_parkville,20495,Carlton (Vic.),2026-10-08,3,03-3--5-T5-142612797,tram,3,Melbourne University - East Malvern,19694,Lincoln Square/Swanston St #3,544.30965247,19696,Melbourne University/Swanston St #1,483.99846296,27720,27780,60
unimelb_parkville,20495,Carlton (Vic.),2026-10-08,3,03-3--5-T5-142612798,tram,3,Melbourne University - East Malvern,19694,Lincoln Square/Swanston St #3,544.30965247,19696,Melbourne University/Swanston St #1,483.99846296,28320,28380,60
unimelb_parkville,20495,Carlton (Vic.),2026-10-08,3,03-3--5-T5-142612799,tram,3,Melbourne University - East Malvern,19694,Lincoln Square/Swanston St #3,544.30965247,19696,Melbourne University/Swanston St #1,483.99846296,28860,28920,60
unimelb_parkville,20495,Carlton (Vic.),2026-10-08,3,03-3--5-T5-142612800,tram,3,Melbourne University - East Malvern,19694,Lincoln Square/Swanston St #3,544.30965247,19696,Melbourne University/Swanston St #1,483.99846296,29580,29640,60
unimelb_parkville,20495,Carlton (Vic.),2026-10-08,3,03-3--5-T5-142612801,tram,3,Melbourne University - East Malvern,19694,Lincoln Square/Swanston St #3,544.30965247,19696,Melbourne University/Swanston St #1,483.99846296,30120,30180,60
unimelb_parkville,20495,Carlton (Vic.),2026-10-08,3,03-3--5-T5-142612802,tram,3,Melbourne University - East Malvern,19694,Lincoln Square/Swanston St #3,544.30965247,19696,Melbourne University/Swanston St #1,483.99846296,30780,30840,60
unimelb_parkville,20495,Carlton (Vic.),2026-10-08,3,03-3--5-T5-142612803,tram,3,Melbourne University - East Malvern,19694,Lincoln Square/Swanston St #3,544.30965247,19696,Melbourne University/Swanston St #1,483.99846296,31380,31440,60
unimelb_parkville,20495,Carlton (Vic.),2026-10-08,3,03-3--5-T5-142612804,tram,3,Melbourne University - East Malvern,19694,Lincoln Square/Swanston St #3,544.30965247,19696,Melbourne University/Swanston St #1,483.99846296,32040,32100,60
unimelb_parkville,20495,Carlton (Vic.),2026-10-08,3,03-5--5-T5-142611254,tram,5,Melbourne University - Malvern,19694,Lincoln Square/Swanston St #3,544.30965247,19696,Melbourne University/Swanston St #1,483.99846296,25380,25440,60
unimelb_parkville,20495,Carlton (Vic.),2026-10-08,3,03-5--5-T5-142611255,tram,5,Melbourne University - Malvern,19694,Lincoln Square/Swanston St #3,544.30965247,19696,Melbourne University/Swanston St #1,483.99846296,26040,26100,60
unimelb_parkville,20495,Carlton (Vic.),2026-10-08,3,03-5--5-T5-142611256,tram,5,Melbourne University - Malvern,19694,Lincoln Square/Swanston St #3,544.30965247,19696,Melbourne University/Swanston St #1,483.99846296,26640,26700,60
unimelb_parkville,20495,Carlton (Vic.),2026-10-08,3,03-5--5-T5-142611257,tram,5,Melbourne University - Malvern,19694,Lincoln Square/Swanston St #3,544.30965247,19696,Melbourne University/Swanston St #1,483.99846296,27180,27240,60
unimelb_parkville,20495,Carlton (Vic.),2026-10-08,3,03-5--5-T5-142611258,tram,5,Melbourne University - Malvern,19694,Lincoln Square/Swanston St #3,544.30965247,19696,Melbourne University/Swanston St #1,483.99846296,27900,27960,60
unimelb_parkville,20495,Carlton (Vic.),2026-10-08,3,03-5--5-T5-142611259,tram,5,Melbourne University - Malvern,19694,Lincoln Square/Swanston St #3,544.30965247,19696,Melbourne University/Swanston St #1,483.99846296,28560,28620,60
unimelb_parkville,20495,Carlton (Vic.),2026-10-08,3,03-5--5-T5-142611260,tram,5,Melbourne University - Malvern,19694,Lincoln Square/Swanston St #3,544.30965247,19696,Melbourne University/Swanston St #1,483.99846296,29220,29280,60
unimelb_parkville,20495,Carlton (Vic.),2026-10-08,3,03-5--5-T5-142611261,tram,5,Melbourne University - Malvern,19694,Lincoln Square/Swanston St #3,544.30965247,19696,Melbourne University/Swanston St #1,483.99846296,29760,29820,60
unimelb_parkville,20495,Carlton (Vic.),2026-10-08,3,03-5--5-T5-142611262,tram,5,Melbourne University - Malvern,19694,Lincoln Square/Swanston St #3,544.30965247,19696,Melbourne University/Swanston St #1,483.99846296,30420,30480,60
unimelb_parkville,20495,Carlton (Vic.),2026-10-08,3,03-5--5-T5-142611263,tram,5,Melbourne University - Malvern,19694,Lincoln Square/Swanston St #3,544.30965247,19696,Melbourne University/Swanston St #1,483.99846296,31020,31080,60
unimelb_parkville,20495,Carlton (Vic.),2026-10-08,3,03-5--5-T5-142611264,tram,5,Melbourne University - Malvern,19694,Lincoln Square/Swanston St #3,544.30965247,19696,Melbourne University/Swanston St #1,483.99846296,31620,31680,60
unimelb_parkville,20495,Carlton (Vic.),2026-10-08,3,03-5--5-T5-142611265,tram,5,Melbourne University - Malvern,19694,Lincoln Square/Swanston St #3,544.30965247,19696,Melbourne University/Swanston St #1,483.99846296,32220,32280,60
unimelb_parkville,20495,Carlton (Vic.),2026-10-08,3,03-6--5-T5-142611033,tram,6,Moreland - Glen Iris,19694,Lincoln Square/Swanston St #3,544.30965247,19696,Melbourne University/Swanston St #1,483.99846296,25320,25380,60
unimelb_parkville,20495,Carlton (Vic.),2026-10-08,3,03-6--5-T5-142611034,tram,6,Moreland - Glen Iris,19694,Lincoln Square/Swanston St #3,544.30965247,19696,Melbourne University/Swanston St #1,483.99846296,25980,26040,60
unimelb_parkville,20495,Carlton (Vic.),2026-10-08,3,03-6--5-T5-142611035,tram,6,Moreland - Glen Iris,19694,Lincoln Square/Swanston St #3,544.30965247,19696,Melbourne University/Swanston St #1,483.99846296,26700,26760,60
unimelb_parkville,20495,Carlton (Vic.),2026-10-08,3,03-6--5-T5-142611036,tram,6,Moreland - Glen Iris,19694,Lincoln Square/Swanston St #3,544.30965247,19696,Melbourne University/Swanston St #1,483.99846296,27420,27480,60
unimelb_parkville,20495,Carlton (Vic.),2026-10-08,3,03-6--5-T5-142611037,tram,6,Moreland - Glen Iris,19694,Lincoln Square/Swanston St #3,544.30965247,19696,Melbourne University/Swanston St #1,483.99846296,27840,27900,60
unimelb_parkville,20495,Carlton (Vic.),2026-10-08,3,03-6--5-T5-142611038,tram,6,Moreland - Glen Iris,19694,Lincoln Square/Swanston St #3,544.30965247,19696,Melbourne University/Swanston St #1,483.99846296,28500,28560,60
unimelb_parkville,20495,Carlton (Vic.),2026-10-08,3,03-6--5-T5-142611039,tram,6,Moreland - Glen Iris,19694,Lincoln Square/Swanston St #3,544.30965247,19696,Melbourne University/Swanston St #1,483.99846296,29100,29160,60
unimelb_parkville,20495,Carlton (Vic.),2026-10-08,3,03-6--5-T5-142611040,tram,6,Moreland - Glen Iris,19694,Lincoln Square/Swanston St #3,544.30965247,19696,Melbourne University/Swanston St #1,483.99846296,29700,29760,60
unimelb_parkville,20495,Carlton (Vic.),2026-10-08,3,03-6--5-T5-142611041,tram,6,Moreland - Glen Iris,19694,Lincoln Square/Swanston St #3,544.30965247,19696,Melbourne University/Swanston St #1,483.99846296,30240,30300,60
unimelb_parkville,20495,Carlton (Vic.),2026-10-08,3,03-6--5-T5-142611042,tram,6,Moreland - Glen Iris,19694,Lincoln Square/Swanston St #3,544.30965247,19696,Melbourne University/Swanston St #1,483.99846296,30840,30900,60
unimelb_parkville,20495,Carlton (Vic.),2026-10-08,3,03-6--5-T5-142611043,tram,6,Moreland - Glen Iris,19694,Lincoln Square/Swanston St #3,544.30965247,19696,Melbourne University/Swanston St #1,483.99846296,31260,31320,60
unimelb_parkville,20495,Carlton (Vic.),2026-10-08,3,03-6--5-T5-142611044,tram,6,Moreland - Glen Iris,19694,Lincoln Square/Swanston St #3,544.30965247,19696,Melbourne University/Swanston St #1,483.99846296,31920,31980,60
unimelb_parkville,20495,Carlton (Vic.),2026-10-08,3,03-6--5-T5-142611045,tram,6,Moreland - Glen Iris,19693,Queensberry St/Swanston St #4,786.25614187,19696,Melbourne University/Swanston St #1,483.99846296,32340,32520,180
unimelb_parkville,20495,Carlton (Vic.),2026-10-08,3,03-6--5-T5-142611803,tram,6,Moreland - Glen Iris,19694,Lincoln Square/Swanston St #3,544.30965247,19696,Melbourne University/Swanston St #1,483.99846296,26280,26340,60
unimelb_parkville,20495,Carlton (Vic.),2026-10-08,3,03-6--5-T5-142611805,tram,6,Moreland - Glen Iris,19694,Lincoln Square/Swanston St #3,544.30965247,19696,Melbourne University/Swanston St #1,483.99846296,27120,27180,60
unimelb_parkville,20495,Carlton (Vic.),2026-10-08,3,03-64--5-T5-142612693,tram,64,Melbourne University - East Brighton,19694,Lincoln Square/Swanston St #3,544.30965247,19696,Melbourne University/Swanston St #1,483.99846296,26400,26460,60
unimelb_parkville,20495,Carlton (Vic.),2026-10-08,3,03-64--5-T5-142612694,tram,64,Melbourne University - East Brighton,19694,Lincoln Square/Swanston St #3,544.30965247,19696,Melbourne University/Swanston St #1,483.99846296,26940,27000,60
unimelb_parkville,20495,Carlton (Vic.),2026-10-08,3,03-64--5-T5-142612695,tram,64,Melbourne University - East Brighton,19694,Lincoln Square/Swanston St #3,544.30965247,19696,Melbourne University/Swanston St #1,483.99846296,27480,27540,60
unimelb_parkville,20495,Carlton (Vic.),2026-10-08,3,03-64--5-T5-142612696,tram,64,Melbourne University - East Brighton,19694,Lincoln Square/Swanston St #3,544.30965247,19696,Melbourne University/Swanston St #1,483.99846296,28200,28260,60
unimelb_parkville,20495,Carlton (Vic.),2026-10-08,3,03-64--5-T5-142612697,tram,64,Melbourne University - East Brighton,19694,Lincoln Square/Swanston St #3,544.30965247,19696,Melbourne University/Swanston St #1,483.99846296,28800,28860,60
unimelb_parkville,20495,Carlton (Vic.),2026-10-08,3,03-64--5-T5-142612698,tram,64,Melbourne University - East Brighton,19694,Lincoln Square/Swanston St #3,544.30965247,19696,Melbourne University/Swanston St #1,483.99846296,29400,29460,60
unimelb_parkville,20495,Carlton (Vic.),2026-10-08,3,03-64--5-T5-142612699,tram,64,Melbourne University - East Brighton,19694,Lincoln Square/Swanston St #3,544.30965247,19696,Melbourne University/Swanston St #1,483.99846296,30000,30060,60
unimelb_parkville,20495,Carlton (Vic.),2026-10-08,3,03-64--5-T5-142612700,tram,64,Melbourne University - East Brighton,19694,Lincoln Square/Swanston St #3,544.30965247,19696,Melbourne University/Swanston St #1,483.99846296,30660,30720,60
unimelb_parkville,20495,Carlton (Vic.),2026-10-08,3,03-64--5-T5-142612701,tram,64,Melbourne University - East Brighton,19694,Lincoln Square/Swanston St #3,544.30965247,19696,Melbourne University/Swanston St #1,483.99846296,31200,31260,60
unimelb_parkville,20495,Carlton (Vic.),2026-10-08,3,03-64--5-T5-142612702,tram,64,Melbourne University - East Brighton,19694,Lincoln Square/Swanston St #3,544.30965247,19696,Melbourne University/Swanston St #1,483.99846296,31740,31800,60
unimelb_parkville,20495,Carlton (Vic.),2026-10-08,3,03-64--5-T5-142612703,tram,64,Melbourne University - East Brighton,19693,Queensberry St/Swanston St #4,786.25614187,19696,Melbourne University/Swanston St #1,483.99846296,32280,32460,180
unimelb_parkville,20495,Carlton (Vic.),2026-10-08,3,03-64--5-T5-142613111,tram,64,Melbourne University - East Brighton,19694,Lincoln Square/Swanston St #3,544.30965247,19696,Melbourne University/Swanston St #1,483.99846296,25740,25800,60
unimelb_parkville,20495,Carlton (Vic.),2026-10-08,3,03-67--5-T5-142612594,tram,67,Melbourne University - Carnegie,19694,Lincoln Square/Swanston St #3,544.30965247,19696,Melbourne University/Swanston St #1,483.99846296,25260,25320,60
unimelb_parkville,20495,Carlton (Vic.),2026-10-08,3,03-67--5-T5-142612595,tram,67,Melbourne University - Carnegie,19694,Lincoln Square/Swanston St #3,544.30965247,19696,Melbourne University/Swanston St #1,483.99846296,26100,26160,60
unimelb_parkville,20495,Carlton (Vic.),2026-10-08,3,03-67--5-T5-142612596,tram,67,Melbourne University - Carnegie,19694,Lincoln Square/Swanston St #3,544.30965247,19696,Melbourne University/Swanston St #1,483.99846296,26820,26880,60
unimelb_parkville,20495,Carlton (Vic.),2026-10-08,3,03-67--5-T5-142612597,tram,67,Melbourne University - Carnegie,19694,Lincoln Square/Swanston St #3,544.30965247,19696,Melbourne University/Swanston St #1,483.99846296,27660,27720,60
unimelb_parkville,20495,Carlton (Vic.),2026-10-08,3,03-67--5-T5-142612598,tram,67,Melbourne University - Carnegie,19694,Lincoln Square/Swanston St #3,544.30965247,19696,Melbourne University/Swanston St #1,483.99846296,28260,28320,60
unimelb_parkville,20495,Carlton (Vic.),2026-10-08,3,03-67--5-T5-142612599,tram,67,Melbourne University - Carnegie,19694,Lincoln Square/Swanston St #3,544.30965247,19696,Melbourne University/Swanston St #1,483.99846296,28920,28980,60
unimelb_parkville,20495,Carlton (Vic.),2026-10-08,3,03-67--5-T5-142612600,tram,67,Melbourne University - Carnegie,19694,Lincoln Square/Swanston St #3,544.30965247,19696,Melbourne University/Swanston St #1,483.99846296,29520,29580,60
unimelb_parkville,20495,Carlton (Vic.),2026-10-08,3,03-67--5-T5-142612601,tram,67,Melbourne University - Carnegie,19694,Lincoln Square/Swanston St #3,544.30965247,19696,Melbourne University/Swanston St #1,483.99846296,30180,30240,60
unimelb_parkville,20495,Carlton (Vic.),2026-10-08,3,03-67--5-T5-142612602,tram,67,Melbourne University - Carnegie,19694,Lincoln Square/Swanston St #3,544.30965247,19696,Melbourne University/Swanston St #1,483.99846296,30720,30780,60
unimelb_parkville,20495,Carlton (Vic.),2026-10-08,3,03-67--5-T5-142612603,tram,67,Melbourne University - Carnegie,19694,Lincoln Square/Swanston St #3,544.30965247,19696,Melbourne University/Swanston St #1,483.99846296,31320,31380,60
unimelb_parkville,20495,Carlton (Vic.),2026-10-08,3,03-67--5-T5-142612604,tram,67,Melbourne University - Carnegie,19694,Lincoln Square/Swanston St #3,544.30965247,19696,Melbourne University/Swanston St #1,483.99846296,31980,32040,60
unimelb_parkville,20495,Carlton (Vic.),2026-10-08,3,03-72--5-T5-142610492,tram,72,Melbourne University - Camberwell,19694,Lincoln Square/Swanston St #3,544.30965247,19696,Melbourne University/Swanston St #1,483.99846296,25560,25620,60
unimelb_parkville,20495,Carlton (Vic.),2026-10-08,3,03-72--5-T5-142610493,tram,72,Melbourne University - Camberwell,19694,Lincoln Square/Swanston St #3,544.30965247,19696,Melbourne University/Swanston St #1,483.99846296,26100,26160,60
unimelb_parkville,20495,Carlton (Vic.),2026-10-08,3,03-72--5-T5-142610494,tram,72,Melbourne University - Camberwell,19694,Lincoln Square/Swanston St #3,544.30965247,19696,Melbourne University/Swanston St #1,483.99846296,26760,26820,60
unimelb_parkville,20495,Carlton (Vic.),2026-10-08,3,03-72--5-T5-142610495,tram,72,Melbourne University - Camberwell,19694,Lincoln Square/Swanston St #3,544.30965247,19696,Melbourne University/Swanston St #1,483.99846296,27540,27600,60
unimelb_parkville,20495,Carlton (Vic.),2026-10-08,3,03-72--5-T5-142610496,tram,72,Melbourne University - Camberwell,19694,Lincoln Square/Swanston St #3,544.30965247,19696,Melbourne University/Swanston St #1,483.99846296,28080,28140,60
unimelb_parkville,20495,Carlton (Vic.),2026-10-08,3,03-72--5-T5-142610497,tram,72,Melbourne University - Camberwell,19694,Lincoln Square/Swanston St #3,544.30965247,19696,Melbourne University/Swanston St #1,483.99846296,28680,28740,60
unimelb_parkville,20495,Carlton (Vic.),2026-10-08,3,03-72--5-T5-142610498,tram,72,Melbourne University - Camberwell,19694,Lincoln Square/Swanston St #3,544.30965247,19696,Melbourne University/Swanston St #1,483.99846296,29280,29340,60
unimelb_parkville,20495,Carlton (Vic.),2026-10-08,3,03-72--5-T5-142610499,tram,72,Melbourne University - Camberwell,19694,Lincoln Square/Swanston St #3,544.30965247,19696,Melbourne University/Swanston St #1,483.99846296,29880,29940,60
unimelb_parkville,20495,Carlton (Vic.),2026-10-08,3,03-72--5-T5-142610500,tram,72,Melbourne University - Camberwell,19694,Lincoln Square/Swanston St #3,544.30965247,19696,Melbourne University/Swanston St #1,483.99846296,30480,30540,60
unimelb_parkville,20495,Carlton (Vic.),2026-10-08,3,03-72--5-T5-142610501,tram,72,Melbourne University - Camberwell,19694,Lincoln Square/Swanston St #3,544.30965247,19696,Melbourne University/Swanston St #1,483.99846296,31140,31200,60
unimelb_parkville,20495,Carlton (Vic.),2026-10-08,3,03-72--5-T5-142610502,tram,72,Melbourne University - Camberwell,19694,Lincoln Square/Swanston St #3,544.30965247,19696,Melbourne University/Swanston St #1,483.99846296,31800,31860,60
unimelb_parkville,20495,Carlton (Vic.),2026-10-08,4,14-200--1-MF76-200571,bus,200,City - Bulleen via Key Junction,957,Argyle Square/Lygon St,373.50110516,942,Elgin St/Lygon St,531.42605297,27240,27420,180
unimelb_parkville,20495,Carlton (Vic.),2026-10-08,4,14-200--1-MF76-200574,bus,200,City - Bulleen via Key Junction,957,Argyle Square/Lygon St,373.50110516,942,Elgin St/Lygon St,531.42605297,31860,32040,180
unimelb_parkville,20495,Carlton (Vic.),2026-10-08,4,14-200--1-MF76-200575,bus,200,City - Bulleen via Key Junction,957,Argyle Square/Lygon St,373.50110516,942,Elgin St/Lygon St,531.42605297,29400,29580,180
unimelb_parkville,20495,Carlton (Vic.),2026-10-08,4,14-200--1-MF76-200579,bus,200,City - Bulleen via Key Junction,957,Argyle Square/Lygon St,373.50110516,942,Elgin St/Lygon St,531.42605297,26640,26760,120
unimelb_parkville,20495,Carlton (Vic.),2026-10-08,4,14-200--1-MF76-200593,bus,200,City - Bulleen via Key Junction,957,Argyle Square/Lygon St,373.50110516,942,Elgin St/Lygon St,531.42605297,25680,25800,120
unimelb_parkville,20495,Carlton (Vic.),2026-10-08,4,14-200--1-MF76-200597,bus,200,City - Bulleen via Key Junction,957,Argyle Square/Lygon St,373.50110516,942,Elgin St/Lygon St,531.42605297,28140,28320,180
unimelb_parkville,20495,Carlton (Vic.),2026-10-08,4,14-200--1-MF76-200598,bus,200,City - Bulleen via Key Junction,957,Argyle Square/Lygon St,373.50110516,942,Elgin St/Lygon St,531.42605297,30660,30840,180
unimelb_parkville,20495,Carlton (Vic.),2026-10-08,4,14-200--1-MF76-200911,bus,200,City - Bulleen via Key Junction,1880,Rathdowne St/Elgin St,309.179181,2111,Lygon St/Elgin St,562.77291469,31620,31680,60
unimelb_parkville,20495,Carlton (Vic.),2026-10-08,4,14-207--1-MF76-208071,bus,207,City - Doncaster Shopping Centre via Kew Junction,1880,Rathdowne St/Elgin St,309.179181,2111,Lygon St/Elgin St,562.77291469,25560,25620,60
unimelb_parkville,20495,Carlton (Vic.),2026-10-08,4,14-207--1-MF76-208090,bus,207,City - Doncaster Shopping Centre via Kew Junction,1880,Rathdowne St/Elgin St,309.179181,2111,Lygon St/Elgin St,562.77291469,29760,29820,60
unimelb_parkville,20495,Carlton (Vic.),2026-10-08,4,14-207--1-MF76-208091,bus,207,City - Doncaster Shopping Centre via Kew Junction,1880,Rathdowne St/Elgin St,309.179181,2111,Lygon St/Elgin St,562.77291469,31980,32040,60
unimelb_parkville,20495,Carlton (Vic.),2026-10-08,4,14-207--1-MF76-208098,bus,207,City - Doncaster Shopping Centre via Kew Junction,1880,Rathdowne St/Elgin St,309.179181,2111,Lygon St/Elgin St,562.77291469,26940,27000,60
unimelb_parkville,20495,Carlton (Vic.),2026-10-08,4,14-207--1-MF76-208272,bus,207,City - Doncaster Shopping Centre via Kew Junction,957,Argyle Square/Lygon St,373.50110516,942,Elgin St/Lygon St,531.42605297,26940,27060,120
unimelb_parkville,20495,Carlton (Vic.),2026-10-08,4,14-207--1-MF76-208286,bus,207,City - Doncaster Shopping Centre via Kew Junction,957,Argyle Square/Lygon St,373.50110516,942,Elgin St/Lygon St,531.42605297,27540,27720,180
unimelb_parkville,20495,Carlton (Vic.),2026-10-08,4,14-207--1-MF76-208290,bus,207,City - Doncaster Shopping Centre via Kew Junction,957,Argyle Square/Lygon St,373.50110516,942,Elgin St/Lygon St,531.42605297,31260,31440,180
unimelb_parkville,20495,Carlton (Vic.),2026-10-08,4,14-207--1-MF76-208295,bus,207,City - Doncaster Shopping Centre via Kew Junction,957,Argyle Square/Lygon St,373.50110516,942,Elgin St/Lygon St,531.42605297,30060,30240,180
unimelb_parkville,20495,Carlton (Vic.),2026-10-08,4,14-207--1-MF76-208297,bus,207,City - Doncaster Shopping Centre via Kew Junction,959,Queensberry St/Lygon St,636.3662675,942,Elgin St/Lygon St,531.42605297,32340,32640,300
unimelb_parkville,20495,Carlton (Vic.),2026-10-08,4,14-207--1-MF76-208304,bus,207,City - Doncaster Shopping Centre via Kew Junction,957,Argyle Square/Lygon St,373.50110516,942,Elgin St/Lygon St,531.42605297,28740,28920,180
unimelb_parkville,20495,Carlton (Vic.),2026-10-08,4,17-200--1-MF62-200810,bus,200,City - Bulleen via Key Junction,1880,Rathdowne St/Elgin St,309.179181,2111,Lygon St/Elgin St,562.77291469,29220,29280,60
unimelb_parkville,20495,Carlton (Vic.),2026-10-08,4,17-200--1-MF62-200812,bus,200,City - Bulleen via Key Junction,1880,Rathdowne St/Elgin St,309.179181,2111,Lygon St/Elgin St,562.77291469,30120,30180,60
unimelb_parkville,20495,Carlton (Vic.),2026-10-08,4,17-200--1-MF62-200813,bus,200,City - Bulleen via Key Junction,1880,Rathdowne St/Elgin St,309.179181,2111,Lygon St/Elgin St,562.77291469,26340,26400,60
unimelb_parkville,20495,Carlton (Vic.),2026-10-08,4,17-200--1-MF62-200816,bus,200,City - Bulleen via Key Junction,1880,Rathdowne St/Elgin St,309.179181,2111,Lygon St/Elgin St,562.77291469,27600,27660,60
unimelb_parkville,20495,Carlton (Vic.),2026-10-08,4,17-200--1-MF62-200821,bus,200,City - Bulleen via Key Junction,1880,Rathdowne St/Elgin St,309.179181,2111,Lygon St/Elgin St,562.77291469,28440,28500,60
unimelb_parkville,20495,Carlton (Vic.),2026-10-08,4,17-207--1-MF62-207146,bus,207,City - Doncaster Shopping Centre via Kew Junction,1880,Rathdowne St/Elgin St,309.179181,2111,Lygon St/Elgin St,562.77291469,30780,30840,60
unimelb_parkville,20495,Carlton (Vic.),2026-10-08,4,17-207--1-MF62-207147,bus,207,City - Doncaster Shopping Centre via Kew Junction,1880,Rathdowne St/Elgin St,309.179181,2111,Lygon St/Elgin St,562.77291469,28020,28080,60
unimelb_parkville,20495,Carlton (Vic.),2026-10-08,4,17-207--1-MF62-207151,bus,207,City - Doncaster Shopping Centre via Kew Junction,1880,Rathdowne St/Elgin St,309.179181,2111,Lygon St/Elgin St,562.77291469,28680,28740,60
unimelb_parkville,20495,Carlton (Vic.),2026-10-08,4,17-250--1-MF62-250207,bus,250,City (Queen St) - La Trobe University via Clifton Hill,347,Grattan St/Rathdowne St,84.00891917,349,Kay St/Rathdowne St,732.35858196,28500,28620,120
unimelb_parkville,20495,Carlton (Vic.),2026-10-08,4,17-250--1-MF62-250243,bus,250,City (Queen St) - La Trobe University via Clifton Hill,347,Grattan St/Rathdowne St,84.00891917,349,Kay St/Rathdowne St,732.35858196,32220,32400,180
unimelb_parkville,20495,Carlton (Vic.),2026-10-08,4,17-250--1-MF62-250248,bus,250,City (Queen St) - La Trobe University via Clifton Hill,347,Grattan St/Rathdowne St,84.00891917,349,Kay St/Rathdowne St,732.35858196,29820,30000,180
unimelb_parkville,20495,Carlton (Vic.),2026-10-08,4,17-250--1-MF62-250253,bus,250,City (Queen St) - La Trobe University via Clifton Hill,347,Grattan St/Rathdowne St,84.00891917,349,Kay St/Rathdowne St,732.35858196,31020,31200,180
unimelb_parkville,20495,Carlton (Vic.),2026-10-08,4,17-250--1-MF62-250254,bus,250,City (Queen St) - La Trobe University via Clifton Hill,347,Grattan St/Rathdowne St,84.00891917,349,Kay St/Rathdowne St,732.35858196,26100,26220,120
unimelb_parkville,20495,Carlton (Vic.),2026-10-08,4,17-250--1-MF62-250257,bus,250,City (Queen St) - La Trobe University via Clifton Hill,347,Grattan St/Rathdowne St,84.00891917,349,Kay St/Rathdowne St,732.35858196,27300,27420,120
unimelb_parkville,20495,Carlton (Vic.),2026-10-08,4,17-251--1-MF62-251837,bus,251,City (Queen St) - Northland Shopping Centre via Clifton Hill,347,Grattan St/Rathdowne St,84.00891917,349,Kay St/Rathdowne St,732.35858196,27900,28020,120
unimelb_parkville,20495,Carlton (Vic.),2026-10-08,4,17-251--1-MF62-251857,bus,251,City (Queen St) - Northland Shopping Centre via Clifton Hill,347,Grattan St/Rathdowne St,84.00891917,349,Kay St/Rathdowne St,732.35858196,31620,31800,180
unimelb_parkville,20495,Carlton (Vic.),2026-10-08,4,17-251--1-MF62-251864,bus,251,City (Queen St) - Northland Shopping Centre via Clifton Hill,347,Grattan St/Rathdowne St,84.00891917,349,Kay St/Rathdowne St,732.35858196,29100,29220,120
unimelb_parkville,20495,Carlton (Vic.),2026-10-08,4,17-251--1-MF62-251865,bus,251,City (Queen St) - Northland Shopping Centre via Clifton Hill,347,Grattan St/Rathdowne St,84.00891917,349,Kay St/Rathdowne St,732.35858196,25380,25500,120
unimelb_parkville,20495,Carlton (Vic.),2026-10-08,4,17-251--1-MF62-251867,bus,251,City (Queen St) - Northland Shopping Centre via Clifton Hill,347,Grattan St/Rathdowne St,84.00891917,349,Kay St/Rathdowne St,732.35858196,30420,30600,180
unimelb_parkville,20495,Carlton (Vic.),2026-10-08,4,17-251--1-MF62-251874,bus,251,City (Queen St) - Northland Shopping Centre via Clifton Hill,347,Grattan St/Rathdowne St,84.00891917,349,Kay St/Rathdowne St,732.35858196,26700,26820,120
unimelb_parkville,20495,Carlton (Vic.),2026-10-08,4,17-305--1-MF62-207130,bus,305,City - The Pines SC via Eastern Fwy and George St,957,Argyle Square/Lygon St,373.50110516,942,Elgin St/Lygon St,531.42605297,26280,26400,120
unimelb_parkville,20495,Carlton (Vic.),2026-10-08,4,53-241--1-MF15-10000457,bus,241,North Melbourne Station - Yarra Bend Park,1781,Nicholson St/Elgin St,500.45603235,28674,Melbourne University/Grattan St,627.0334,30180,30660,480
unimelb_parkville,20495,Carlton (Vic.),2026-10-08,4,53-241--1-MF15-10000789,bus,241,North Melbourne Station - Yarra Bend Park,1781,Nicholson St/Elgin St,500.45603235,28674,Melbourne University/Grattan St,627.0334,27180,27660,480
unimelb_parkville,20495,Carlton (Vic.),2026-10-08,4,53-241--1-MF15-10000793,bus,241,North Melbourne Station - Yarra Bend Park,1781,Nicholson St/Elgin St,500.45603235,28674,Melbourne University/Grattan St,627.0334,31980,32460,480
unimelb_parkville,20495,Carlton (Vic.),2026-10-08,4,53-241--1-MF15-10000893,bus,241,North Melbourne Station - Yarra Bend Park,1781,Nicholson St/Elgin St,500.45603235,28674,Melbourne University/Grattan St,627.0334,25980,26460,480
unimelb_parkville,20495,Carlton (Vic.),2026-10-08,4,53-241--1-MF15-10000897,bus,241,North Melbourne Station - Yarra Bend Park,1781,Nicholson St/Elgin St,500.45603235,28674,Melbourne University/Grattan St,627.0334,30780,31260,480
unimelb_parkville,20495,Carlton (Vic.),2026-10-08,4,53-241--1-MF15-10001119,bus,241,North Melbourne Station - Yarra Bend Park,1781,Nicholson St/Elgin St,500.45603235,28674,Melbourne University/Grattan St,627.0334,29580,30060,480
unimelb_parkville,20495,Carlton (Vic.),2026-10-08,4,53-241--1-MF15-10001323,bus,241,North Melbourne Station - Yarra Bend Park,1781,Nicholson St/Elgin St,500.45603235,28674,Melbourne University/Grattan St,627.0334,27780,28260,480
unimelb_parkville,20495,Carlton (Vic.),2026-10-08,4,53-241--1-MF15-10001391,bus,241,North Melbourne Station - Yarra Bend Park,1781,Nicholson St/Elgin St,500.45603235,28674,Melbourne University/Grattan St,627.0334,28980,29460,480
unimelb_parkville,20495,Carlton (Vic.),2026-10-08,4,53-241--1-MF15-10001455,bus,241,North Melbourne Station - Yarra Bend Park,1781,Nicholson St/Elgin St,500.45603235,28674,Melbourne University/Grattan St,627.0334,28380,28860,480
unimelb_parkville,20495,Carlton (Vic.),2026-10-08,4,53-241--1-MF15-10001498,bus,241,North Melbourne Station - Yarra Bend Park,1781,Nicholson St/Elgin St,500.45603235,28674,Melbourne University/Grattan St,627.0334,26580,27060,480
unimelb_parkville,20495,Carlton (Vic.),2026-10-08,4,53-241--1-MF15-10001502,bus,241,North Melbourne Station - Yarra Bend Park,1781,Nicholson St/Elgin St,500.45603235,28674,Melbourne University/Grattan St,627.0334,31380,31860,480
unimelb_parkville,20495,Carlton (Vic.),2026-10-08,4,53-402--1-MF17-10000106,bus,402,Footscray Station - East Melbourne via North Melbourne,7467,Rathdowne St/Grattan St,112.33600891,28675,Melbourne University/Grattan St,623.09523012,26580,26820,240
unimelb_parkville,20495,Carlton (Vic.),2026-10-08,4,53-402--1-MF17-10000140,bus,402,Footscray Station - East Melbourne via North Melbourne,7467,Rathdowne St/Grattan St,112.33600891,28675,Melbourne University/Grattan St,623.09523012,27840,28140,300
unimelb_parkville,20495,Carlton (Vic.),2026-10-08,4,53-402--1-MF17-10000653,bus,402,Footscray Station - East Melbourne via North Melbourne,7467,Rathdowne St/Grattan St,112.33600891,28675,Melbourne University/Grattan St,623.09523012,30540,30900,360
unimelb_parkville,20495,Carlton (Vic.),2026-10-08,4,53-402--1-MF17-10000712,bus,402,Footscray Station - East Melbourne via North Melbourne,7467,Rathdowne St/Grattan St,112.33600891,28675,Melbourne University/Grattan St,623.09523012,25860,26100,240
unimelb_parkville,20495,Carlton (Vic.),2026-10-08,4,53-402--1-MF17-10000714,bus,402,Footscray Station - East Melbourne via North Melbourne,7467,Rathdowne St/Grattan St,112.33600891,28675,Melbourne University/Grattan St,623.09523012,31980,32340,360
unimelb_parkville,20495,Carlton (Vic.),2026-10-08,4,53-402--1-MF17-10000870,bus,402,Footscray Station - East Melbourne via North Melbourne,7467,Rathdowne St/Grattan St,112.33600891,28675,Melbourne University/Grattan St,623.09523012,25260,25500,240
unimelb_parkville,20495,Carlton (Vic.),2026-10-08,4,53-402--1-MF17-10000872,bus,402,Footscray Station - East Melbourne via North Melbourne,7467,Rathdowne St/Grattan St,112.33600891,28675,Melbourne University/Grattan St,623.09523012,31260,31620,360
unimelb_parkville,20495,Carlton (Vic.),2026-10-08,4,53-402--1-MF17-10001223,bus,402,Footscray Station - East Melbourne via North Melbourne,7467,Rathdowne St/Grattan St,112.33600891,28675,Melbourne University/Grattan St,623.09523012,28560,28860,300
unimelb_parkville,20495,Carlton (Vic.),2026-10-08,4,53-402--1-MF17-10001379,bus,402,Footscray Station - East Melbourne via North Melbourne,7467,Rathdowne St/Grattan St,112.33600891,28675,Melbourne University/Grattan St,623.09523012,29220,29580,360
unimelb_parkville,20495,Carlton (Vic.),2026-10-08,4,53-402--1-MF17-10001427,bus,402,Footscray Station - East Melbourne via North Melbourne,7467,Rathdowne St/Grattan St,112.33600891,28675,Melbourne University/Grattan St,623.09523012,27120,27360,240
unimelb_parkville,20495,Carlton (Vic.),2026-10-08,4,53-402--1-MF17-10001655,bus,402,Footscray Station - East Melbourne via North Melbourne,7467,Rathdowne St/Grattan St,112.33600891,28675,Melbourne University/Grattan St,623.09523012,29820,30180,360
unimelb_parkville,20496,Carlton North,2026-10-08,3,03-1--5-T5-142610602,tram,1,East Coburg - South Melbourne Beach,19344,Fenwick St/Lygon St #116,193.60084224,19340,Lygon St/Elgin St #112,433.40633246,25740,25980,240
unimelb_parkville,20496,Carlton North,2026-10-08,3,03-1--5-T5-142610603,tram,1,East Coburg - South Melbourne Beach,19344,Fenwick St/Lygon St #116,193.60084224,19340,Lygon St/Elgin St #112,433.40633246,26280,26520,240
unimelb_parkville,20496,Carlton North,2026-10-08,3,03-1--5-T5-142610604,tram,1,East Coburg - South Melbourne Beach,19344,Fenwick St/Lygon St #116,193.60084224,19340,Lygon St/Elgin St #112,433.40633246,26820,27060,240
unimelb_parkville,20496,Carlton North,2026-10-08,3,03-1--5-T5-142610605,tram,1,East Coburg - South Melbourne Beach,19344,Fenwick St/Lygon St #116,193.60084224,19340,Lygon St/Elgin St #112,433.40633246,27300,27540,240
unimelb_parkville,20496,Carlton North,2026-10-08,3,03-1--5-T5-142610606,tram,1,East Coburg - South Melbourne Beach,19344,Fenwick St/Lygon St #116,193.60084224,19340,Lygon St/Elgin St #112,433.40633246,27780,28020,240
unimelb_parkville,20496,Carlton North,2026-10-08,3,03-1--5-T5-142610607,tram,1,East Coburg - South Melbourne Beach,19344,Fenwick St/Lygon St #116,193.60084224,19340,Lygon St/Elgin St #112,433.40633246,28200,28440,240
unimelb_parkville,20496,Carlton North,2026-10-08,3,03-1--5-T5-142610608,tram,1,East Coburg - South Melbourne Beach,19344,Fenwick St/Lygon St #116,193.60084224,19340,Lygon St/Elgin St #112,433.40633246,28680,28920,240
unimelb_parkville,20496,Carlton North,2026-10-08,3,03-1--5-T5-142610609,tram,1,East Coburg - South Melbourne Beach,19344,Fenwick St/Lygon St #116,193.60084224,19340,Lygon St/Elgin St #112,433.40633246,29040,29280,240
unimelb_parkville,20496,Carlton North,2026-10-08,3,03-1--5-T5-142610610,tram,1,East Coburg - South Melbourne Beach,19344,Fenwick St/Lygon St #116,193.60084224,19340,Lygon St/Elgin St #112,433.40633246,29400,29640,240
unimelb_parkville,20496,Carlton North,2026-10-08,3,03-1--5-T5-142610611,tram,1,East Coburg - South Melbourne Beach,19344,Fenwick St/Lygon St #116,193.60084224,19340,Lygon St/Elgin St #112,433.40633246,29760,30000,240
unimelb_parkville,20496,Carlton North,2026-10-08,3,03-1--5-T5-142610612,tram,1,East Coburg - South Melbourne Beach,19344,Fenwick St/Lygon St #116,193.60084224,19340,Lygon St/Elgin St #112,433.40633246,30120,30360,240
unimelb_parkville,20496,Carlton North,2026-10-08,3,03-1--5-T5-142610613,tram,1,East Coburg - South Melbourne Beach,19344,Fenwick St/Lygon St #116,193.60084224,19340,Lygon St/Elgin St #112,433.40633246,30480,30720,240
unimelb_parkville,20496,Carlton North,2026-10-08,3,03-1--5-T5-142610614,tram,1,East Coburg - South Melbourne Beach,19344,Fenwick St/Lygon St #116,193.60084224,19340,Lygon St/Elgin St #112,433.40633246,30840,31080,240
unimelb_parkville,20496,Carlton North,2026-10-08,3,03-1--5-T5-142610615,tram,1,East Coburg - South Melbourne Beach,19344,Fenwick St/Lygon St #116,193.60084224,19340,Lygon St/Elgin St #112,433.40633246,31200,31440,240
unimelb_parkville,20496,Carlton North,2026-10-08,3,03-1--5-T5-142610616,tram,1,East Coburg - South Melbourne Beach,19344,Fenwick St/Lygon St #116,193.60084224,19340,Lygon St/Elgin St #112,433.40633246,31560,31800,240
unimelb_parkville,20496,Carlton North,2026-10-08,3,03-1--5-T5-142610617,tram,1,East Coburg - South Melbourne Beach,19344,Fenwick St/Lygon St #116,193.60084224,19340,Lygon St/Elgin St #112,433.40633246,31920,32160,240
unimelb_parkville,20496,Carlton North,2026-10-08,3,03-1--5-T5-142610618,tram,1,East Coburg - South Melbourne Beach,19344,Fenwick St/Lygon St #116,193.60084224,19340,Lygon St/Elgin St #112,433.40633246,32340,32580,240
unimelb_parkville,20496,Carlton North,2026-10-08,3,03-1--5-T5-142611852,tram,1,East Coburg - South Melbourne Beach,19344,Fenwick St/Lygon St #116,193.60084224,19340,Lygon St/Elgin St #112,433.40633246,25320,25560,240
unimelb_parkville,20496,Carlton North,2026-10-08,3,03-19--5-T5-142611903,tram,19,North Coburg - Flinders Street Station,17330,Walker St/Royal Pde #16,774.50590901,17334,Morrah St/Royal Pde #12,393.40118373,25320,25560,240
unimelb_parkville,20496,Carlton North,2026-10-08,3,03-19--5-T5-142611904,tram,19,North Coburg - Flinders Street Station,17330,Walker St/Royal Pde #16,774.50590901,17334,Morrah St/Royal Pde #12,393.40118373,25680,25920,240
unimelb_parkville,20496,Carlton North,2026-10-08,3,03-19--5-T5-142611905,tram,19,North Coburg - Flinders Street Station,17330,Walker St/Royal Pde #16,774.50590901,17334,Morrah St/Royal Pde #12,393.40118373,26040,26280,240
unimelb_parkville,20496,Carlton North,2026-10-08,3,03-19--5-T5-142611906,tram,19,North Coburg - Flinders Street Station,17330,Walker St/Royal Pde #16,774.50590901,17334,Morrah St/Royal Pde #12,393.40118373,26400,26640,240
unimelb_parkville,20496,Carlton North,2026-10-08,3,03-19--5-T5-142611907,tram,19,North Coburg - Flinders Street Station,17330,Walker St/Royal Pde #16,774.50590901,17334,Morrah St/Royal Pde #12,393.40118373,26700,27000,300
unimelb_parkville,20496,Carlton North,2026-10-08,3,03-19--5-T5-142611908,tram,19,North Coburg - Flinders Street Station,17330,Walker St/Royal Pde #16,774.50590901,17334,Morrah St/Royal Pde #12,393.40118373,27000,27300,300
unimelb_parkville,20496,Carlton North,2026-10-08,3,03-19--5-T5-142611909,tram,19,North Coburg - Flinders Street Station,17330,Walker St/Royal Pde #16,774.50590901,17334,Morrah St/Royal Pde #12,393.40118373,27360,27660,300
unimelb_parkville,20496,Carlton North,2026-10-08,3,03-19--5-T5-142611910,tram,19,North Coburg - Flinders Street Station,17330,Walker St/Royal Pde #16,774.50590901,17334,Morrah St/Royal Pde #12,393.40118373,27720,28020,300
unimelb_parkville,20496,Carlton North,2026-10-08,3,03-19--5-T5-142611911,tram,19,North Coburg - Flinders Street Station,17330,Walker St/Royal Pde #16,774.50590901,17334,Morrah St/Royal Pde #12,393.40118373,28020,28320,300
unimelb_parkville,20496,Carlton North,2026-10-08,3,03-19--5-T5-142611912,tram,19,North Coburg - Flinders Street Station,17330,Walker St/Royal Pde #16,774.50590901,17334,Morrah St/Royal Pde #12,393.40118373,28320,28620,300
unimelb_parkville,20496,Carlton North,2026-10-08,3,03-19--5-T5-142611913,tram,19,North Coburg - Flinders Street Station,17330,Walker St/Royal Pde #16,774.50590901,17334,Morrah St/Royal Pde #12,393.40118373,28680,28980,300
unimelb_parkville,20496,Carlton North,2026-10-08,3,03-19--5-T5-142611914,tram,19,North Coburg - Flinders Street Station,17330,Walker St/Royal Pde #16,774.50590901,17334,Morrah St/Royal Pde #12,393.40118373,29040,29340,300
unimelb_parkville,20496,Carlton North,2026-10-08,3,03-19--5-T5-142611915,tram,19,North Coburg - Flinders Street Station,17330,Walker St/Royal Pde #16,774.50590901,17334,Morrah St/Royal Pde #12,393.40118373,29400,29700,300
unimelb_parkville,20496,Carlton North,2026-10-08,3,03-19--5-T5-142611916,tram,19,North Coburg - Flinders Street Station,17330,Walker St/Royal Pde #16,774.50590901,17334,Morrah St/Royal Pde #12,393.40118373,29640,29940,300
unimelb_parkville,20496,Carlton North,2026-10-08,3,03-19--5-T5-142611917,tram,19,North Coburg - Flinders Street Station,17330,Walker St/Royal Pde #16,774.50590901,17334,Morrah St/Royal Pde #12,393.40118373,29940,30240,300
unimelb_parkville,20496,Carlton North,2026-10-08,3,03-19--5-T5-142611918,tram,19,North Coburg - Flinders Street Station,17330,Walker St/Royal Pde #16,774.50590901,17334,Morrah St/Royal Pde #12,393.40118373,30180,30480,300
unimelb_parkville,20496,Carlton North,2026-10-08,3,03-19--5-T5-142611919,tram,19,North Coburg - Flinders Street Station,17330,Walker St/Royal Pde #16,774.50590901,17334,Morrah St/Royal Pde #12,393.40118373,30480,30780,300
unimelb_parkville,20496,Carlton North,2026-10-08,3,03-19--5-T5-142611920,tram,19,North Coburg - Flinders Street Station,17330,Walker St/Royal Pde #16,774.50590901,17334,Morrah St/Royal Pde #12,393.40118373,30660,30960,300
unimelb_parkville,20496,Carlton North,2026-10-08,3,03-19--5-T5-142611921,tram,19,North Coburg - Flinders Street Station,17330,Walker St/Royal Pde #16,774.50590901,17334,Morrah St/Royal Pde #12,393.40118373,30900,31200,300
unimelb_parkville,20496,Carlton North,2026-10-08,3,03-19--5-T5-142611922,tram,19,North Coburg - Flinders Street Station,17330,Walker St/Royal Pde #16,774.50590901,17334,Morrah St/Royal Pde #12,393.40118373,31200,31500,300
unimelb_parkville,20496,Carlton North,2026-10-08,3,03-19--5-T5-142611923,tram,19,North Coburg - Flinders Street Station,17330,Walker St/Royal Pde #16,774.50590901,17334,Morrah St/Royal Pde #12,393.40118373,31440,31740,300
unimelb_parkville,20496,Carlton North,2026-10-08,3,03-19--5-T5-142611924,tram,19,North Coburg - Flinders Street Station,17330,Walker St/Royal Pde #16,774.50590901,17334,Morrah St/Royal Pde #12,393.40118373,31680,31980,300
unimelb_parkville,20496,Carlton North,2026-10-08,3,03-19--5-T5-142611925,tram,19,North Coburg - Flinders Street Station,17330,Walker St/Royal Pde #16,774.50590901,17334,Morrah St/Royal Pde #12,393.40118373,31860,32160,300
unimelb_parkville,20496,Carlton North,2026-10-08,3,03-19--5-T5-142611926,tram,19,North Coburg - Flinders Street Station,17330,Walker St/Royal Pde #16,774.50590901,17334,Morrah St/Royal Pde #12,393.40118373,32100,32400,300
unimelb_parkville,20496,Carlton North,2026-10-08,3,03-19--5-T5-142611927,tram,19,North Coburg - Flinders Street Station,17330,Walker St/Royal Pde #16,774.50590901,17334,Morrah St/Royal Pde #12,393.40118373,32340,32640,300
unimelb_parkville,20496,Carlton North,2026-10-08,3,03-6--5-T5-142611603,tram,6,Moreland - Glen Iris,19344,Fenwick St/Lygon St #116,193.60084224,19340,Lygon St/Elgin St #112,433.40633246,25440,25680,240
unimelb_parkville,20496,Carlton North,2026-10-08,3,03-6--5-T5-142611605,tram,6,Moreland - Glen Iris,19344,Fenwick St/Lygon St #116,193.60084224,19340,Lygon St/Elgin St #112,433.40633246,25980,26220,240
unimelb_parkville,20496,Carlton North,2026-10-08,3,03-6--5-T5-142611607,tram,6,Moreland - Glen Iris,19344,Fenwick St/Lygon St #116,193.60084224,19340,Lygon St/Elgin St #112,433.40633246,26580,26820,240
unimelb_parkville,20496,Carlton North,2026-10-08,3,03-6--5-T5-142611609,tram,6,Moreland - Glen Iris,19344,Fenwick St/Lygon St #116,193.60084224,19340,Lygon St/Elgin St #112,433.40633246,27120,27360,240
unimelb_parkville,20496,Carlton North,2026-10-08,3,03-6--5-T5-142611612,tram,6,Moreland - Glen Iris,19344,Fenwick St/Lygon St #116,193.60084224,19340,Lygon St/Elgin St #112,433.40633246,27480,27720,240
unimelb_parkville,20496,Carlton North,2026-10-08,3,03-6--5-T5-142611614,tram,6,Moreland - Glen Iris,19344,Fenwick St/Lygon St #116,193.60084224,19340,Lygon St/Elgin St #112,433.40633246,27960,28200,240
unimelb_parkville,20496,Carlton North,2026-10-08,3,03-6--5-T5-142611615,tram,6,Moreland - Glen Iris,19344,Fenwick St/Lygon St #116,193.60084224,19340,Lygon St/Elgin St #112,433.40633246,28500,28740,240
unimelb_parkville,20496,Carlton North,2026-10-08,3,03-6--5-T5-142611619,tram,6,Moreland - Glen Iris,19344,Fenwick St/Lygon St #116,193.60084224,19340,Lygon St/Elgin St #112,433.40633246,28860,29100,240
unimelb_parkville,20496,Carlton North,2026-10-08,3,03-6--5-T5-142611621,tram,6,Moreland - Glen Iris,19344,Fenwick St/Lygon St #116,193.60084224,19340,Lygon St/Elgin St #112,433.40633246,29220,29460,240
unimelb_parkville,20496,Carlton North,2026-10-08,3,03-6--5-T5-142611624,tram,6,Moreland - Glen Iris,19344,Fenwick St/Lygon St #116,193.60084224,19340,Lygon St/Elgin St #112,433.40633246,29580,29820,240
unimelb_parkville,20496,Carlton North,2026-10-08,3,03-6--5-T5-142611625,tram,6,Moreland - Glen Iris,19344,Fenwick St/Lygon St #116,193.60084224,19340,Lygon St/Elgin St #112,433.40633246,29940,30180,240
unimelb_parkville,20496,Carlton North,2026-10-08,3,03-6--5-T5-142611628,tram,6,Moreland - Glen Iris,19344,Fenwick St/Lygon St #116,193.60084224,19340,Lygon St/Elgin St #112,433.40633246,30300,30540,240
unimelb_parkville,20496,Carlton North,2026-10-08,3,03-6--5-T5-142611631,tram,6,Moreland - Glen Iris,19344,Fenwick St/Lygon St #116,193.60084224,19340,Lygon St/Elgin St #112,433.40633246,30660,30900,240
unimelb_parkville,20496,Carlton North,2026-10-08,3,03-6--5-T5-142611632,tram,6,Moreland - Glen Iris,19344,Fenwick St/Lygon St #116,193.60084224,19340,Lygon St/Elgin St #112,433.40633246,31020,31260,240
unimelb_parkville,20496,Carlton North,2026-10-08,3,03-6--5-T5-142611633,tram,6,Moreland - Glen Iris,19344,Fenwick St/Lygon St #116,193.60084224,19340,Lygon St/Elgin St #112,433.40633246,31380,31620,240
unimelb_parkville,20496,Carlton North,2026-10-08,3,03-6--5-T5-142611634,tram,6,Moreland - Glen Iris,19344,Fenwick St/Lygon St #116,193.60084224,19340,Lygon St/Elgin St #112,433.40633246,31740,31980,240
unimelb_parkville,20496,Carlton North,2026-10-08,3,03-6--5-T5-142611635,tram,6,Moreland - Glen Iris,19344,Fenwick St/Lygon St #116,193.60084224,19340,Lygon St/Elgin St #112,433.40633246,32100,32340,240
unimelb_parkville,20496,Carlton North,2026-10-08,4,17-250--1-MF62-251131,bus,250,City (Queen St) - La Trobe University via Clifton Hill,662,Fenwick St/Rathdowne St,413.86265781,659,Pitt St/Rathdowne St,751.32998287,27420,27600,180
unimelb_parkville,20496,Carlton North,2026-10-08,4,17-250--1-MF62-251147,bus,250,City (Queen St) - La Trobe University via Clifton Hill,662,Fenwick St/Rathdowne St,413.86265781,659,Pitt St/Rathdowne St,751.32998287,31200,31560,360
unimelb_parkville,20496,Carlton North,2026-10-08,4,17-250--1-MF62-251148,bus,250,City (Queen St) - La Trobe University via Clifton Hill,662,Fenwick St/Rathdowne St,413.86265781,659,Pitt St/Rathdowne St,751.32998287,28500,28800,300
unimelb_parkville,20496,Carlton North,2026-10-08,4,17-250--1-MF62-251151,bus,250,City (Queen St) - La Trobe University via Clifton Hill,662,Fenwick St/Rathdowne St,413.86265781,659,Pitt St/Rathdowne St,751.32998287,26100,26280,180
unimelb_parkville,20496,Carlton North,2026-10-08,4,17-250--1-MF62-251152,bus,250,City (Queen St) - La Trobe University via Clifton Hill,663,Richardson St/Rathdowne St,435.26069089,659,Pitt St/Rathdowne St,751.32998287,32220,32760,540
unimelb_parkville,20496,Carlton North,2026-10-08,4,17-250--1-MF62-251167,bus,250,City (Queen St) - La Trobe University via Clifton Hill,662,Fenwick St/Rathdowne St,413.86265781,659,Pitt St/Rathdowne St,751.32998287,29880,30240,360
unimelb_parkville,20496,Carlton North,2026-10-08,4,17-251--1-MF62-251168,bus,251,City (Queen St) - Northland Shopping Centre via Clifton Hill,662,Fenwick St/Rathdowne St,413.86265781,659,Pitt St/Rathdowne St,751.32998287,25800,26040,240
unimelb_parkville,20496,Carlton North,2026-10-08,4,17-251--1-MF62-251192,bus,251,City (Queen St) - Northland Shopping Centre via Clifton Hill,662,Fenwick St/Rathdowne St,413.86265781,659,Pitt St/Rathdowne St,751.32998287,30240,30660,420
unimelb_parkville,20496,Carlton North,2026-10-08,4,17-251--1-MF62-251196,bus,251,City (Queen St) - Northland Shopping Centre via Clifton Hill,662,Fenwick St/Rathdowne St,413.86265781,659,Pitt St/Rathdowne St,751.32998287,31440,31860,420
unimelb_parkville,20496,Carlton North,2026-10-08,4,17-251--1-MF62-251197,bus,251,City (Queen St) - Northland Shopping Centre via Clifton Hill,662,Fenwick St/Rathdowne St,413.86265781,659,Pitt St/Rathdowne St,751.32998287,27180,27420,240
unimelb_parkville,20496,Carlton North,2026-10-08,4,17-251--1-MF62-251204,bus,251,City (Queen St) - Northland Shopping Centre via Clifton Hill,662,Fenwick St/Rathdowne St,413.86265781,659,Pitt St/Rathdowne St,751.32998287,28800,29100,300
unimelb_parkville,20496,Carlton North,2026-10-08,4,37-505--1-MF96-505857,bus,505,Moonee Ponds - Melbourne University via Parkville Gardens,45653,Princes Park/Royal Pde,758.81726696,46460,Trinity College/Royal Pde,394.86602744,31560,31920,360
unimelb_parkville,20496,Carlton North,2026-10-08,4,37-505--1-MF96-505860,bus,505,Moonee Ponds - Melbourne University via Parkville Gardens,45653,Princes Park/Royal Pde,758.81726696,46460,Trinity College/Royal Pde,394.86602744,25620,25920,300
unimelb_parkville,20496,Carlton North,2026-10-08,4,37-505--1-MF96-505864,bus,505,Moonee Ponds - Melbourne University via Parkville Gardens,45653,Princes Park/Royal Pde,758.81726696,46460,Trinity College/Royal Pde,394.86602744,30360,30720,360
unimelb_parkville,20496,Carlton North,2026-10-08,4,37-505--1-MF96-505867,bus,505,Moonee Ponds - Melbourne University via Parkville Gardens,45653,Princes Park/Royal Pde,758.81726696,46460,Trinity College/Royal Pde,394.86602744,27300,27600,300
unimelb_parkville,20496,Carlton North,2026-10-08,4,37-505--1-MF96-505873,bus,505,Moonee Ponds - Melbourne University via Parkville Gardens,45653,Princes Park/Royal Pde,758.81726696,46460,Trinity College/Royal Pde,394.86602744,28560,28920,360
unimelb_parkville,20574,Clifton Hill,2026-10-08,4,17-250--1-MF62-251131,bus,250,City (Queen St) - La Trobe University via Clifton Hill,672,Clifton Hill Interchange/Queens Pde,536.81950575,659,Pitt St/Rathdowne St,751.32998287,26580,27600,1020
unimelb_parkville,20574,Clifton Hill,2026-10-08,4,17-250--1-MF62-251147,bus,250,City (Queen St) - La Trobe University via Clifton Hill,672,Clifton Hill Interchange/Queens Pde,536.81950575,659,Pitt St/Rathdowne St,751.32998287,30060,31560,1500
unimelb_parkville,20574,Clifton Hill,2026-10-08,4,17-250--1-MF62-251148,bus,250,City (Queen St) - La Trobe University via Clifton Hill,672,Clifton Hill Interchange/Queens Pde,536.81950575,659,Pitt St/Rathdowne St,751.32998287,27600,28800,1200
unimelb_parkville,20574,Clifton Hill,2026-10-08,4,17-250--1-MF62-251151,bus,250,City (Queen St) - La Trobe University via Clifton Hill,672,Clifton Hill Interchange/Queens Pde,536.81950575,659,Pitt St/Rathdowne St,751.32998287,25440,26280,840
unimelb_parkville,20574,Clifton Hill,2026-10-08,4,17-250--1-MF62-251152,bus,250,City (Queen St) - La Trobe University via Clifton Hill,672,Clifton Hill Interchange/Queens Pde,536.81950575,659,Pitt St/Rathdowne St,751.32998287,31260,32760,1500
unimelb_parkville,20574,Clifton Hill,2026-10-08,4,17-250--1-MF62-251167,bus,250,City (Queen St) - La Trobe University via Clifton Hill,672,Clifton Hill Interchange/Queens Pde,536.81950575,659,Pitt St/Rathdowne St,751.32998287,28860,30240,1380
unimelb_parkville,20574,Clifton Hill,2026-10-08,4,17-251--1-MF62-251192,bus,251,City (Queen St) - Northland Shopping Centre via Clifton Hill,672,Clifton Hill Interchange/Queens Pde,536.81950575,659,Pitt St/Rathdowne St,751.32998287,29160,30660,1500
unimelb_parkville,20574,Clifton Hill,2026-10-08,4,17-251--1-MF62-251196,bus,251,City (Queen St) - Northland Shopping Centre via Clifton Hill,672,Clifton Hill Interchange/Queens Pde,536.81950575,659,Pitt St/Rathdowne St,751.32998287,30360,31860,1500
unimelb_parkville,20574,Clifton Hill,2026-10-08,4,17-251--1-MF62-251197,bus,251,City (Queen St) - Northland Shopping Centre via Clifton Hill,672,Clifton Hill Interchange/Queens Pde,536.81950575,659,Pitt St/Rathdowne St,751.32998287,26220,27420,1200
unimelb_parkville,20574,Clifton Hill,2026-10-08,4,17-251--1-MF62-251203,bus,251,City (Queen St) - Northland Shopping Centre via Clifton Hill,672,Clifton Hill Interchange/Queens Pde,536.81950575,659,Pitt St/Rathdowne St,751.32998287,31680,33180,1500
unimelb_parkville,20574,Clifton Hill,2026-10-08,4,17-251--1-MF62-251204,bus,251,City (Queen St) - Northland Shopping Centre via Clifton Hill,672,Clifton Hill Interchange/Queens Pde,536.81950575,659,Pitt St/Rathdowne St,751.32998287,27780,29100,1320
unimelb_parkville,20574,Clifton Hill,2026-10-08,4,37-546--1-MF96-546173,bus,546,"Heidelberg Station - Melbourne University via Clifton Hill, Carlton",21265,Clifton Hill Station/Hoddle St,297.03627416,16833,Lygon St/Cemetery Rd,498.68491835,28800,29700,900
unimelb_parkville,20574,Clifton Hill,2026-10-08,4,37-546--1-MF96-546182,bus,546,"Heidelberg Station - Melbourne University via Clifton Hill, Carlton",21265,Clifton Hill Station/Hoddle St,297.03627416,16833,Lygon St/Cemetery Rd,498.68491835,29820,30720,900
unimelb_parkville,20574,Clifton Hill,2026-10-08,4,37-546--1-MF96-546190,bus,546,"Heidelberg Station - Melbourne University via Clifton Hill, Carlton",21265,Clifton Hill Station/Hoddle St,297.03627416,16833,Lygon St/Cemetery Rd,498.68491835,27060,27960,900
unimelb_parkville,20574,Clifton Hill,2026-10-08,4,37-546--1-MF96-546194,bus,546,"Heidelberg Station - Melbourne University via Clifton Hill, Carlton",21265,Clifton Hill Station/Hoddle St,297.03627416,16833,Lygon St/Cemetery Rd,498.68491835,31320,32220,900
unimelb_parkville,20616,Collingwood (Vic.),2026-10-08,4,14-200--1-MF76-200895,bus,200,City - Bulleen via Key Junction,1245,Wellington St/Johnston St,290.44961639,2111,Lygon St/Elgin St,562.77291469,32220,32760,540
unimelb_parkville,20616,Collingwood (Vic.),2026-10-08,4,14-200--1-MF76-200911,bus,200,City - Bulleen via Key Junction,1245,Wellington St/Johnston St,290.44961639,2111,Lygon St/Elgin St,562.77291469,31140,31680,540
unimelb_parkville,20616,Collingwood (Vic.),2026-10-08,4,14-207--1-MF76-208071,bus,207,City - Doncaster Shopping Centre via Kew Junction,1245,Wellington St/Johnston St,290.44961639,2111,Lygon St/Elgin St,562.77291469,25320,25620,300
unimelb_parkville,20616,Collingwood (Vic.),2026-10-08,4,14-207--1-MF76-208090,bus,207,City - Doncaster Shopping Centre via Kew Junction,1245,Wellington St/Johnston St,290.44961639,2111,Lygon St/Elgin St,562.77291469,29280,29820,540
unimelb_parkville,20616,Collingwood (Vic.),2026-10-08,4,14-207--1-MF76-208091,bus,207,City - Doncaster Shopping Centre via Kew Junction,1245,Wellington St/Johnston St,290.44961639,2111,Lygon St/Elgin St,562.77291469,31500,32040,540
unimelb_parkville,20616,Collingwood (Vic.),2026-10-08,4,14-207--1-MF76-208098,bus,207,City - Doncaster Shopping Centre via Kew Junction,1245,Wellington St/Johnston St,290.44961639,2111,Lygon St/Elgin St,562.77291469,26640,27000,360
unimelb_parkville,20616,Collingwood (Vic.),2026-10-08,4,17-200--1-MF62-200810,bus,200,City - Bulleen via Key Junction,1245,Wellington St/Johnston St,290.44961639,2111,Lygon St/Elgin St,562.77291469,28800,29280,480
unimelb_parkville,20616,Collingwood (Vic.),2026-10-08,4,17-200--1-MF62-200812,bus,200,City - Bulleen via Key Junction,1245,Wellington St/Johnston St,290.44961639,2111,Lygon St/Elgin St,562.77291469,29640,30180,540
unimelb_parkville,20616,Collingwood (Vic.),2026-10-08,4,17-200--1-MF62-200813,bus,200,City - Bulleen via Key Junction,1245,Wellington St/Johnston St,290.44961639,2111,Lygon St/Elgin St,562.77291469,26040,26400,360
unimelb_parkville,20616,Collingwood (Vic.),2026-10-08,4,17-200--1-MF62-200816,bus,200,City - Bulleen via Key Junction,1245,Wellington St/Johnston St,290.44961639,2111,Lygon St/Elgin St,562.77291469,27300,27660,360
unimelb_parkville,20616,Collingwood (Vic.),2026-10-08,4,17-200--1-MF62-200821,bus,200,City - Bulleen via Key Junction,1245,Wellington St/Johnston St,290.44961639,2111,Lygon St/Elgin St,562.77291469,28020,28500,480
unimelb_parkville,20616,Collingwood (Vic.),2026-10-08,4,17-207--1-MF62-207146,bus,207,City - Doncaster Shopping Centre via Kew Junction,1245,Wellington St/Johnston St,290.44961639,2111,Lygon St/Elgin St,562.77291469,30300,30840,540
unimelb_parkville,20616,Collingwood (Vic.),2026-10-08,4,17-207--1-MF62-207147,bus,207,City - Doncaster Shopping Centre via Kew Junction,1245,Wellington St/Johnston St,290.44961639,2111,Lygon St/Elgin St,562.77291469,27600,28080,480
unimelb_parkville,20616,Collingwood (Vic.),2026-10-08,4,17-207--1-MF62-207151,bus,207,City - Doncaster Shopping Centre via Kew Junction,1245,Wellington St/Johnston St,290.44961639,2111,Lygon St/Elgin St,562.77291469,28260,28740,480
unimelb_parkville,20616,Collingwood (Vic.),2026-10-08,4,53-241--1-MF15-10000457,bus,241,North Melbourne Station - Yarra Bend Park,1290,Smith St/Johnston St,452.08853593,28674,Melbourne University/Grattan St,627.0334,29940,30660,720
unimelb_parkville,20616,Collingwood (Vic.),2026-10-08,4,53-241--1-MF15-10000789,bus,241,North Melbourne Station - Yarra Bend Park,1290,Smith St/Johnston St,452.08853593,28674,Melbourne University/Grattan St,627.0334,26940,27660,720
unimelb_parkville,20616,Collingwood (Vic.),2026-10-08,4,53-241--1-MF15-10000793,bus,241,North Melbourne Station - Yarra Bend Park,1290,Smith St/Johnston St,452.08853593,28674,Melbourne University/Grattan St,627.0334,31740,32460,720
unimelb_parkville,20616,Collingwood (Vic.),2026-10-08,4,53-241--1-MF15-10000893,bus,241,North Melbourne Station - Yarra Bend Park,1290,Smith St/Johnston St,452.08853593,28674,Melbourne University/Grattan St,627.0334,25740,26460,720
unimelb_parkville,20616,Collingwood (Vic.),2026-10-08,4,53-241--1-MF15-10000897,bus,241,North Melbourne Station - Yarra Bend Park,1290,Smith St/Johnston St,452.08853593,28674,Melbourne University/Grattan St,627.0334,30540,31260,720
unimelb_parkville,20616,Collingwood (Vic.),2026-10-08,4,53-241--1-MF15-10001119,bus,241,North Melbourne Station - Yarra Bend Park,1290,Smith St/Johnston St,452.08853593,28674,Melbourne University/Grattan St,627.0334,29340,30060,720
unimelb_parkville,20616,Collingwood (Vic.),2026-10-08,4,53-241--1-MF15-10001323,bus,241,North Melbourne Station - Yarra Bend Park,1290,Smith St/Johnston St,452.08853593,28674,Melbourne University/Grattan St,627.0334,27540,28260,720
unimelb_parkville,20616,Collingwood (Vic.),2026-10-08,4,53-241--1-MF15-10001327,bus,241,North Melbourne Station - Yarra Bend Park,1290,Smith St/Johnston St,452.08853593,28674,Melbourne University/Grattan St,627.0334,32340,33060,720
unimelb_parkville,20616,Collingwood (Vic.),2026-10-08,4,53-241--1-MF15-10001391,bus,241,North Melbourne Station - Yarra Bend Park,1290,Smith St/Johnston St,452.08853593,28674,Melbourne University/Grattan St,627.0334,28740,29460,720
unimelb_parkville,20616,Collingwood (Vic.),2026-10-08,4,53-241--1-MF15-10001455,bus,241,North Melbourne Station - Yarra Bend Park,1290,Smith St/Johnston St,452.08853593,28674,Melbourne University/Grattan St,627.0334,28140,28860,720
unimelb_parkville,20616,Collingwood (Vic.),2026-10-08,4,53-241--1-MF15-10001498,bus,241,North Melbourne Station - Yarra Bend Park,1290,Smith St/Johnston St,452.08853593,28674,Melbourne University/Grattan St,627.0334,26340,27060,720
unimelb_parkville,20616,Collingwood (Vic.),2026-10-08,4,53-241--1-MF15-10001502,bus,241,North Melbourne Station - Yarra Bend Park,1290,Smith St/Johnston St,452.08853593,28674,Melbourne University/Grattan St,627.0334,31140,31860,720
unimelb_parkville,20901,Fairfield (Vic.),2026-10-08,4,17-250--1-MF62-251130,bus,250,City (Queen St) - La Trobe University via Clifton Hill,678,Westgarth St/Victoria Rd,347.3063908,659,Pitt St/Rathdowne St,751.32998287,31860,33900,2040
unimelb_parkville,20901,Fairfield (Vic.),2026-10-08,4,17-250--1-MF62-251131,bus,250,City (Queen St) - La Trobe University via Clifton Hill,678,Westgarth St/Victoria Rd,347.3063908,659,Pitt St/Rathdowne St,751.32998287,26160,27600,1440
unimelb_parkville,20901,Fairfield (Vic.),2026-10-08,4,17-250--1-MF62-251147,bus,250,City (Queen St) - La Trobe University via Clifton Hill,678,Westgarth St/Victoria Rd,347.3063908,659,Pitt St/Rathdowne St,751.32998287,29520,31560,2040
unimelb_parkville,20901,Fairfield (Vic.),2026-10-08,4,17-250--1-MF62-251148,bus,250,City (Queen St) - La Trobe University via Clifton Hill,678,Westgarth St/Victoria Rd,347.3063908,659,Pitt St/Rathdowne St,751.32998287,27180,28800,1620
unimelb_parkville,20901,Fairfield (Vic.),2026-10-08,4,17-250--1-MF62-251152,bus,250,City (Queen St) - La Trobe University via Clifton Hill,678,Westgarth St/Victoria Rd,347.3063908,659,Pitt St/Rathdowne St,751.32998287,30720,32760,2040
unimelb_parkville,20901,Fairfield (Vic.),2026-10-08,4,17-250--1-MF62-251167,bus,250,City (Queen St) - La Trobe University via Clifton Hill,678,Westgarth St/Victoria Rd,347.3063908,659,Pitt St/Rathdowne St,751.32998287,28380,30240,1860
unimelb_parkville,20901,Fairfield (Vic.),2026-10-08,4,17-251--1-MF62-251169,bus,251,City (Queen St) - Northland Shopping Centre via Clifton Hill,680,Clarke St/Victoria Rd,752.63769111,659,Pitt St/Rathdowne St,751.32998287,32340,34500,2160
unimelb_parkville,20901,Fairfield (Vic.),2026-10-08,4,17-251--1-MF62-251192,bus,251,City (Queen St) - Northland Shopping Centre via Clifton Hill,678,Westgarth St/Victoria Rd,347.3063908,659,Pitt St/Rathdowne St,751.32998287,28620,30660,2040
unimelb_parkville,20901,Fairfield (Vic.),2026-10-08,4,17-251--1-MF62-251196,bus,251,City (Queen St) - Northland Shopping Centre via Clifton Hill,678,Westgarth St/Victoria Rd,347.3063908,659,Pitt St/Rathdowne St,751.32998287,29820,31860,2040
unimelb_parkville,20901,Fairfield (Vic.),2026-10-08,4,17-251--1-MF62-251197,bus,251,City (Queen St) - Northland Shopping Centre via Clifton Hill,678,Westgarth St/Victoria Rd,347.3063908,659,Pitt St/Rathdowne St,751.32998287,25920,27420,1500
unimelb_parkville,20901,Fairfield (Vic.),2026-10-08,4,17-251--1-MF62-251203,bus,251,City (Queen St) - Northland Shopping Centre via Clifton Hill,678,Westgarth St/Victoria Rd,347.3063908,659,Pitt St/Rathdowne St,751.32998287,31140,33180,2040
unimelb_parkville,20901,Fairfield (Vic.),2026-10-08,4,17-251--1-MF62-251204,bus,251,City (Queen St) - Northland Shopping Centre via Clifton Hill,678,Westgarth St/Victoria Rd,347.3063908,659,Pitt St/Rathdowne St,751.32998287,27300,29100,1800
unimelb_parkville,20901,Fairfield (Vic.),2026-10-08,4,37-546--1-MF96-546173,bus,546,"Heidelberg Station - Melbourne University via Clifton Hill, Carlton",16843,Panther Pl/Heidelberg Rd,68.28394769,16833,Lygon St/Cemetery Rd,498.68491835,28500,29700,1200
unimelb_parkville,20901,Fairfield (Vic.),2026-10-08,4,37-546--1-MF96-546182,bus,546,"Heidelberg Station - Melbourne University via Clifton Hill, Carlton",16843,Panther Pl/Heidelberg Rd,68.28394769,16833,Lygon St/Cemetery Rd,498.68491835,29520,30720,1200
unimelb_parkville,20901,Fairfield (Vic.),2026-10-08,4,37-546--1-MF96-546190,bus,546,"Heidelberg Station - Melbourne University via Clifton Hill, Carlton",16843,Panther Pl/Heidelberg Rd,68.28394769,16833,Lygon St/Cemetery Rd,498.68491835,26820,27960,1140
unimelb_parkville,20901,Fairfield (Vic.),2026-10-08,4,37-546--1-MF96-546194,bus,546,"Heidelberg Station - Melbourne University via Clifton Hill, Carlton",16843,Panther Pl/Heidelberg Rd,68.28394769,16833,Lygon St/Cemetery Rd,498.68491835,31020,32220,1200
unimelb_parkville,20901,Fairfield (Vic.),2026-10-08,4,37-546--1-MF96-546199,bus,546,"Heidelberg Station - Melbourne University via Clifton Hill, Carlton",16843,Panther Pl/Heidelberg Rd,68.28394769,16833,Lygon St/Cemetery Rd,498.68491835,32280,33420,1140
unimelb_parkville,20924,Fitzroy (Vic.),2026-10-08,4,14-200--1-MF76-200895,bus,200,City - Bulleen via Key Junction,1290,Smith St/Johnston St,522.05907251,2111,Lygon St/Elgin St,562.77291469,32280,32760,480
unimelb_parkville,20924,Fitzroy (Vic.),2026-10-08,4,14-200--1-MF76-200911,bus,200,City - Bulleen via Key Junction,1694,Brunswick St/Johnston St,277.68047301,2111,Lygon St/Elgin St,562.77291469,31380,31680,300
unimelb_parkville,20924,Fitzroy (Vic.),2026-10-08,4,14-207--1-MF76-208071,bus,207,City - Doncaster Shopping Centre via Kew Junction,1694,Brunswick St/Johnston St,277.68047301,2111,Lygon St/Elgin St,562.77291469,25440,25620,180
unimelb_parkville,20924,Fitzroy (Vic.),2026-10-08,4,14-207--1-MF76-208090,bus,207,City - Doncaster Shopping Centre via Kew Junction,1694,Brunswick St/Johnston St,277.68047301,2111,Lygon St/Elgin St,562.77291469,29520,29820,300
unimelb_parkville,20924,Fitzroy (Vic.),2026-10-08,4,14-207--1-MF76-208091,bus,207,City - Doncaster Shopping Centre via Kew Junction,1694,Brunswick St/Johnston St,277.68047301,2111,Lygon St/Elgin St,562.77291469,31740,32040,300
unimelb_parkville,20924,Fitzroy (Vic.),2026-10-08,4,14-207--1-MF76-208098,bus,207,City - Doncaster Shopping Centre via Kew Junction,1694,Brunswick St/Johnston St,277.68047301,2111,Lygon St/Elgin St,562.77291469,26820,27000,180
unimelb_parkville,20924,Fitzroy (Vic.),2026-10-08,4,17-200--1-MF62-200810,bus,200,City - Bulleen via Key Junction,1694,Brunswick St/Johnston St,277.68047301,2111,Lygon St/Elgin St,562.77291469,28980,29280,300
unimelb_parkville,20924,Fitzroy (Vic.),2026-10-08,4,17-200--1-MF62-200812,bus,200,City - Bulleen via Key Junction,1694,Brunswick St/Johnston St,277.68047301,2111,Lygon St/Elgin St,562.77291469,29880,30180,300
unimelb_parkville,20924,Fitzroy (Vic.),2026-10-08,4,17-200--1-MF62-200813,bus,200,City - Bulleen via Key Junction,1694,Brunswick St/Johnston St,277.68047301,2111,Lygon St/Elgin St,562.77291469,26220,26400,180
unimelb_parkville,20924,Fitzroy (Vic.),2026-10-08,4,17-200--1-MF62-200816,bus,200,City - Bulleen via Key Junction,1694,Brunswick St/Johnston St,277.68047301,2111,Lygon St/Elgin St,562.77291469,27480,27660,180
unimelb_parkville,20924,Fitzroy (Vic.),2026-10-08,4,17-200--1-MF62-200821,bus,200,City - Bulleen via Key Junction,1694,Brunswick St/Johnston St,277.68047301,2111,Lygon St/Elgin St,562.77291469,28200,28500,300
unimelb_parkville,20924,Fitzroy (Vic.),2026-10-08,4,17-207--1-MF62-207146,bus,207,City - Doncaster Shopping Centre via Kew Junction,1694,Brunswick St/Johnston St,277.68047301,2111,Lygon St/Elgin St,562.77291469,30540,30840,300
unimelb_parkville,20924,Fitzroy (Vic.),2026-10-08,4,17-207--1-MF62-207147,bus,207,City - Doncaster Shopping Centre via Kew Junction,1694,Brunswick St/Johnston St,277.68047301,2111,Lygon St/Elgin St,562.77291469,27840,28080,240
unimelb_parkville,20924,Fitzroy (Vic.),2026-10-08,4,17-207--1-MF62-207151,bus,207,City - Doncaster Shopping Centre via Kew Junction,1694,Brunswick St/Johnston St,277.68047301,2111,Lygon St/Elgin St,562.77291469,28440,28740,300
unimelb_parkville,20924,Fitzroy (Vic.),2026-10-08,4,53-241--1-MF15-10000457,bus,241,North Melbourne Station - Yarra Bend Park,1694,Brunswick St/Johnston St,277.68047301,28674,Melbourne University/Grattan St,627.0334,30060,30660,600
unimelb_parkville,20924,Fitzroy (Vic.),2026-10-08,4,53-241--1-MF15-10000789,bus,241,North Melbourne Station - Yarra Bend Park,1694,Brunswick St/Johnston St,277.68047301,28674,Melbourne University/Grattan St,627.0334,27060,27660,600
unimelb_parkville,20924,Fitzroy (Vic.),2026-10-08,4,53-241--1-MF15-10000793,bus,241,North Melbourne Station - Yarra Bend Park,1694,Brunswick St/Johnston St,277.68047301,28674,Melbourne University/Grattan St,627.0334,31860,32460,600
unimelb_parkville,20924,Fitzroy (Vic.),2026-10-08,4,53-241--1-MF15-10000893,bus,241,North Melbourne Station - Yarra Bend Park,1694,Brunswick St/Johnston St,277.68047301,28674,Melbourne University/Grattan St,627.0334,25860,26460,600
unimelb_parkville,20924,Fitzroy (Vic.),2026-10-08,4,53-241--1-MF15-10000897,bus,241,North Melbourne Station - Yarra Bend Park,1694,Brunswick St/Johnston St,277.68047301,28674,Melbourne University/Grattan St,627.0334,30660,31260,600
unimelb_parkville,20924,Fitzroy (Vic.),2026-10-08,4,53-241--1-MF15-10001119,bus,241,North Melbourne Station - Yarra Bend Park,1694,Brunswick St/Johnston St,277.68047301,28674,Melbourne University/Grattan St,627.0334,29460,30060,600
unimelb_parkville,20924,Fitzroy (Vic.),2026-10-08,4,53-241--1-MF15-10001323,bus,241,North Melbourne Station - Yarra Bend Park,1694,Brunswick St/Johnston St,277.68047301,28674,Melbourne University/Grattan St,627.0334,27660,28260,600
unimelb_parkville,20924,Fitzroy (Vic.),2026-10-08,4,53-241--1-MF15-10001327,bus,241,North Melbourne Station - Yarra Bend Park,1290,Smith St/Johnston St,522.05907251,28674,Melbourne University/Grattan St,627.0334,32340,33060,720
unimelb_parkville,20924,Fitzroy (Vic.),2026-10-08,4,53-241--1-MF15-10001391,bus,241,North Melbourne Station - Yarra Bend Park,1694,Brunswick St/Johnston St,277.68047301,28674,Melbourne University/Grattan St,627.0334,28860,29460,600
unimelb_parkville,20924,Fitzroy (Vic.),2026-10-08,4,53-241--1-MF15-10001455,bus,241,North Melbourne Station - Yarra Bend Park,1694,Brunswick St/Johnston St,277.68047301,28674,Melbourne University/Grattan St,627.0334,28260,28860,600
unimelb_parkville,20924,Fitzroy (Vic.),2026-10-08,4,53-241--1-MF15-10001498,bus,241,North Melbourne Station - Yarra Bend Park,1694,Brunswick St/Johnston St,277.68047301,28674,Melbourne University/Grattan St,627.0334,26460,27060,600
unimelb_parkville,20924,Fitzroy (Vic.),2026-10-08,4,53-241--1-MF15-10001502,bus,241,North Melbourne Station - Yarra Bend Park,1694,Brunswick St/Johnston St,277.68047301,28674,Melbourne University/Grattan St,627.0334,31260,31860,600
unimelb_parkville,20925,Fitzroy North,2026-10-08,4,17-250--1-MF62-251131,bus,250,City (Queen St) - La Trobe University via Clifton Hill,670,Park St/Bennett St,370.57273156,659,Pitt St/Rathdowne St,751.32998287,26820,27600,780
unimelb_parkville,20925,Fitzroy North,2026-10-08,4,17-250--1-MF62-251147,bus,250,City (Queen St) - La Trobe University via Clifton Hill,670,Park St/Bennett St,370.57273156,659,Pitt St/Rathdowne St,751.32998287,30360,31560,1200
unimelb_parkville,20925,Fitzroy North,2026-10-08,4,17-250--1-MF62-251148,bus,250,City (Queen St) - La Trobe University via Clifton Hill,670,Park St/Bennett St,370.57273156,659,Pitt St/Rathdowne St,751.32998287,27840,28800,960
unimelb_parkville,20925,Fitzroy North,2026-10-08,4,17-250--1-MF62-251151,bus,250,City (Queen St) - La Trobe University via Clifton Hill,670,Park St/Bennett St,370.57273156,659,Pitt St/Rathdowne St,751.32998287,25620,26280,660
unimelb_parkville,20925,Fitzroy North,2026-10-08,4,17-250--1-MF62-251152,bus,250,City (Queen St) - La Trobe University via Clifton Hill,670,Park St/Bennett St,370.57273156,659,Pitt St/Rathdowne St,751.32998287,31560,32760,1200
unimelb_parkville,20925,Fitzroy North,2026-10-08,4,17-250--1-MF62-251167,bus,250,City (Queen St) - La Trobe University via Clifton Hill,670,Park St/Bennett St,370.57273156,659,Pitt St/Rathdowne St,751.32998287,29160,30240,1080
unimelb_parkville,20925,Fitzroy North,2026-10-08,4,17-251--1-MF62-251168,bus,251,City (Queen St) - Northland Shopping Centre via Clifton Hill,670,Park St/Bennett St,370.57273156,659,Pitt St/Rathdowne St,751.32998287,25200,26040,840
unimelb_parkville,20925,Fitzroy North,2026-10-08,4,17-251--1-MF62-251192,bus,251,City (Queen St) - Northland Shopping Centre via Clifton Hill,670,Park St/Bennett St,370.57273156,659,Pitt St/Rathdowne St,751.32998287,29460,30660,1200
unimelb_parkville,20925,Fitzroy North,2026-10-08,4,17-251--1-MF62-251196,bus,251,City (Queen St) - Northland Shopping Centre via Clifton Hill,670,Park St/Bennett St,370.57273156,659,Pitt St/Rathdowne St,751.32998287,30660,31860,1200
unimelb_parkville,20925,Fitzroy North,2026-10-08,4,17-251--1-MF62-251197,bus,251,City (Queen St) - Northland Shopping Centre via Clifton Hill,670,Park St/Bennett St,370.57273156,659,Pitt St/Rathdowne St,751.32998287,26520,27420,900
unimelb_parkville,20925,Fitzroy North,2026-10-08,4,17-251--1-MF62-251203,bus,251,City (Queen St) - Northland Shopping Centre via Clifton Hill,670,Park St/Bennett St,370.57273156,659,Pitt St/Rathdowne St,751.32998287,31980,33180,1200
unimelb_parkville,20925,Fitzroy North,2026-10-08,4,17-251--1-MF62-251204,bus,251,City (Queen St) - Northland Shopping Centre via Clifton Hill,670,Park St/Bennett St,370.57273156,659,Pitt St/Rathdowne St,751.32998287,28080,29100,1020
unimelb_parkville,20925,Fitzroy North,2026-10-08,4,37-546--1-MF96-546173,bus,546,"Heidelberg Station - Melbourne University via Clifton Hill, Carlton",16837,Wellington St/Queens Pde,645.34969321,16833,Lygon St/Cemetery Rd,498.68491835,29100,29700,600
unimelb_parkville,20925,Fitzroy North,2026-10-08,4,37-546--1-MF96-546182,bus,546,"Heidelberg Station - Melbourne University via Clifton Hill, Carlton",16837,Wellington St/Queens Pde,645.34969321,16833,Lygon St/Cemetery Rd,498.68491835,30120,30720,600
unimelb_parkville,20925,Fitzroy North,2026-10-08,4,37-546--1-MF96-546190,bus,546,"Heidelberg Station - Melbourne University via Clifton Hill, Carlton",16837,Wellington St/Queens Pde,645.34969321,16833,Lygon St/Cemetery Rd,498.68491835,27360,27960,600
unimelb_parkville,20925,Fitzroy North,2026-10-08,4,37-546--1-MF96-546194,bus,546,"Heidelberg Station - Melbourne University via Clifton Hill, Carlton",16837,Wellington St/Queens Pde,645.34969321,16833,Lygon St/Cemetery Rd,498.68491835,31620,32220,600
unimelb_parkville,20929,Flemington,2026-10-08,4,53-402--1-MF17-10000107,bus,402,Footscray Station - East Melbourne via North Melbourne,7578,Kensington Station/Macaulay Rd,763.59356159,28672,Melbourne University/Grattan St,609.12245378,29700,31560,1860
unimelb_parkville,20929,Flemington,2026-10-08,4,53-402--1-MF17-10000139,bus,402,Footscray Station - East Melbourne via North Melbourne,7578,Kensington Station/Macaulay Rd,763.59356159,28672,Melbourne University/Grattan St,609.12245378,25560,26640,1080
unimelb_parkville,20929,Flemington,2026-10-08,4,53-402--1-MF17-10000141,bus,402,Footscray Station - East Melbourne via North Melbourne,7578,Kensington Station/Macaulay Rd,763.59356159,28672,Melbourne University/Grattan St,609.12245378,30900,32640,1740
unimelb_parkville,20929,Flemington,2026-10-08,4,53-402--1-MF17-10000652,bus,402,Footscray Station - East Melbourne via North Melbourne,7578,Kensington Station/Macaulay Rd,763.59356159,28672,Melbourne University/Grattan St,609.12245378,27840,29460,1620
unimelb_parkville,20929,Flemington,2026-10-08,4,53-402--1-MF17-10000713,bus,402,Footscray Station - East Melbourne via North Melbourne,7578,Kensington Station/Macaulay Rd,763.59356159,28672,Melbourne University/Grattan St,609.12245378,29040,30660,1620
unimelb_parkville,20929,Flemington,2026-10-08,4,53-402--1-MF17-10000871,bus,402,Footscray Station - East Melbourne via North Melbourne,7578,Kensington Station/Macaulay Rd,763.59356159,28672,Melbourne University/Grattan St,609.12245378,28440,30060,1620
unimelb_parkville,20929,Flemington,2026-10-08,4,53-402--1-MF17-10001222,bus,402,Footscray Station - East Melbourne via North Melbourne,7578,Kensington Station/Macaulay Rd,763.59356159,28672,Melbourne University/Grattan St,609.12245378,25920,27060,1140
unimelb_parkville,20929,Flemington,2026-10-08,4,53-402--1-MF17-10001224,bus,402,Footscray Station - East Melbourne via North Melbourne,7578,Kensington Station/Macaulay Rd,763.59356159,28672,Melbourne University/Grattan St,609.12245378,31500,33120,1620
unimelb_parkville,20929,Flemington,2026-10-08,4,53-402--1-MF17-10001378,bus,402,Footscray Station - East Melbourne via North Melbourne,7578,Kensington Station/Macaulay Rd,763.59356159,28672,Melbourne University/Grattan St,609.12245378,26640,27840,1200
unimelb_parkville,20929,Flemington,2026-10-08,4,53-402--1-MF17-10001380,bus,402,Footscray Station - East Melbourne via North Melbourne,7578,Kensington Station/Macaulay Rd,763.59356159,28672,Melbourne University/Grattan St,609.12245378,32100,33540,1440
unimelb_parkville,20929,Flemington,2026-10-08,4,53-402--1-MF17-10001426,bus,402,Footscray Station - East Melbourne via North Melbourne,7578,Kensington Station/Macaulay Rd,763.59356159,28672,Melbourne University/Grattan St,609.12245378,25260,26340,1080
unimelb_parkville,20929,Flemington,2026-10-08,4,53-402--1-MF17-10001428,bus,402,Footscray Station - East Melbourne via North Melbourne,7578,Kensington Station/Macaulay Rd,763.59356159,28672,Melbourne University/Grattan St,609.12245378,30300,32160,1860
unimelb_parkville,20929,Flemington,2026-10-08,4,53-402--1-MF17-10001654,bus,402,Footscray Station - East Melbourne via North Melbourne,7578,Kensington Station/Macaulay Rd,763.59356159,28672,Melbourne University/Grattan St,609.12245378,27240,28560,1320
unimelb_parkville,21327,Kensington (Vic.),2026-10-08,4,53-402--1-MF17-10000107,bus,402,Footscray Station - East Melbourne via North Melbourne,7577,Derby St/Kensington Rd,113.07501295,28672,Melbourne University/Grattan St,609.12245378,29460,31560,2100
unimelb_parkville,21327,Kensington (Vic.),2026-10-08,4,53-402--1-MF17-10000139,bus,402,Footscray Station - East Melbourne via North Melbourne,7577,Derby St/Kensington Rd,113.07501295,28672,Melbourne University/Grattan St,609.12245378,25380,26640,1260
unimelb_parkville,21327,Kensington (Vic.),2026-10-08,4,53-402--1-MF17-10000141,bus,402,Footscray Station - East Melbourne via North Melbourne,7577,Derby St/Kensington Rd,113.07501295,28672,Melbourne University/Grattan St,609.12245378,30660,32640,1980
unimelb_parkville,21327,Kensington (Vic.),2026-10-08,4,53-402--1-MF17-10000652,bus,402,Footscray Station - East Melbourne via North Melbourne,7577,Derby St/Kensington Rd,113.07501295,28672,Melbourne University/Grattan St,609.12245378,27600,29460,1860
unimelb_parkville,21327,Kensington (Vic.),2026-10-08,4,53-402--1-MF17-10000713,bus,402,Footscray Station - East Melbourne via North Melbourne,7577,Derby St/Kensington Rd,113.07501295,28672,Melbourne University/Grattan St,609.12245378,28800,30660,1860
unimelb_parkville,21327,Kensington (Vic.),2026-10-08,4,53-402--1-MF17-10000871,bus,402,Footscray Station - East Melbourne via North Melbourne,7577,Derby St/Kensington Rd,113.07501295,28672,Melbourne University/Grattan St,609.12245378,28200,30060,1860
unimelb_parkville,21327,Kensington (Vic.),2026-10-08,4,53-402--1-MF17-10001222,bus,402,Footscray Station - East Melbourne via North Melbourne,7577,Derby St/Kensington Rd,113.07501295,28672,Melbourne University/Grattan St,609.12245378,25740,27060,1320
unimelb_parkville,21327,Kensington (Vic.),2026-10-08,4,53-402--1-MF17-10001224,bus,402,Footscray Station - East Melbourne via North Melbourne,7577,Derby St/Kensington Rd,113.07501295,28672,Melbourne University/Grattan St,609.12245378,31260,33120,1860
unimelb_parkville,21327,Kensington (Vic.),2026-10-08,4,53-402--1-MF17-10001378,bus,402,Footscray Station - East Melbourne via North Melbourne,7577,Derby St/Kensington Rd,113.07501295,28672,Melbourne University/Grattan St,609.12245378,26400,27840,1440
unimelb_parkville,21327,Kensington (Vic.),2026-10-08,4,53-402--1-MF17-10001380,bus,402,Footscray Station - East Melbourne via North Melbourne,7577,Derby St/Kensington Rd,113.07501295,28672,Melbourne University/Grattan St,609.12245378,31860,33540,1680
unimelb_parkville,21327,Kensington (Vic.),2026-10-08,4,53-402--1-MF17-10001426,bus,402,Footscray Station - East Melbourne via North Melbourne,7578,Kensington Station/Macaulay Rd,427.27120813,28672,Melbourne University/Grattan St,609.12245378,25260,26340,1080
unimelb_parkville,21327,Kensington (Vic.),2026-10-08,4,53-402--1-MF17-10001428,bus,402,Footscray Station - East Melbourne via North Melbourne,7577,Derby St/Kensington Rd,113.07501295,28672,Melbourne University/Grattan St,609.12245378,30060,32160,2100
unimelb_parkville,21327,Kensington (Vic.),2026-10-08,4,53-402--1-MF17-10001654,bus,402,Footscray Station - East Melbourne via North Melbourne,7577,Derby St/Kensington Rd,113.07501295,28672,Melbourne University/Grattan St,609.12245378,27000,28560,1560
unimelb_parkville,21327,Kensington (Vic.),2026-10-08,4,53-402--1-MF17-10001656,bus,402,Footscray Station - East Melbourne via North Melbourne,7577,Derby St/Kensington Rd,113.07501295,28672,Melbourne University/Grattan St,609.12245378,32340,34020,1680
unimelb_parkville,21742,Moonee Ponds,2026-10-08,4,37-505--1-MF96-505852,bus,505,Moonee Ponds - Melbourne University via Parkville Gardens,18778,Moonee Ponds Interchange/Mt Alexander Rd,440.15730081,46460,Trinity College/Royal Pde,394.86602744,31680,33060,1380
unimelb_parkville,21742,Moonee Ponds,2026-10-08,4,37-505--1-MF96-505857,bus,505,Moonee Ponds - Melbourne University via Parkville Gardens,18778,Moonee Ponds Interchange/Mt Alexander Rd,440.15730081,46460,Trinity College/Royal Pde,394.86602744,30420,31920,1500
unimelb_parkville,21742,Moonee Ponds,2026-10-08,4,37-505--1-MF96-505864,bus,505,Moonee Ponds - Melbourne University via Parkville Gardens,18778,Moonee Ponds Interchange/Mt Alexander Rd,440.15730081,46460,Trinity College/Royal Pde,394.86602744,29220,30720,1500
unimelb_parkville,21742,Moonee Ponds,2026-10-08,4,37-505--1-MF96-505867,bus,505,Moonee Ponds - Melbourne University via Parkville Gardens,18778,Moonee Ponds Interchange/Mt Alexander Rd,440.15730081,46460,Trinity College/Royal Pde,394.86602744,26400,27600,1200
unimelb_parkville,21742,Moonee Ponds,2026-10-08,4,37-505--1-MF96-505873,bus,505,Moonee Ponds - Melbourne University via Parkville Gardens,18778,Moonee Ponds Interchange/Mt Alexander Rd,440.15730081,46460,Trinity College/Royal Pde,394.86602744,27480,28920,1440
unimelb_parkville,21966,North Melbourne,2026-10-08,2,02-SUY--69-T5-Z016,metropolitan_train,Sunbury,Sunbury Line,26549,Arden Station,620.84450839,26551,Parkville Station,639.09923676,26040,26220,180
unimelb_parkville,21966,North Melbourne,2026-10-08,2,02-SUY--69-T5-Z018,metropolitan_train,Sunbury,Sunbury Line,26549,Arden Station,620.84450839,26551,Parkville Station,639.09923676,26580,26760,180
unimelb_parkville,21966,North Melbourne,2026-10-08,2,02-SUY--69-T5-Z020,metropolitan_train,Sunbury,Sunbury Line,26549,Arden Station,620.84450839,26551,Parkville Station,639.09923676,27300,27480,180
unimelb_parkville,21966,North Melbourne,2026-10-08,2,02-SUY--69-T5-Z022,metropolitan_train,Sunbury,Sunbury Line,26549,Arden Station,620.84450839,26551,Parkville Station,639.09923676,27840,28020,180
unimelb_parkville,21966,North Melbourne,2026-10-08,2,02-SUY--69-T5-Z024,metropolitan_train,Sunbury,Sunbury Line,26549,Arden Station,620.84450839,26551,Parkville Station,639.09923676,28560,28740,180
unimelb_parkville,21966,North Melbourne,2026-10-08,2,02-SUY--69-T5-Z026,metropolitan_train,Sunbury,Sunbury Line,26549,Arden Station,620.84450839,26551,Parkville Station,639.09923676,29040,29220,180
unimelb_parkville,21966,North Melbourne,2026-10-08,2,02-SUY--69-T5-Z028,metropolitan_train,Sunbury,Sunbury Line,26549,Arden Station,620.84450839,26551,Parkville Station,639.09923676,29640,29820,180
unimelb_parkville,21966,North Melbourne,2026-10-08,2,02-SUY--69-T5-Z030,metropolitan_train,Sunbury,Sunbury Line,26549,Arden Station,620.84450839,26551,Parkville Station,639.09923676,30180,30360,180
unimelb_parkville,21966,North Melbourne,2026-10-08,2,02-SUY--69-T5-Z032,metropolitan_train,Sunbury,Sunbury Line,26549,Arden Station,620.84450839,26551,Parkville Station,639.09923676,30840,31020,180
unimelb_parkville,21966,North Melbourne,2026-10-08,2,02-SUY--69-T5-Z034,metropolitan_train,Sunbury,Sunbury Line,26549,Arden Station,620.84450839,26551,Parkville Station,639.09923676,31500,31680,180
unimelb_parkville,21966,North Melbourne,2026-10-08,2,02-SUY--69-T5-Z036,metropolitan_train,Sunbury,Sunbury Line,26549,Arden Station,620.84450839,26551,Parkville Station,639.09923676,32040,32220,180
unimelb_parkville,21966,North Melbourne,2026-10-08,2,02-SUY--69-T5-Z402,metropolitan_train,Sunbury,Sunbury Line,26549,Arden Station,620.84450839,26551,Parkville Station,639.09923676,25440,25620,180
unimelb_parkville,21966,North Melbourne,2026-10-08,2,02-SUY--69-T5-Z404,metropolitan_train,Sunbury,Sunbury Line,26549,Arden Station,620.84450839,26551,Parkville Station,639.09923676,27060,27240,180
unimelb_parkville,21966,North Melbourne,2026-10-08,2,02-SUY--69-T5-Z406,metropolitan_train,Sunbury,Sunbury Line,26549,Arden Station,620.84450839,26551,Parkville Station,639.09923676,27600,27780,180
unimelb_parkville,21966,North Melbourne,2026-10-08,2,02-SUY--69-T5-Z408,metropolitan_train,Sunbury,Sunbury Line,26549,Arden Station,620.84450839,26551,Parkville Station,639.09923676,28320,28500,180
unimelb_parkville,21966,North Melbourne,2026-10-08,2,02-SUY--69-T5-Z410,metropolitan_train,Sunbury,Sunbury Line,26549,Arden Station,620.84450839,26551,Parkville Station,639.09923676,28800,28980,180
unimelb_parkville,21966,North Melbourne,2026-10-08,2,02-SUY--69-T5-Z412,metropolitan_train,Sunbury,Sunbury Line,26549,Arden Station,620.84450839,26551,Parkville Station,639.09923676,29460,29640,180
unimelb_parkville,21966,North Melbourne,2026-10-08,2,02-SUY--69-T5-Z414,metropolitan_train,Sunbury,Sunbury Line,26549,Arden Station,620.84450839,26551,Parkville Station,639.09923676,29940,30120,180
unimelb_parkville,21966,North Melbourne,2026-10-08,2,02-SUY--69-T5-Z416,metropolitan_train,Sunbury,Sunbury Line,26549,Arden Station,620.84450839,26551,Parkville Station,639.09923676,30660,30840,180
unimelb_parkville,21966,North Melbourne,2026-10-08,2,02-SUY--69-T5-Z418,metropolitan_train,Sunbury,Sunbury Line,26549,Arden Station,620.84450839,26551,Parkville Station,639.09923676,31320,31500,180
unimelb_parkville,21966,North Melbourne,2026-10-08,2,02-SUY--69-T5-Z420,metropolitan_train,Sunbury,Sunbury Line,26549,Arden Station,620.84450839,26551,Parkville Station,639.09923676,31860,32040,180
unimelb_parkville,21966,North Melbourne,2026-10-08,2,02-SUY--69-T5-Z610,metropolitan_train,Sunbury,Sunbury Line,26549,Arden Station,620.84450839,26551,Parkville Station,639.09923676,28140,28320,180
unimelb_parkville,21966,North Melbourne,2026-10-08,2,02-SUY--69-T5-Z612,metropolitan_train,Sunbury,Sunbury Line,26549,Arden Station,620.84450839,26551,Parkville Station,639.09923676,29220,29400,180
unimelb_parkville,21966,North Melbourne,2026-10-08,2,02-SUY--69-T5-Z614,metropolitan_train,Sunbury,Sunbury Line,26549,Arden Station,620.84450839,26551,Parkville Station,639.09923676,30480,30660,180
unimelb_parkville,21966,North Melbourne,2026-10-08,2,02-SUY--69-T5-Z616,metropolitan_train,Sunbury,Sunbury Line,26549,Arden Station,620.84450839,26551,Parkville Station,639.09923676,31080,31260,180
unimelb_parkville,21966,North Melbourne,2026-10-08,2,02-SUY--69-T5-Z618,metropolitan_train,Sunbury,Sunbury Line,26549,Arden Station,620.84450839,26551,Parkville Station,639.09923676,31680,31860,180
unimelb_parkville,21966,North Melbourne,2026-10-08,4,53-241--1-MF15-10000455,bus,241,North Melbourne Station - Yarra Bend Park,28680,Arden Station/Laurens St,552.32347896,28670,Melbourne University/Grattan St,606.33608164,27240,27900,660
unimelb_parkville,21966,North Melbourne,2026-10-08,4,53-241--1-MF15-10000459,bus,241,North Melbourne Station - Yarra Bend Park,28680,Arden Station/Laurens St,552.32347896,28670,Melbourne University/Grattan St,606.33608164,32040,32700,660
unimelb_parkville,21966,North Melbourne,2026-10-08,4,53-241--1-MF15-10000791,bus,241,North Melbourne Station - Yarra Bend Park,28680,Arden Station/Laurens St,552.32347896,28670,Melbourne University/Grattan St,606.33608164,29040,29700,660
unimelb_parkville,21966,North Melbourne,2026-10-08,4,53-241--1-MF15-10000895,bus,241,North Melbourne Station - Yarra Bend Park,28680,Arden Station/Laurens St,552.32347896,28670,Melbourne University/Grattan St,606.33608164,27840,28500,660
unimelb_parkville,21966,North Melbourne,2026-10-08,4,53-241--1-MF15-10001117,bus,241,North Melbourne Station - Yarra Bend Park,28680,Arden Station/Laurens St,552.32347896,28670,Melbourne University/Grattan St,606.33608164,26640,27300,660
unimelb_parkville,21966,North Melbourne,2026-10-08,4,53-241--1-MF15-10001121,bus,241,North Melbourne Station - Yarra Bend Park,28680,Arden Station/Laurens St,552.32347896,28670,Melbourne University/Grattan St,606.33608164,31440,32100,660
unimelb_parkville,21966,North Melbourne,2026-10-08,4,53-241--1-MF15-10001325,bus,241,North Melbourne Station - Yarra Bend Park,28680,Arden Station/Laurens St,552.32347896,28670,Melbourne University/Grattan St,606.33608164,29640,30300,660
unimelb_parkville,21966,North Melbourne,2026-10-08,4,53-241--1-MF15-10001389,bus,241,North Melbourne Station - Yarra Bend Park,28680,Arden Station/Laurens St,552.32347896,28670,Melbourne University/Grattan St,606.33608164,26040,26700,660
unimelb_parkville,21966,North Melbourne,2026-10-08,4,53-241--1-MF15-10001393,bus,241,North Melbourne Station - Yarra Bend Park,28680,Arden Station/Laurens St,552.32347896,28670,Melbourne University/Grattan St,606.33608164,30840,31500,660
unimelb_parkville,21966,North Melbourne,2026-10-08,4,53-241--1-MF15-10001453,bus,241,North Melbourne Station - Yarra Bend Park,28680,Arden Station/Laurens St,552.32347896,28670,Melbourne University/Grattan St,606.33608164,25440,26100,660
unimelb_parkville,21966,North Melbourne,2026-10-08,4,53-241--1-MF15-10001457,bus,241,North Melbourne Station - Yarra Bend Park,28680,Arden Station/Laurens St,552.32347896,28670,Melbourne University/Grattan St,606.33608164,30240,30900,660
unimelb_parkville,21966,North Melbourne,2026-10-08,4,53-241--1-MF15-10001500,bus,241,North Melbourne Station - Yarra Bend Park,28680,Arden Station/Laurens St,552.32347896,28670,Melbourne University/Grattan St,606.33608164,28440,29100,660
unimelb_parkville,21966,North Melbourne,2026-10-08,4,53-402--1-MF17-10000107,bus,402,Footscray Station - East Melbourne via North Melbourne,7582,Dryburgh St/Shiel St,111.06479794,28672,Melbourne University/Grattan St,609.12245378,30120,31560,1440
unimelb_parkville,21966,North Melbourne,2026-10-08,4,53-402--1-MF17-10000139,bus,402,Footscray Station - East Melbourne via North Melbourne,7582,Dryburgh St/Shiel St,111.06479794,28672,Melbourne University/Grattan St,609.12245378,25800,26640,840
unimelb_parkville,21966,North Melbourne,2026-10-08,4,53-402--1-MF17-10000141,bus,402,Footscray Station - East Melbourne via North Melbourne,7582,Dryburgh St/Shiel St,111.06479794,28672,Melbourne University/Grattan St,609.12245378,31320,32640,1320
unimelb_parkville,21966,North Melbourne,2026-10-08,4,53-402--1-MF17-10000652,bus,402,Footscray Station - East Melbourne via North Melbourne,7582,Dryburgh St/Shiel St,111.06479794,28672,Melbourne University/Grattan St,609.12245378,28200,29460,1260
unimelb_parkville,21966,North Melbourne,2026-10-08,4,53-402--1-MF17-10000713,bus,402,Footscray Station - East Melbourne via North Melbourne,7582,Dryburgh St/Shiel St,111.06479794,28672,Melbourne University/Grattan St,609.12245378,29400,30660,1260
unimelb_parkville,21966,North Melbourne,2026-10-08,4,53-402--1-MF17-10000871,bus,402,Footscray Station - East Melbourne via North Melbourne,7582,Dryburgh St/Shiel St,111.06479794,28672,Melbourne University/Grattan St,609.12245378,28800,30060,1260
unimelb_parkville,21966,North Melbourne,2026-10-08,4,53-402--1-MF17-10001222,bus,402,Footscray Station - East Melbourne via North Melbourne,7582,Dryburgh St/Shiel St,111.06479794,28672,Melbourne University/Grattan St,609.12245378,26160,27060,900
unimelb_parkville,21966,North Melbourne,2026-10-08,4,53-402--1-MF17-10001224,bus,402,Footscray Station - East Melbourne via North Melbourne,7582,Dryburgh St/Shiel St,111.06479794,28672,Melbourne University/Grattan St,609.12245378,31860,33120,1260
unimelb_parkville,21966,North Melbourne,2026-10-08,4,53-402--1-MF17-10001378,bus,402,Footscray Station - East Melbourne via North Melbourne,7582,Dryburgh St/Shiel St,111.06479794,28672,Melbourne University/Grattan St,609.12245378,26940,27840,900
unimelb_parkville,21966,North Melbourne,2026-10-08,4,53-402--1-MF17-10001380,bus,402,Footscray Station - East Melbourne via North Melbourne,7581,Melrose St/Canning St,281.16751131,28672,Melbourne University/Grattan St,609.12245378,32280,33540,1260
unimelb_parkville,21966,North Melbourne,2026-10-08,4,53-402--1-MF17-10001426,bus,402,Footscray Station - East Melbourne via North Melbourne,7582,Dryburgh St/Shiel St,111.06479794,28672,Melbourne University/Grattan St,609.12245378,25500,26340,840
unimelb_parkville,21966,North Melbourne,2026-10-08,4,53-402--1-MF17-10001428,bus,402,Footscray Station - East Melbourne via North Melbourne,7582,Dryburgh St/Shiel St,111.06479794,28672,Melbourne University/Grattan St,609.12245378,30720,32160,1440
unimelb_parkville,21966,North Melbourne,2026-10-08,4,53-402--1-MF17-10001654,bus,402,Footscray Station - East Melbourne via North Melbourne,7582,Dryburgh St/Shiel St,111.06479794,28672,Melbourne University/Grattan St,609.12245378,27540,28560,1020
unimelb_parkville,22038,Parkville (Vic.),2026-10-08,4,37-505--1-MF96-505857,bus,505,Moonee Ponds - Melbourne University via Parkville Gardens,45652,Melbourne Zoo/Poplar Rd,619.75461839,46460,Trinity College/Royal Pde,394.86602744,31380,31920,540
unimelb_parkville,22038,Parkville (Vic.),2026-10-08,4,37-505--1-MF96-505860,bus,505,Moonee Ponds - Melbourne University via Parkville Gardens,45652,Melbourne Zoo/Poplar Rd,619.75461839,46460,Trinity College/Royal Pde,394.86602744,25500,25920,420
unimelb_parkville,22038,Parkville (Vic.),2026-10-08,4,37-505--1-MF96-505864,bus,505,Moonee Ponds - Melbourne University via Parkville Gardens,45652,Melbourne Zoo/Poplar Rd,619.75461839,46460,Trinity College/Royal Pde,394.86602744,30180,30720,540
unimelb_parkville,22038,Parkville (Vic.),2026-10-08,4,37-505--1-MF96-505867,bus,505,Moonee Ponds - Melbourne University via Parkville Gardens,45652,Melbourne Zoo/Poplar Rd,619.75461839,46460,Trinity College/Royal Pde,394.86602744,27180,27600,420
unimelb_parkville,22038,Parkville (Vic.),2026-10-08,4,37-505--1-MF96-505873,bus,505,Moonee Ponds - Melbourne University via Parkville Gardens,45652,Melbourne Zoo/Poplar Rd,619.75461839,46460,Trinity College/Royal Pde,394.86602744,28440,28920,480
unimelb_parkville,22122,Princes Hill,2026-10-08,3,03-1--5-T5-142610602,tram,1,East Coburg - South Melbourne Beach,19346,Pigdon St/Lygon St #118,317.21168339,19340,Lygon St/Elgin St #112,433.40633246,25620,25980,360
unimelb_parkville,22122,Princes Hill,2026-10-08,3,03-1--5-T5-142610603,tram,1,East Coburg - South Melbourne Beach,19346,Pigdon St/Lygon St #118,317.21168339,19340,Lygon St/Elgin St #112,433.40633246,26100,26520,420
unimelb_parkville,22122,Princes Hill,2026-10-08,3,03-1--5-T5-142610604,tram,1,East Coburg - South Melbourne Beach,19346,Pigdon St/Lygon St #118,317.21168339,19340,Lygon St/Elgin St #112,433.40633246,26640,27060,420
unimelb_parkville,22122,Princes Hill,2026-10-08,3,03-1--5-T5-142610605,tram,1,East Coburg - South Melbourne Beach,19346,Pigdon St/Lygon St #118,317.21168339,19340,Lygon St/Elgin St #112,433.40633246,27120,27540,420
unimelb_parkville,22122,Princes Hill,2026-10-08,3,03-1--5-T5-142610606,tram,1,East Coburg - South Melbourne Beach,19346,Pigdon St/Lygon St #118,317.21168339,19340,Lygon St/Elgin St #112,433.40633246,27600,28020,420
unimelb_parkville,22122,Princes Hill,2026-10-08,3,03-1--5-T5-142610607,tram,1,East Coburg - South Melbourne Beach,19346,Pigdon St/Lygon St #118,317.21168339,19340,Lygon St/Elgin St #112,433.40633246,28020,28440,420
unimelb_parkville,22122,Princes Hill,2026-10-08,3,03-1--5-T5-142610608,tram,1,East Coburg - South Melbourne Beach,19346,Pigdon St/Lygon St #118,317.21168339,19340,Lygon St/Elgin St #112,433.40633246,28500,28920,420
unimelb_parkville,22122,Princes Hill,2026-10-08,3,03-1--5-T5-142610609,tram,1,East Coburg - South Melbourne Beach,19346,Pigdon St/Lygon St #118,317.21168339,19340,Lygon St/Elgin St #112,433.40633246,28860,29280,420
unimelb_parkville,22122,Princes Hill,2026-10-08,3,03-1--5-T5-142610610,tram,1,East Coburg - South Melbourne Beach,19346,Pigdon St/Lygon St #118,317.21168339,19340,Lygon St/Elgin St #112,433.40633246,29220,29640,420
unimelb_parkville,22122,Princes Hill,2026-10-08,3,03-1--5-T5-142610611,tram,1,East Coburg - South Melbourne Beach,19346,Pigdon St/Lygon St #118,317.21168339,19340,Lygon St/Elgin St #112,433.40633246,29580,30000,420
unimelb_parkville,22122,Princes Hill,2026-10-08,3,03-1--5-T5-142610612,tram,1,East Coburg - South Melbourne Beach,19346,Pigdon St/Lygon St #118,317.21168339,19340,Lygon St/Elgin St #112,433.40633246,29940,30360,420
unimelb_parkville,22122,Princes Hill,2026-10-08,3,03-1--5-T5-142610613,tram,1,East Coburg - South Melbourne Beach,19346,Pigdon St/Lygon St #118,317.21168339,19340,Lygon St/Elgin St #112,433.40633246,30300,30720,420
unimelb_parkville,22122,Princes Hill,2026-10-08,3,03-1--5-T5-142610614,tram,1,East Coburg - South Melbourne Beach,19346,Pigdon St/Lygon St #118,317.21168339,19340,Lygon St/Elgin St #112,433.40633246,30660,31080,420
unimelb_parkville,22122,Princes Hill,2026-10-08,3,03-1--5-T5-142610615,tram,1,East Coburg - South Melbourne Beach,19346,Pigdon St/Lygon St #118,317.21168339,19340,Lygon St/Elgin St #112,433.40633246,31020,31440,420
unimelb_parkville,22122,Princes Hill,2026-10-08,3,03-1--5-T5-142610616,tram,1,East Coburg - South Melbourne Beach,19346,Pigdon St/Lygon St #118,317.21168339,19340,Lygon St/Elgin St #112,433.40633246,31380,31800,420
unimelb_parkville,22122,Princes Hill,2026-10-08,3,03-1--5-T5-142610617,tram,1,East Coburg - South Melbourne Beach,19346,Pigdon St/Lygon St #118,317.21168339,19340,Lygon St/Elgin St #112,433.40633246,31740,32160,420
unimelb_parkville,22122,Princes Hill,2026-10-08,3,03-1--5-T5-142610618,tram,1,East Coburg - South Melbourne Beach,19346,Pigdon St/Lygon St #118,317.21168339,19340,Lygon St/Elgin St #112,433.40633246,32160,32580,420
unimelb_parkville,22122,Princes Hill,2026-10-08,3,03-1--5-T5-142611852,tram,1,East Coburg - South Melbourne Beach,19346,Pigdon St/Lygon St #118,317.21168339,19340,Lygon St/Elgin St #112,433.40633246,25200,25560,360
unimelb_parkville,22122,Princes Hill,2026-10-08,3,03-19--5-T5-142611903,tram,19,North Coburg - Flinders Street Station,17329,Ievers St/Royal Pde #17,601.28937688,17334,Morrah St/Royal Pde #12,393.40118373,25260,25560,300
unimelb_parkville,22122,Princes Hill,2026-10-08,3,03-19--5-T5-142611904,tram,19,North Coburg - Flinders Street Station,17329,Ievers St/Royal Pde #17,601.28937688,17334,Morrah St/Royal Pde #12,393.40118373,25620,25920,300
unimelb_parkville,22122,Princes Hill,2026-10-08,3,03-19--5-T5-142611905,tram,19,North Coburg - Flinders Street Station,17329,Ievers St/Royal Pde #17,601.28937688,17334,Morrah St/Royal Pde #12,393.40118373,25980,26280,300
unimelb_parkville,22122,Princes Hill,2026-10-08,3,03-19--5-T5-142611906,tram,19,North Coburg - Flinders Street Station,17329,Ievers St/Royal Pde #17,601.28937688,17334,Morrah St/Royal Pde #12,393.40118373,26340,26640,300
unimelb_parkville,22122,Princes Hill,2026-10-08,3,03-19--5-T5-142611907,tram,19,North Coburg - Flinders Street Station,17329,Ievers St/Royal Pde #17,601.28937688,17334,Morrah St/Royal Pde #12,393.40118373,26640,27000,360
unimelb_parkville,22122,Princes Hill,2026-10-08,3,03-19--5-T5-142611908,tram,19,North Coburg - Flinders Street Station,17329,Ievers St/Royal Pde #17,601.28937688,17334,Morrah St/Royal Pde #12,393.40118373,26940,27300,360
unimelb_parkville,22122,Princes Hill,2026-10-08,3,03-19--5-T5-142611909,tram,19,North Coburg - Flinders Street Station,17329,Ievers St/Royal Pde #17,601.28937688,17334,Morrah St/Royal Pde #12,393.40118373,27300,27660,360
unimelb_parkville,22122,Princes Hill,2026-10-08,3,03-19--5-T5-142611910,tram,19,North Coburg - Flinders Street Station,17329,Ievers St/Royal Pde #17,601.28937688,17334,Morrah St/Royal Pde #12,393.40118373,27660,28020,360
unimelb_parkville,22122,Princes Hill,2026-10-08,3,03-19--5-T5-142611911,tram,19,North Coburg - Flinders Street Station,17329,Ievers St/Royal Pde #17,601.28937688,17334,Morrah St/Royal Pde #12,393.40118373,27960,28320,360
unimelb_parkville,22122,Princes Hill,2026-10-08,3,03-19--5-T5-142611912,tram,19,North Coburg - Flinders Street Station,17329,Ievers St/Royal Pde #17,601.28937688,17334,Morrah St/Royal Pde #12,393.40118373,28260,28620,360
unimelb_parkville,22122,Princes Hill,2026-10-08,3,03-19--5-T5-142611913,tram,19,North Coburg - Flinders Street Station,17329,Ievers St/Royal Pde #17,601.28937688,17334,Morrah St/Royal Pde #12,393.40118373,28620,28980,360
unimelb_parkville,22122,Princes Hill,2026-10-08,3,03-19--5-T5-142611914,tram,19,North Coburg - Flinders Street Station,17329,Ievers St/Royal Pde #17,601.28937688,17334,Morrah St/Royal Pde #12,393.40118373,28980,29340,360
unimelb_parkville,22122,Princes Hill,2026-10-08,3,03-19--5-T5-142611915,tram,19,North Coburg - Flinders Street Station,17329,Ievers St/Royal Pde #17,601.28937688,17334,Morrah St/Royal Pde #12,393.40118373,29340,29700,360
unimelb_parkville,22122,Princes Hill,2026-10-08,3,03-19--5-T5-142611916,tram,19,North Coburg - Flinders Street Station,17329,Ievers St/Royal Pde #17,601.28937688,17334,Morrah St/Royal Pde #12,393.40118373,29580,29940,360
unimelb_parkville,22122,Princes Hill,2026-10-08,3,03-19--5-T5-142611917,tram,19,North Coburg - Flinders Street Station,17329,Ievers St/Royal Pde #17,601.28937688,17334,Morrah St/Royal Pde #12,393.40118373,29880,30240,360
unimelb_parkville,22122,Princes Hill,2026-10-08,3,03-19--5-T5-142611918,tram,19,North Coburg - Flinders Street Station,17329,Ievers St/Royal Pde #17,601.28937688,17334,Morrah St/Royal Pde #12,393.40118373,30120,30480,360
unimelb_parkville,22122,Princes Hill,2026-10-08,3,03-19--5-T5-142611919,tram,19,North Coburg - Flinders Street Station,17329,Ievers St/Royal Pde #17,601.28937688,17334,Morrah St/Royal Pde #12,393.40118373,30420,30780,360
unimelb_parkville,22122,Princes Hill,2026-10-08,3,03-19--5-T5-142611920,tram,19,North Coburg - Flinders Street Station,17329,Ievers St/Royal Pde #17,601.28937688,17334,Morrah St/Royal Pde #12,393.40118373,30600,30960,360
unimelb_parkville,22122,Princes Hill,2026-10-08,3,03-19--5-T5-142611921,tram,19,North Coburg - Flinders Street Station,17329,Ievers St/Royal Pde #17,601.28937688,17334,Morrah St/Royal Pde #12,393.40118373,30840,31200,360
unimelb_parkville,22122,Princes Hill,2026-10-08,3,03-19--5-T5-142611922,tram,19,North Coburg - Flinders Street Station,17329,Ievers St/Royal Pde #17,601.28937688,17334,Morrah St/Royal Pde #12,393.40118373,31140,31500,360
unimelb_parkville,22122,Princes Hill,2026-10-08,3,03-19--5-T5-142611923,tram,19,North Coburg - Flinders Street Station,17329,Ievers St/Royal Pde #17,601.28937688,17334,Morrah St/Royal Pde #12,393.40118373,31380,31740,360
unimelb_parkville,22122,Princes Hill,2026-10-08,3,03-19--5-T5-142611924,tram,19,North Coburg - Flinders Street Station,17329,Ievers St/Royal Pde #17,601.28937688,17334,Morrah St/Royal Pde #12,393.40118373,31620,31980,360
unimelb_parkville,22122,Princes Hill,2026-10-08,3,03-19--5-T5-142611925,tram,19,North Coburg - Flinders Street Station,17329,Ievers St/Royal Pde #17,601.28937688,17334,Morrah St/Royal Pde #12,393.40118373,31800,32160,360
unimelb_parkville,22122,Princes Hill,2026-10-08,3,03-19--5-T5-142611926,tram,19,North Coburg - Flinders Street Station,17329,Ievers St/Royal Pde #17,601.28937688,17334,Morrah St/Royal Pde #12,393.40118373,32040,32400,360
unimelb_parkville,22122,Princes Hill,2026-10-08,3,03-19--5-T5-142611927,tram,19,North Coburg - Flinders Street Station,17329,Ievers St/Royal Pde #17,601.28937688,17334,Morrah St/Royal Pde #12,393.40118373,32280,32640,360
unimelb_parkville,22122,Princes Hill,2026-10-08,3,03-6--5-T5-142611603,tram,6,Moreland - Glen Iris,19346,Pigdon St/Lygon St #118,317.21168339,19340,Lygon St/Elgin St #112,433.40633246,25320,25680,360
unimelb_parkville,22122,Princes Hill,2026-10-08,3,03-6--5-T5-142611605,tram,6,Moreland - Glen Iris,19346,Pigdon St/Lygon St #118,317.21168339,19340,Lygon St/Elgin St #112,433.40633246,25860,26220,360
unimelb_parkville,22122,Princes Hill,2026-10-08,3,03-6--5-T5-142611607,tram,6,Moreland - Glen Iris,19346,Pigdon St/Lygon St #118,317.21168339,19340,Lygon St/Elgin St #112,433.40633246,26400,26820,420
unimelb_parkville,22122,Princes Hill,2026-10-08,3,03-6--5-T5-142611609,tram,6,Moreland - Glen Iris,19346,Pigdon St/Lygon St #118,317.21168339,19340,Lygon St/Elgin St #112,433.40633246,26940,27360,420
unimelb_parkville,22122,Princes Hill,2026-10-08,3,03-6--5-T5-142611612,tram,6,Moreland - Glen Iris,19346,Pigdon St/Lygon St #118,317.21168339,19340,Lygon St/Elgin St #112,433.40633246,27300,27720,420
unimelb_parkville,22122,Princes Hill,2026-10-08,3,03-6--5-T5-142611614,tram,6,Moreland - Glen Iris,19346,Pigdon St/Lygon St #118,317.21168339,19340,Lygon St/Elgin St #112,433.40633246,27780,28200,420
unimelb_parkville,22122,Princes Hill,2026-10-08,3,03-6--5-T5-142611615,tram,6,Moreland - Glen Iris,19346,Pigdon St/Lygon St #118,317.21168339,19340,Lygon St/Elgin St #112,433.40633246,28320,28740,420
unimelb_parkville,22122,Princes Hill,2026-10-08,3,03-6--5-T5-142611619,tram,6,Moreland - Glen Iris,19346,Pigdon St/Lygon St #118,317.21168339,19340,Lygon St/Elgin St #112,433.40633246,28680,29100,420
unimelb_parkville,22122,Princes Hill,2026-10-08,3,03-6--5-T5-142611621,tram,6,Moreland - Glen Iris,19346,Pigdon St/Lygon St #118,317.21168339,19340,Lygon St/Elgin St #112,433.40633246,29040,29460,420
unimelb_parkville,22122,Princes Hill,2026-10-08,3,03-6--5-T5-142611624,tram,6,Moreland - Glen Iris,19346,Pigdon St/Lygon St #118,317.21168339,19340,Lygon St/Elgin St #112,433.40633246,29400,29820,420
unimelb_parkville,22122,Princes Hill,2026-10-08,3,03-6--5-T5-142611625,tram,6,Moreland - Glen Iris,19346,Pigdon St/Lygon St #118,317.21168339,19340,Lygon St/Elgin St #112,433.40633246,29760,30180,420
unimelb_parkville,22122,Princes Hill,2026-10-08,3,03-6--5-T5-142611628,tram,6,Moreland - Glen Iris,19346,Pigdon St/Lygon St #118,317.21168339,19340,Lygon St/Elgin St #112,433.40633246,30120,30540,420
unimelb_parkville,22122,Princes Hill,2026-10-08,3,03-6--5-T5-142611631,tram,6,Moreland - Glen Iris,19346,Pigdon St/Lygon St #118,317.21168339,19340,Lygon St/Elgin St #112,433.40633246,30480,30900,420
unimelb_parkville,22122,Princes Hill,2026-10-08,3,03-6--5-T5-142611632,tram,6,Moreland - Glen Iris,19346,Pigdon St/Lygon St #118,317.21168339,19340,Lygon St/Elgin St #112,433.40633246,30840,31260,420
unimelb_parkville,22122,Princes Hill,2026-10-08,3,03-6--5-T5-142611633,tram,6,Moreland - Glen Iris,19346,Pigdon St/Lygon St #118,317.21168339,19340,Lygon St/Elgin St #112,433.40633246,31200,31620,420
unimelb_parkville,22122,Princes Hill,2026-10-08,3,03-6--5-T5-142611634,tram,6,Moreland - Glen Iris,19346,Pigdon St/Lygon St #118,317.21168339,19340,Lygon St/Elgin St #112,433.40633246,31560,31980,420
unimelb_parkville,22122,Princes Hill,2026-10-08,3,03-6--5-T5-142611635,tram,6,Moreland - Glen Iris,19346,Pigdon St/Lygon St #118,317.21168339,19340,Lygon St/Elgin St #112,433.40633246,31920,32340,420
unimelb_parkville,22122,Princes Hill,2026-10-08,4,17-250--1-MF62-251131,bus,250,City (Queen St) - La Trobe University via Clifton Hill,664,Pigdon St/Rathdowne St,579.95990548,659,Pitt St/Rathdowne St,751.32998287,27300,27600,300
unimelb_parkville,22122,Princes Hill,2026-10-08,4,17-250--1-MF62-251147,bus,250,City (Queen St) - La Trobe University via Clifton Hill,664,Pigdon St/Rathdowne St,579.95990548,659,Pitt St/Rathdowne St,751.32998287,30900,31560,660
unimelb_parkville,22122,Princes Hill,2026-10-08,4,17-250--1-MF62-251148,bus,250,City (Queen St) - La Trobe University via Clifton Hill,664,Pigdon St/Rathdowne St,579.95990548,659,Pitt St/Rathdowne St,751.32998287,28320,28800,480
unimelb_parkville,22122,Princes Hill,2026-10-08,4,17-250--1-MF62-251151,bus,250,City (Queen St) - La Trobe University via Clifton Hill,664,Pigdon St/Rathdowne St,579.95990548,659,Pitt St/Rathdowne St,751.32998287,25980,26280,300
unimelb_parkville,22122,Princes Hill,2026-10-08,4,17-250--1-MF62-251152,bus,250,City (Queen St) - La Trobe University via Clifton Hill,664,Pigdon St/Rathdowne St,579.95990548,659,Pitt St/Rathdowne St,751.32998287,32100,32760,660
unimelb_parkville,22122,Princes Hill,2026-10-08,4,17-250--1-MF62-251167,bus,250,City (Queen St) - La Trobe University via Clifton Hill,664,Pigdon St/Rathdowne St,579.95990548,659,Pitt St/Rathdowne St,751.32998287,29640,30240,600
unimelb_parkville,22122,Princes Hill,2026-10-08,4,17-251--1-MF62-251168,bus,251,City (Queen St) - Northland Shopping Centre via Clifton Hill,664,Pigdon St/Rathdowne St,579.95990548,659,Pitt St/Rathdowne St,751.32998287,25680,26040,360
unimelb_parkville,22122,Princes Hill,2026-10-08,4,17-251--1-MF62-251192,bus,251,City (Queen St) - Northland Shopping Centre via Clifton Hill,664,Pigdon St/Rathdowne St,579.95990548,659,Pitt St/Rathdowne St,751.32998287,30000,30660,660
unimelb_parkville,22122,Princes Hill,2026-10-08,4,17-251--1-MF62-251196,bus,251,City (Queen St) - Northland Shopping Centre via Clifton Hill,664,Pigdon St/Rathdowne St,579.95990548,659,Pitt St/Rathdowne St,751.32998287,31200,31860,660
unimelb_parkville,22122,Princes Hill,2026-10-08,4,17-251--1-MF62-251197,bus,251,City (Queen St) - Northland Shopping Centre via Clifton Hill,664,Pigdon St/Rathdowne St,579.95990548,659,Pitt St/Rathdowne St,751.32998287,27000,27420,420
unimelb_parkville,22122,Princes Hill,2026-10-08,4,17-251--1-MF62-251204,bus,251,City (Queen St) - Northland Shopping Centre via Clifton Hill,664,Pigdon St/Rathdowne St,579.95990548,659,Pitt St/Rathdowne St,751.32998287,28560,29100,540
unimelb_parkville,22122,Princes Hill,2026-10-08,4,37-505--1-MF96-505857,bus,505,Moonee Ponds - Melbourne University via Parkville Gardens,45653,Princes Park/Royal Pde,726.29040498,46460,Trinity College/Royal Pde,394.86602744,31560,31920,360
unimelb_parkville,22122,Princes Hill,2026-10-08,4,37-505--1-MF96-505860,bus,505,Moonee Ponds - Melbourne University via Parkville Gardens,45653,Princes Park/Royal Pde,726.29040498,46460,Trinity College/Royal Pde,394.86602744,25620,25920,300
unimelb_parkville,22122,Princes Hill,2026-10-08,4,37-505--1-MF96-505864,bus,505,Moonee Ponds - Melbourne University via Parkville Gardens,45653,Princes Park/Royal Pde,726.29040498,46460,Trinity College/Royal Pde,394.86602744,30360,30720,360
unimelb_parkville,22122,Princes Hill,2026-10-08,4,37-505--1-MF96-505867,bus,505,Moonee Ponds - Melbourne University via Parkville Gardens,45653,Princes Park/Royal Pde,726.29040498,46460,Trinity College/Royal Pde,394.86602744,27300,27600,300
unimelb_parkville,22122,Princes Hill,2026-10-08,4,37-505--1-MF96-505873,bus,505,Moonee Ponds - Melbourne University via Parkville Gardens,45653,Princes Park/Royal Pde,726.29040498,46460,Trinity College/Royal Pde,394.86602744,28560,28920,360
unimelb_parkville,22310,South Melbourne,2026-10-08,3,03-1--5-T5-142612078,tram,1,East Coburg - South Melbourne Beach,18483,Clarendon St/Park St #24,134.44149861,19696,Melbourne University/Swanston St #1,483.99846296,25560,26940,1380
unimelb_parkville,22310,South Melbourne,2026-10-08,3,03-1--5-T5-142612079,tram,1,East Coburg - South Melbourne Beach,18483,Clarendon St/Park St #24,134.44149861,19696,Melbourne University/Swanston St #1,483.99846296,26280,27660,1380
unimelb_parkville,22310,South Melbourne,2026-10-08,3,03-1--5-T5-142612080,tram,1,East Coburg - South Melbourne Beach,18483,Clarendon St/Park St #24,134.44149861,19696,Melbourne University/Swanston St #1,483.99846296,26760,28200,1440
unimelb_parkville,22310,South Melbourne,2026-10-08,3,03-1--5-T5-142612081,tram,1,East Coburg - South Melbourne Beach,18483,Clarendon St/Park St #24,134.44149861,19696,Melbourne University/Swanston St #1,483.99846296,27360,28800,1440
unimelb_parkville,22310,South Melbourne,2026-10-08,3,03-1--5-T5-142612082,tram,1,East Coburg - South Melbourne Beach,18483,Clarendon St/Park St #24,134.44149861,19696,Melbourne University/Swanston St #1,483.99846296,27900,29400,1500
unimelb_parkville,22310,South Melbourne,2026-10-08,3,03-1--5-T5-142612083,tram,1,East Coburg - South Melbourne Beach,18483,Clarendon St/Park St #24,134.44149861,19696,Melbourne University/Swanston St #1,483.99846296,28500,30000,1500
unimelb_parkville,22310,South Melbourne,2026-10-08,3,03-1--5-T5-142612084,tram,1,East Coburg - South Melbourne Beach,18483,Clarendon St/Park St #24,134.44149861,19696,Melbourne University/Swanston St #1,483.99846296,29100,30600,1500
unimelb_parkville,22310,South Melbourne,2026-10-08,3,03-1--5-T5-142612085,tram,1,East Coburg - South Melbourne Beach,18483,Clarendon St/Park St #24,134.44149861,19696,Melbourne University/Swanston St #1,483.99846296,29640,31140,1500
unimelb_parkville,22310,South Melbourne,2026-10-08,3,03-1--5-T5-142612086,tram,1,East Coburg - South Melbourne Beach,18483,Clarendon St/Park St #24,134.44149861,19696,Melbourne University/Swanston St #1,483.99846296,30120,31620,1500
unimelb_parkville,22310,South Melbourne,2026-10-08,3,03-1--5-T5-142612087,tram,1,East Coburg - South Melbourne Beach,18483,Clarendon St/Park St #24,134.44149861,19696,Melbourne University/Swanston St #1,483.99846296,30660,32160,1500
unimelb_parkville,22310,South Melbourne,2026-10-08,3,03-1--5-T5-142612088,tram,1,East Coburg - South Melbourne Beach,18483,Clarendon St/Park St #24,134.44149861,19696,Melbourne University/Swanston St #1,483.99846296,31140,32640,1500
unimelb_parkville,22310,South Melbourne,2026-10-08,3,03-1--5-T5-142612089,tram,1,East Coburg - South Melbourne Beach,18483,Clarendon St/Park St #24,134.44149861,19696,Melbourne University/Swanston St #1,483.99846296,31560,33060,1500
unimelb_parkville,22310,South Melbourne,2026-10-08,3,03-1--5-T5-142612090,tram,1,East Coburg - South Melbourne Beach,18483,Clarendon St/Park St #24,134.44149861,19696,Melbourne University/Swanston St #1,483.99846296,31920,33420,1500
unimelb_parkville,22310,South Melbourne,2026-10-08,3,03-1--5-T5-142612091,tram,1,East Coburg - South Melbourne Beach,18483,Clarendon St/Park St #24,134.44149861,19696,Melbourne University/Swanston St #1,483.99846296,32280,33780,1500
unimelb_parkville,22315,Southbank,2026-10-08,3,03-1--5-T5-142612077,tram,1,East Coburg - South Melbourne Beach,18226,Grant St/Sturt St #18,237.71703927,19696,Melbourne University/Swanston St #1,483.99846296,25200,26220,1020
unimelb_parkville,22315,Southbank,2026-10-08,3,03-1--5-T5-142612078,tram,1,East Coburg - South Melbourne Beach,18226,Grant St/Sturt St #18,237.71703927,19696,Melbourne University/Swanston St #1,483.99846296,25860,26940,1080
unimelb_parkville,22315,Southbank,2026-10-08,3,03-1--5-T5-142612079,tram,1,East Coburg - South Melbourne Beach,18226,Grant St/Sturt St #18,237.71703927,19696,Melbourne University/Swanston St #1,483.99846296,26580,27660,1080
unimelb_parkville,22315,Southbank,2026-10-08,3,03-1--5-T5-142612080,tram,1,East Coburg - South Melbourne Beach,18226,Grant St/Sturt St #18,237.71703927,19696,Melbourne University/Swanston St #1,483.99846296,27060,28200,1140
unimelb_parkville,22315,Southbank,2026-10-08,3,03-1--5-T5-142612081,tram,1,East Coburg - South Melbourne Beach,18226,Grant St/Sturt St #18,237.71703927,19696,Melbourne University/Swanston St #1,483.99846296,27660,28800,1140
unimelb_parkville,22315,Southbank,2026-10-08,3,03-1--5-T5-142612082,tram,1,East Coburg - South Melbourne Beach,18226,Grant St/Sturt St #18,237.71703927,19696,Melbourne University/Swanston St #1,483.99846296,28200,29400,1200
unimelb_parkville,22315,Southbank,2026-10-08,3,03-1--5-T5-142612083,tram,1,East Coburg - South Melbourne Beach,18226,Grant St/Sturt St #18,237.71703927,19696,Melbourne University/Swanston St #1,483.99846296,28800,30000,1200
unimelb_parkville,22315,Southbank,2026-10-08,3,03-1--5-T5-142612084,tram,1,East Coburg - South Melbourne Beach,18226,Grant St/Sturt St #18,237.71703927,19696,Melbourne University/Swanston St #1,483.99846296,29400,30600,1200
unimelb_parkville,22315,Southbank,2026-10-08,3,03-1--5-T5-142612085,tram,1,East Coburg - South Melbourne Beach,18226,Grant St/Sturt St #18,237.71703927,19696,Melbourne University/Swanston St #1,483.99846296,29940,31140,1200
unimelb_parkville,22315,Southbank,2026-10-08,3,03-1--5-T5-142612086,tram,1,East Coburg - South Melbourne Beach,18226,Grant St/Sturt St #18,237.71703927,19696,Melbourne University/Swanston St #1,483.99846296,30420,31620,1200
unimelb_parkville,22315,Southbank,2026-10-08,3,03-1--5-T5-142612087,tram,1,East Coburg - South Melbourne Beach,18226,Grant St/Sturt St #18,237.71703927,19696,Melbourne University/Swanston St #1,483.99846296,30960,32160,1200
unimelb_parkville,22315,Southbank,2026-10-08,3,03-1--5-T5-142612088,tram,1,East Coburg - South Melbourne Beach,18226,Grant St/Sturt St #18,237.71703927,19696,Melbourne University/Swanston St #1,483.99846296,31440,32640,1200
unimelb_parkville,22315,Southbank,2026-10-08,3,03-1--5-T5-142612089,tram,1,East Coburg - South Melbourne Beach,18226,Grant St/Sturt St #18,237.71703927,19696,Melbourne University/Swanston St #1,483.99846296,31860,33060,1200
unimelb_parkville,22315,Southbank,2026-10-08,3,03-1--5-T5-142612090,tram,1,East Coburg - South Melbourne Beach,18226,Grant St/Sturt St #18,237.71703927,19696,Melbourne University/Swanston St #1,483.99846296,32220,33420,1200
unimelb_parkville,22315,Southbank,2026-10-08,3,03-16--5-T5-142611154,tram,16,Melbourne University - Kew,46880,Grant St-Police Memorial/St Kilda Rd #17,583.700079,19696,Melbourne University/Swanston St #1,483.99846296,26160,27180,1020
unimelb_parkville,22315,Southbank,2026-10-08,3,03-16--5-T5-142611155,tram,16,Melbourne University - Kew,46880,Grant St-Police Memorial/St Kilda Rd #17,583.700079,19696,Melbourne University/Swanston St #1,483.99846296,27540,28560,1020
unimelb_parkville,22315,Southbank,2026-10-08,3,03-16--5-T5-142611156,tram,16,Melbourne University - Kew,46880,Grant St-Police Memorial/St Kilda Rd #17,583.700079,19696,Melbourne University/Swanston St #1,483.99846296,28680,29760,1080
unimelb_parkville,22315,Southbank,2026-10-08,3,03-16--5-T5-142611157,tram,16,Melbourne University - Kew,46880,Grant St-Police Memorial/St Kilda Rd #17,583.700079,19696,Melbourne University/Swanston St #1,483.99846296,29280,30420,1140
unimelb_parkville,22315,Southbank,2026-10-08,3,03-16--5-T5-142611158,tram,16,Melbourne University - Kew,46880,Grant St-Police Memorial/St Kilda Rd #17,583.700079,19696,Melbourne University/Swanston St #1,483.99846296,29880,31020,1140
unimelb_parkville,22315,Southbank,2026-10-08,3,03-16--5-T5-142611159,tram,16,Melbourne University - Kew,46880,Grant St-Police Memorial/St Kilda Rd #17,583.700079,19696,Melbourne University/Swanston St #1,483.99846296,30480,31620,1140
unimelb_parkville,22315,Southbank,2026-10-08,3,03-16--5-T5-142611160,tram,16,Melbourne University - Kew,46880,Grant St-Police Memorial/St Kilda Rd #17,583.700079,19696,Melbourne University/Swanston St #1,483.99846296,31140,32280,1140
unimelb_parkville,22315,Southbank,2026-10-08,3,03-16--5-T5-142611161,tram,16,Melbourne University - Kew,46880,Grant St-Police Memorial/St Kilda Rd #17,583.700079,19696,Melbourne University/Swanston St #1,483.99846296,31740,32880,1140
unimelb_parkville,22315,Southbank,2026-10-08,3,03-16--5-T5-142611507,tram,16,Melbourne University - Kew,46880,Grant St-Police Memorial/St Kilda Rd #17,583.700079,19696,Melbourne University/Swanston St #1,483.99846296,25500,26460,960
unimelb_parkville,22315,Southbank,2026-10-08,3,03-16--5-T5-142611513,tram,16,Melbourne University - Kew,46880,Grant St-Police Memorial/St Kilda Rd #17,583.700079,19696,Melbourne University/Swanston St #1,483.99846296,26880,27900,1020
unimelb_parkville,22315,Southbank,2026-10-08,3,03-16--5-T5-142611516,tram,16,Melbourne University - Kew,46880,Grant St-Police Memorial/St Kilda Rd #17,583.700079,19696,Melbourne University/Swanston St #1,483.99846296,28080,29100,1020
unimelb_parkville,22315,Southbank,2026-10-08,3,03-3--5-T5-142612795,tram,3,Melbourne University - East Malvern,46880,Grant St-Police Memorial/St Kilda Rd #17,583.700079,19696,Melbourne University/Swanston St #1,483.99846296,25380,26280,900
unimelb_parkville,22315,Southbank,2026-10-08,3,03-3--5-T5-142612796,tram,3,Melbourne University - East Malvern,46880,Grant St-Police Memorial/St Kilda Rd #17,583.700079,19696,Melbourne University/Swanston St #1,483.99846296,26100,27060,960
unimelb_parkville,22315,Southbank,2026-10-08,3,03-3--5-T5-142612797,tram,3,Melbourne University - East Malvern,46880,Grant St-Police Memorial/St Kilda Rd #17,583.700079,19696,Melbourne University/Swanston St #1,483.99846296,26820,27780,960
unimelb_parkville,22315,Southbank,2026-10-08,3,03-3--5-T5-142612798,tram,3,Melbourne University - East Malvern,46880,Grant St-Police Memorial/St Kilda Rd #17,583.700079,19696,Melbourne University/Swanston St #1,483.99846296,27420,28380,960
unimelb_parkville,22315,Southbank,2026-10-08,3,03-3--5-T5-142612799,tram,3,Melbourne University - East Malvern,46880,Grant St-Police Memorial/St Kilda Rd #17,583.700079,19696,Melbourne University/Swanston St #1,483.99846296,27960,28920,960
unimelb_parkville,22315,Southbank,2026-10-08,3,03-3--5-T5-142612800,tram,3,Melbourne University - East Malvern,46880,Grant St-Police Memorial/St Kilda Rd #17,583.700079,19696,Melbourne University/Swanston St #1,483.99846296,28620,29640,1020
unimelb_parkville,22315,Southbank,2026-10-08,3,03-3--5-T5-142612801,tram,3,Melbourne University - East Malvern,46880,Grant St-Police Memorial/St Kilda Rd #17,583.700079,19696,Melbourne University/Swanston St #1,483.99846296,29100,30180,1080
unimelb_parkville,22315,Southbank,2026-10-08,3,03-3--5-T5-142612802,tram,3,Melbourne University - East Malvern,46880,Grant St-Police Memorial/St Kilda Rd #17,583.700079,19696,Melbourne University/Swanston St #1,483.99846296,29760,30840,1080
unimelb_parkville,22315,Southbank,2026-10-08,3,03-3--5-T5-142612803,tram,3,Melbourne University - East Malvern,46880,Grant St-Police Memorial/St Kilda Rd #17,583.700079,19696,Melbourne University/Swanston St #1,483.99846296,30360,31440,1080
unimelb_parkville,22315,Southbank,2026-10-08,3,03-3--5-T5-142612804,tram,3,Melbourne University - East Malvern,46880,Grant St-Police Memorial/St Kilda Rd #17,583.700079,19696,Melbourne University/Swanston St #1,483.99846296,31020,32100,1080
unimelb_parkville,22315,Southbank,2026-10-08,3,03-3--5-T5-142612805,tram,3,Melbourne University - East Malvern,46880,Grant St-Police Memorial/St Kilda Rd #17,583.700079,19696,Melbourne University/Swanston St #1,483.99846296,31680,32760,1080
unimelb_parkville,22315,Southbank,2026-10-08,3,03-3--5-T5-142612806,tram,3,Melbourne University - East Malvern,19679,Shrine of Remembrance/St Kilda Rd #19,759.90109522,19696,Melbourne University/Swanston St #1,483.99846296,32280,33480,1200
unimelb_parkville,22315,Southbank,2026-10-08,3,03-5--5-T5-142611255,tram,5,Melbourne University - Malvern,46880,Grant St-Police Memorial/St Kilda Rd #17,583.700079,19696,Melbourne University/Swanston St #1,483.99846296,25200,26100,900
unimelb_parkville,22315,Southbank,2026-10-08,3,03-5--5-T5-142611256,tram,5,Melbourne University - Malvern,46880,Grant St-Police Memorial/St Kilda Rd #17,583.700079,19696,Melbourne University/Swanston St #1,483.99846296,25740,26700,960
unimelb_parkville,22315,Southbank,2026-10-08,3,03-5--5-T5-142611257,tram,5,Melbourne University - Malvern,46880,Grant St-Police Memorial/St Kilda Rd #17,583.700079,19696,Melbourne University/Swanston St #1,483.99846296,26280,27240,960
unimelb_parkville,22315,Southbank,2026-10-08,3,03-5--5-T5-142611258,tram,5,Melbourne University - Malvern,46880,Grant St-Police Memorial/St Kilda Rd #17,583.700079,19696,Melbourne University/Swanston St #1,483.99846296,27000,27960,960
unimelb_parkville,22315,Southbank,2026-10-08,3,03-5--5-T5-142611259,tram,5,Melbourne University - Malvern,46880,Grant St-Police Memorial/St Kilda Rd #17,583.700079,19696,Melbourne University/Swanston St #1,483.99846296,27660,28620,960
unimelb_parkville,22315,Southbank,2026-10-08,3,03-5--5-T5-142611260,tram,5,Melbourne University - Malvern,46880,Grant St-Police Memorial/St Kilda Rd #17,583.700079,19696,Melbourne University/Swanston St #1,483.99846296,28260,29280,1020
unimelb_parkville,22315,Southbank,2026-10-08,3,03-5--5-T5-142611261,tram,5,Melbourne University - Malvern,46880,Grant St-Police Memorial/St Kilda Rd #17,583.700079,19696,Melbourne University/Swanston St #1,483.99846296,28800,29820,1020
unimelb_parkville,22315,Southbank,2026-10-08,3,03-5--5-T5-142611262,tram,5,Melbourne University - Malvern,46880,Grant St-Police Memorial/St Kilda Rd #17,583.700079,19696,Melbourne University/Swanston St #1,483.99846296,29400,30480,1080
unimelb_parkville,22315,Southbank,2026-10-08,3,03-5--5-T5-142611263,tram,5,Melbourne University - Malvern,46880,Grant St-Police Memorial/St Kilda Rd #17,583.700079,19696,Melbourne University/Swanston St #1,483.99846296,30000,31080,1080
unimelb_parkville,22315,Southbank,2026-10-08,3,03-5--5-T5-142611264,tram,5,Melbourne University - Malvern,46880,Grant St-Police Memorial/St Kilda Rd #17,583.700079,19696,Melbourne University/Swanston St #1,483.99846296,30600,31680,1080
unimelb_parkville,22315,Southbank,2026-10-08,3,03-5--5-T5-142611265,tram,5,Melbourne University - Malvern,46880,Grant St-Police Memorial/St Kilda Rd #17,583.700079,19696,Melbourne University/Swanston St #1,483.99846296,31200,32280,1080
unimelb_parkville,22315,Southbank,2026-10-08,3,03-5--5-T5-142611266,tram,5,Melbourne University - Malvern,46880,Grant St-Police Memorial/St Kilda Rd #17,583.700079,19696,Melbourne University/Swanston St #1,483.99846296,31800,32880,1080
unimelb_parkville,22315,Southbank,2026-10-08,3,03-5--5-T5-142611267,tram,5,Melbourne University - Malvern,19679,Shrine of Remembrance/St Kilda Rd #19,759.90109522,19696,Melbourne University/Swanston St #1,483.99846296,32340,33540,1200
unimelb_parkville,22315,Southbank,2026-10-08,3,03-6--5-T5-142611034,tram,6,Moreland - Glen Iris,19684,Arts Precinct/St Kilda Rd #14,620.19466514,19696,Melbourne University/Swanston St #1,483.99846296,25200,26040,840
unimelb_parkville,22315,Southbank,2026-10-08,3,03-6--5-T5-142611035,tram,6,Moreland - Glen Iris,46880,Grant St-Police Memorial/St Kilda Rd #17,583.700079,19696,Melbourne University/Swanston St #1,483.99846296,25800,26760,960
unimelb_parkville,22315,Southbank,2026-10-08,3,03-6--5-T5-142611036,tram,6,Moreland - Glen Iris,46880,Grant St-Police Memorial/St Kilda Rd #17,583.700079,19696,Melbourne University/Swanston St #1,483.99846296,26520,27480,960
unimelb_parkville,22315,Southbank,2026-10-08,3,03-6--5-T5-142611037,tram,6,Moreland - Glen Iris,46880,Grant St-Police Memorial/St Kilda Rd #17,583.700079,19696,Melbourne University/Swanston St #1,483.99846296,26940,27900,960
unimelb_parkville,22315,Southbank,2026-10-08,3,03-6--5-T5-142611038,tram,6,Moreland - Glen Iris,46880,Grant St-Police Memorial/St Kilda Rd #17,583.700079,19696,Melbourne University/Swanston St #1,483.99846296,27600,28560,960
unimelb_parkville,22315,Southbank,2026-10-08,3,03-6--5-T5-142611039,tram,6,Moreland - Glen Iris,46880,Grant St-Police Memorial/St Kilda Rd #17,583.700079,19696,Melbourne University/Swanston St #1,483.99846296,28140,29160,1020
unimelb_parkville,22315,Southbank,2026-10-08,3,03-6--5-T5-142611040,tram,6,Moreland - Glen Iris,46880,Grant St-Police Memorial/St Kilda Rd #17,583.700079,19696,Melbourne University/Swanston St #1,483.99846296,28740,29760,1020
unimelb_parkville,22315,Southbank,2026-10-08,3,03-6--5-T5-142611041,tram,6,Moreland - Glen Iris,46880,Grant St-Police Memorial/St Kilda Rd #17,583.700079,19696,Melbourne University/Swanston St #1,483.99846296,29220,30300,1080
unimelb_parkville,22315,Southbank,2026-10-08,3,03-6--5-T5-142611042,tram,6,Moreland - Glen Iris,46880,Grant St-Police Memorial/St Kilda Rd #17,583.700079,19696,Melbourne University/Swanston St #1,483.99846296,29820,30900,1080
unimelb_parkville,22315,Southbank,2026-10-08,3,03-6--5-T5-142611043,tram,6,Moreland - Glen Iris,46880,Grant St-Police Memorial/St Kilda Rd #17,583.700079,19696,Melbourne University/Swanston St #1,483.99846296,30240,31320,1080
unimelb_parkville,22315,Southbank,2026-10-08,3,03-6--5-T5-142611044,tram,6,Moreland - Glen Iris,46880,Grant St-Police Memorial/St Kilda Rd #17,583.700079,19696,Melbourne University/Swanston St #1,483.99846296,30900,31980,1080
unimelb_parkville,22315,Southbank,2026-10-08,3,03-6--5-T5-142611045,tram,6,Moreland - Glen Iris,46880,Grant St-Police Memorial/St Kilda Rd #17,583.700079,19696,Melbourne University/Swanston St #1,483.99846296,31440,32520,1080
unimelb_parkville,22315,Southbank,2026-10-08,3,03-6--5-T5-142611046,tram,6,Moreland - Glen Iris,46880,Grant St-Police Memorial/St Kilda Rd #17,583.700079,19696,Melbourne University/Swanston St #1,483.99846296,32100,33180,1080
unimelb_parkville,22315,Southbank,2026-10-08,3,03-6--5-T5-142611803,tram,6,Moreland - Glen Iris,46880,Grant St-Police Memorial/St Kilda Rd #17,583.700079,19696,Melbourne University/Swanston St #1,483.99846296,25440,26340,900
unimelb_parkville,22315,Southbank,2026-10-08,3,03-6--5-T5-142611805,tram,6,Moreland - Glen Iris,46880,Grant St-Police Memorial/St Kilda Rd #17,583.700079,19696,Melbourne University/Swanston St #1,483.99846296,26220,27180,960
unimelb_parkville,22315,Southbank,2026-10-08,3,03-64--5-T5-142612693,tram,64,Melbourne University - East Brighton,46880,Grant St-Police Memorial/St Kilda Rd #17,583.700079,19696,Melbourne University/Swanston St #1,483.99846296,25560,26460,900
unimelb_parkville,22315,Southbank,2026-10-08,3,03-64--5-T5-142612694,tram,64,Melbourne University - East Brighton,46880,Grant St-Police Memorial/St Kilda Rd #17,583.700079,19696,Melbourne University/Swanston St #1,483.99846296,26040,27000,960
unimelb_parkville,22315,Southbank,2026-10-08,3,03-64--5-T5-142612695,tram,64,Melbourne University - East Brighton,46880,Grant St-Police Memorial/St Kilda Rd #17,583.700079,19696,Melbourne University/Swanston St #1,483.99846296,26580,27540,960
unimelb_parkville,22315,Southbank,2026-10-08,3,03-64--5-T5-142612696,tram,64,Melbourne University - East Brighton,46880,Grant St-Police Memorial/St Kilda Rd #17,583.700079,19696,Melbourne University/Swanston St #1,483.99846296,27300,28260,960
unimelb_parkville,22315,Southbank,2026-10-08,3,03-64--5-T5-142612697,tram,64,Melbourne University - East Brighton,46880,Grant St-Police Memorial/St Kilda Rd #17,583.700079,19696,Melbourne University/Swanston St #1,483.99846296,27900,28860,960
unimelb_parkville,22315,Southbank,2026-10-08,3,03-64--5-T5-142612698,tram,64,Melbourne University - East Brighton,46880,Grant St-Police Memorial/St Kilda Rd #17,583.700079,19696,Melbourne University/Swanston St #1,483.99846296,28440,29460,1020
unimelb_parkville,22315,Southbank,2026-10-08,3,03-64--5-T5-142612699,tram,64,Melbourne University - East Brighton,46880,Grant St-Police Memorial/St Kilda Rd #17,583.700079,19696,Melbourne University/Swanston St #1,483.99846296,28980,30060,1080
unimelb_parkville,22315,Southbank,2026-10-08,3,03-64--5-T5-142612700,tram,64,Melbourne University - East Brighton,46880,Grant St-Police Memorial/St Kilda Rd #17,583.700079,19696,Melbourne University/Swanston St #1,483.99846296,29640,30720,1080
unimelb_parkville,22315,Southbank,2026-10-08,3,03-64--5-T5-142612701,tram,64,Melbourne University - East Brighton,46880,Grant St-Police Memorial/St Kilda Rd #17,583.700079,19696,Melbourne University/Swanston St #1,483.99846296,30180,31260,1080
unimelb_parkville,22315,Southbank,2026-10-08,3,03-64--5-T5-142612702,tram,64,Melbourne University - East Brighton,46880,Grant St-Police Memorial/St Kilda Rd #17,583.700079,19696,Melbourne University/Swanston St #1,483.99846296,30720,31800,1080
unimelb_parkville,22315,Southbank,2026-10-08,3,03-64--5-T5-142612703,tram,64,Melbourne University - East Brighton,46880,Grant St-Police Memorial/St Kilda Rd #17,583.700079,19696,Melbourne University/Swanston St #1,483.99846296,31380,32460,1080
unimelb_parkville,22315,Southbank,2026-10-08,3,03-64--5-T5-142612704,tram,64,Melbourne University - East Brighton,46880,Grant St-Police Memorial/St Kilda Rd #17,583.700079,19696,Melbourne University/Swanston St #1,483.99846296,32040,33120,1080
unimelb_parkville,22315,Southbank,2026-10-08,3,03-67--5-T5-142612595,tram,67,Melbourne University - Carnegie,46880,Grant St-Police Memorial/St Kilda Rd #17,583.700079,19696,Melbourne University/Swanston St #1,483.99846296,25260,26160,900
unimelb_parkville,22315,Southbank,2026-10-08,3,03-67--5-T5-142612596,tram,67,Melbourne University - Carnegie,46880,Grant St-Police Memorial/St Kilda Rd #17,583.700079,19696,Melbourne University/Swanston St #1,483.99846296,25920,26880,960
unimelb_parkville,22315,Southbank,2026-10-08,3,03-67--5-T5-142612597,tram,67,Melbourne University - Carnegie,46880,Grant St-Police Memorial/St Kilda Rd #17,583.700079,19696,Melbourne University/Swanston St #1,483.99846296,26760,27720,960
unimelb_parkville,22315,Southbank,2026-10-08,3,03-67--5-T5-142612598,tram,67,Melbourne University - Carnegie,46880,Grant St-Police Memorial/St Kilda Rd #17,583.700079,19696,Melbourne University/Swanston St #1,483.99846296,27360,28320,960
unimelb_parkville,22315,Southbank,2026-10-08,3,03-67--5-T5-142612599,tram,67,Melbourne University - Carnegie,46880,Grant St-Police Memorial/St Kilda Rd #17,583.700079,19696,Melbourne University/Swanston St #1,483.99846296,28020,28980,960
unimelb_parkville,22315,Southbank,2026-10-08,3,03-67--5-T5-142612600,tram,67,Melbourne University - Carnegie,46880,Grant St-Police Memorial/St Kilda Rd #17,583.700079,19696,Melbourne University/Swanston St #1,483.99846296,28560,29580,1020
unimelb_parkville,22315,Southbank,2026-10-08,3,03-67--5-T5-142612601,tram,67,Melbourne University - Carnegie,46880,Grant St-Police Memorial/St Kilda Rd #17,583.700079,19696,Melbourne University/Swanston St #1,483.99846296,29160,30240,1080
unimelb_parkville,22315,Southbank,2026-10-08,3,03-67--5-T5-142612602,tram,67,Melbourne University - Carnegie,46880,Grant St-Police Memorial/St Kilda Rd #17,583.700079,19696,Melbourne University/Swanston St #1,483.99846296,29700,30780,1080
unimelb_parkville,22315,Southbank,2026-10-08,3,03-67--5-T5-142612603,tram,67,Melbourne University - Carnegie,46880,Grant St-Police Memorial/St Kilda Rd #17,583.700079,19696,Melbourne University/Swanston St #1,483.99846296,30300,31380,1080
unimelb_parkville,22315,Southbank,2026-10-08,3,03-67--5-T5-142612604,tram,67,Melbourne University - Carnegie,46880,Grant St-Police Memorial/St Kilda Rd #17,583.700079,19696,Melbourne University/Swanston St #1,483.99846296,30960,32040,1080
unimelb_parkville,22315,Southbank,2026-10-08,3,03-67--5-T5-142612605,tram,67,Melbourne University - Carnegie,46880,Grant St-Police Memorial/St Kilda Rd #17,583.700079,19696,Melbourne University/Swanston St #1,483.99846296,31620,32700,1080
unimelb_parkville,22315,Southbank,2026-10-08,3,03-67--5-T5-142612606,tram,67,Melbourne University - Carnegie,46880,Grant St-Police Memorial/St Kilda Rd #17,583.700079,19696,Melbourne University/Swanston St #1,483.99846296,32280,33360,1080
unimelb_parkville,22315,Southbank,2026-10-08,3,03-72--5-T5-142610493,tram,72,Melbourne University - Camberwell,46880,Grant St-Police Memorial/St Kilda Rd #17,583.700079,19696,Melbourne University/Swanston St #1,483.99846296,25260,26160,900
unimelb_parkville,22315,Southbank,2026-10-08,3,03-72--5-T5-142610494,tram,72,Melbourne University - Camberwell,46880,Grant St-Police Memorial/St Kilda Rd #17,583.700079,19696,Melbourne University/Swanston St #1,483.99846296,25860,26820,960
unimelb_parkville,22315,Southbank,2026-10-08,3,03-72--5-T5-142610495,tram,72,Melbourne University - Camberwell,46880,Grant St-Police Memorial/St Kilda Rd #17,583.700079,19696,Melbourne University/Swanston St #1,483.99846296,26640,27600,960
unimelb_parkville,22315,Southbank,2026-10-08,3,03-72--5-T5-142610496,tram,72,Melbourne University - Camberwell,46880,Grant St-Police Memorial/St Kilda Rd #17,583.700079,19696,Melbourne University/Swanston St #1,483.99846296,27180,28140,960
unimelb_parkville,22315,Southbank,2026-10-08,3,03-72--5-T5-142610497,tram,72,Melbourne University - Camberwell,46880,Grant St-Police Memorial/St Kilda Rd #17,583.700079,19696,Melbourne University/Swanston St #1,483.99846296,27780,28740,960
unimelb_parkville,22315,Southbank,2026-10-08,3,03-72--5-T5-142610498,tram,72,Melbourne University - Camberwell,46880,Grant St-Police Memorial/St Kilda Rd #17,583.700079,19696,Melbourne University/Swanston St #1,483.99846296,28320,29340,1020
unimelb_parkville,22315,Southbank,2026-10-08,3,03-72--5-T5-142610499,tram,72,Melbourne University - Camberwell,46880,Grant St-Police Memorial/St Kilda Rd #17,583.700079,19696,Melbourne University/Swanston St #1,483.99846296,28860,29940,1080
unimelb_parkville,22315,Southbank,2026-10-08,3,03-72--5-T5-142610500,tram,72,Melbourne University - Camberwell,46880,Grant St-Police Memorial/St Kilda Rd #17,583.700079,19696,Melbourne University/Swanston St #1,483.99846296,29460,30540,1080
unimelb_parkville,22315,Southbank,2026-10-08,3,03-72--5-T5-142610501,tram,72,Melbourne University - Camberwell,46880,Grant St-Police Memorial/St Kilda Rd #17,583.700079,19696,Melbourne University/Swanston St #1,483.99846296,30120,31200,1080
unimelb_parkville,22315,Southbank,2026-10-08,3,03-72--5-T5-142610502,tram,72,Melbourne University - Camberwell,46880,Grant St-Police Memorial/St Kilda Rd #17,583.700079,19696,Melbourne University/Swanston St #1,483.99846296,30780,31860,1080
unimelb_parkville,22315,Southbank,2026-10-08,3,03-72--5-T5-142610503,tram,72,Melbourne University - Camberwell,46880,Grant St-Police Memorial/St Kilda Rd #17,583.700079,19696,Melbourne University/Swanston St #1,483.99846296,31500,32580,1080
unimelb_parkville,22315,Southbank,2026-10-08,3,03-72--5-T5-142610504,tram,72,Melbourne University - Camberwell,46880,Grant St-Police Memorial/St Kilda Rd #17,583.700079,19696,Melbourne University/Swanston St #1,483.99846296,32220,33300,1080
unimelb_parkville,22572,Travancore,2026-10-08,4,37-505--1-MF96-505852,bus,505,Moonee Ponds - Melbourne University via Parkville Gardens,45648,Auckland Lane/Cade Way,499.38273325,46460,Trinity College/Royal Pde,394.86602744,32160,33060,900
unimelb_parkville,22572,Travancore,2026-10-08,4,37-505--1-MF96-505857,bus,505,Moonee Ponds - Melbourne University via Parkville Gardens,45648,Auckland Lane/Cade Way,499.38273325,46460,Trinity College/Royal Pde,394.86602744,30900,31920,1020
unimelb_parkville,22572,Travancore,2026-10-08,4,37-505--1-MF96-505860,bus,505,Moonee Ponds - Melbourne University via Parkville Gardens,45649,Parkville Ave/Garrard St,554.73204274,46460,Trinity College/Royal Pde,394.86602744,25200,25920,720
unimelb_parkville,22572,Travancore,2026-10-08,4,37-505--1-MF96-505864,bus,505,Moonee Ponds - Melbourne University via Parkville Gardens,45648,Auckland Lane/Cade Way,499.38273325,46460,Trinity College/Royal Pde,394.86602744,29700,30720,1020
unimelb_parkville,22572,Travancore,2026-10-08,4,37-505--1-MF96-505867,bus,505,Moonee Ponds - Melbourne University via Parkville Gardens,45648,Auckland Lane/Cade Way,499.38273325,46460,Trinity College/Royal Pde,394.86602744,26820,27600,780
unimelb_parkville,22572,Travancore,2026-10-08,4,37-505--1-MF96-505873,bus,505,Moonee Ponds - Melbourne University via Parkville Gardens,45648,Auckland Lane/Cade Way,499.38273325,46460,Trinity College/Royal Pde,394.86602744,27960,28920,960
