campus_id,sal_code,suburb_name,straight_line_km,latitude,longitude,campus_latitude,campus_longitude
monash_clayton,20002,Abbotsford (Vic.),16.88454367169,-37.80369174166584,145.00002651399268,-37.91064,145.13647
rmit_city,20002,Abbotsford (Vic.),3.35279067878,-37.80369174166584,145.00002651399268,-37.80825,144.96239
unimelb_parkville,20002,Abbotsford (Vic.),3.4530551906199998,-37.80369174166584,145.00002651399268,-37.79468,144.9625
monash_clayton,20003,Aberfeldie,26.93781208052,-37.75992709619832,144.89661189097043,-37.91064,145.13647
rmit_city,20003,Aberfeldie,7.89565435506,-37.75992709619832,144.89661189097043,-37.80825,144.96239
unimelb_parkville,20003,Aberfeldie,6.96934964738,-37.75992709619832,144.89661189097043,-37.79468,144.9625
monash_clayton,20731,Delahey,38.146567497099994,-37.71893146070518,144.7769057585722,-37.91064,145.13647
rmit_city,20731,Delahey,19.11534880494,-37.71893146070518,144.7769057585722,-37.80825,144.96239
unimelb_parkville,20731,Delahey,18.389334915830002,-37.71893146070518,144.7769057585722,-37.79468,144.9625
monash_clayton,20011,Aintree,46.811225567250005,-37.7175235983604,144.6638539966528,-37.91064,145.13647
rmit_city,20011,Aintree,28.16688818971,-37.7175235983604,144.6638539966528,-37.80825,144.96239
unimelb_parkville,20011,Aintree,27.67570761157,-37.7175235983604,144.6638539966528,-37.79468,144.9625
monash_clayton,20015,Airport West,30.73281310024,-37.72251278534322,144.88036856444154,-37.91064,145.13647
rmit_city,20015,Airport West,11.949355526769999,-37.72251278534322,144.88036856444154,-37.80825,144.96239
unimelb_parkville,20015,Airport West,10.79534685994,-37.72251278534322,144.88036856444154,-37.79468,144.9625
monash_clayton,20017,Albanvale,37.14771783686,-37.7460631745248,144.7690532303787,-37.91064,145.13647
rmit_city,20017,Albanvale,18.377895799890002,-37.7460631745248,144.7690532303787,-37.80825,144.96239
unimelb_parkville,20017,Albanvale,17.877554990180002,-37.7460631745248,144.7690532303787,-37.79468,144.9625
monash_clayton,20037,Altona North,27.88451475878,-37.837626087704415,144.8332171997209,-37.91064,145.13647
rmit_city,20037,Altona North,11.830953248190001,-37.837626087704415,144.8332171997209,-37.80825,144.96239
unimelb_parkville,20037,Altona North,12.34123059803,-37.837626087704415,144.8332171997209,-37.79468,144.9625
monash_clayton,20018,Albert Park (Vic.),17.8242972892,-37.8452492255711,144.9514272828487,-37.91064,145.13647
rmit_city,20018,Albert Park (Vic.),4.2185516613,-37.8452492255711,144.9514272828487,-37.80825,144.96239
unimelb_parkville,20018,Albert Park (Vic.),5.69687326349,-37.8452492255711,144.9514272828487,-37.79468,144.9625
monash_clayton,20021,Albion (Vic.),31.98399340368,-37.775720316636004,144.8153848463054,-37.91064,145.13647
rmit_city,20021,Albion (Vic.),13.442179849390001,-37.775720316636004,144.8153848463054,-37.80825,144.96239
unimelb_parkville,20021,Albion (Vic.),13.128832607480001,-37.775720316636004,144.8153848463054,-37.79468,144.9625
monash_clayton,20034,Alphington,17.43573140359,-37.77813638740222,145.0300682723323,-37.91064,145.13647
rmit_city,20034,Alphington,6.83411387971,-37.77813638740222,145.0300682723323,-37.80825,144.96239
unimelb_parkville,20034,Alphington,6.22866876744,-37.77813638740222,145.0300682723323,-37.79468,144.9625
monash_clayton,20062,Ardeer,33.16377206769,-37.775377903751085,144.80051040209685,-37.91064,145.13647
rmit_city,20062,Ardeer,14.71779284266,-37.775377903751085,144.80051040209685,-37.80825,144.96239
unimelb_parkville,20062,Ardeer,14.42930705262,-37.775377903751085,144.80051040209685,-37.79468,144.9625
monash_clayton,20035,Altona (Vic.),28.75823588587,-37.862694995041544,144.81519678750072,-37.91064,145.13647
rmit_city,20035,Altona (Vic.),14.29708002834,-37.862694995041544,144.81519678750072,-37.80825,144.96239
unimelb_parkville,20035,Altona (Vic.),15.00535033823,-37.862694995041544,144.81519678750072,-37.79468,144.9625
monash_clayton,20036,Altona Meadows,31.165205742919998,-37.87992106998926,144.78427434173008,-37.91064,145.13647
rmit_city,20036,Altona Meadows,17.580191785700002,-37.87992106998926,144.78427434173008,-37.80825,144.96239
unimelb_parkville,20036,Altona Meadows,18.32058071101,-37.87992106998926,144.78427434173008,-37.79468,144.9625
monash_clayton,20066,Armadale (Vic.),11.85962760847,-37.85745087055484,145.0195470536031,-37.91064,145.13647
rmit_city,20066,Armadale (Vic.),7.42558705236,-37.85745087055484,145.0195470536031,-37.80825,144.96239
unimelb_parkville,20066,Armadale (Vic.),8.58868229218,-37.85745087055484,145.0195470536031,-37.79468,144.9625
monash_clayton,20072,Arthurs Seat,52.28164784353,-38.360497565816736,144.9597659547826,-37.91064,145.13647
rmit_city,20072,Arthurs Seat,61.29884956341,-38.360497565816736,144.9597659547826,-37.80825,144.96239
unimelb_parkville,20072,Arthurs Seat,62.80504664765,-38.360497565816736,144.9597659547826,-37.79468,144.9625
monash_clayton,20121,Balnarring Beach,53.441222954850005,-38.391940522888746,145.12101080486124,-37.91064,145.13647
rmit_city,20121,Balnarring Beach,66.26571501235,-38.391940522888746,145.12101080486124,-37.80825,144.96239
unimelb_parkville,20121,Balnarring Beach,67.73733413267,-38.391940522888746,145.12101080486124,-37.79468,144.9625
monash_clayton,20071,Arthurs Creek,38.573338856709995,-37.56711828838779,145.20277689154412,-37.91064,145.13647
rmit_city,20071,Arthurs Creek,34.144426980409996,-37.56711828838779,145.20277689154412,-37.80825,144.96239
unimelb_parkville,20071,Arthurs Creek,32.97212110172,-37.56711828838779,145.20277689154412,-37.79468,144.9625
monash_clayton,20075,Ascot Vale,25.01906995067,-37.7798772139801,144.9049344456152,-37.91064,145.13647
rmit_city,20075,Ascot Vale,5.9603983925,-37.7798772139801,144.9049344456152,-37.80825,144.96239
unimelb_parkville,20075,Ascot Vale,5.33023272335,-37.7798772139801,144.9049344456152,-37.79468,144.9625
monash_clayton,20120,Balnarring,49.94363552168,-38.36047349328554,145.12370104867836,-37.91064,145.13647
rmit_city,20120,Balnarring,62.90823358611,-38.36047349328554,145.12370104867836,-37.80825,144.96239
unimelb_parkville,20120,Balnarring,64.37485441714,-38.36047349328554,145.12370104867836,-37.79468,144.9625
monash_clayton,20171,Bayles,48.61240199118,-38.1769022205323,145.57616826451004,-37.91064,145.13647
rmit_city,20171,Bayles,67.68431343399999,-38.1769022205323,145.57616826451004,-37.80825,144.96239
unimelb_parkville,20171,Bayles,68.6016645652,-38.1769022205323,145.57616826451004,-37.79468,144.9625
monash_clayton,20173,Bayswater (Vic.),13.484696152820002,-37.84610044320384,145.26632828461143,-37.91064,145.13647
rmit_city,20173,Bayswater (Vic.),27.08595286673,-37.84610044320384,145.26632828461143,-37.80825,144.96239
unimelb_parkville,20173,Bayswater (Vic.),27.35297900601,-37.84610044320384,145.26632828461143,-37.79468,144.9625
monash_clayton,20077,Ashburton,6.95340242799,-37.867077534695085,145.07966236510364,-37.91064,145.13647
rmit_city,20077,Ashburton,12.21466066974,-37.867077534695085,145.07966236510364,-37.80825,144.96239
unimelb_parkville,20077,Ashburton,13.0749813019,-37.867077534695085,145.07966236510364,-37.79468,144.9625
monash_clayton,20078,Ashwood,5.8052490711199995,-37.865810193709834,145.10247625373145,-37.91064,145.13647
rmit_city,20078,Ashwood,13.88804030132,-37.865810193709834,145.10247625373145,-37.80825,144.96239
unimelb_parkville,20078,Ashwood,14.63490872452,-37.865810193709834,145.10247625373145,-37.79468,144.9625
monash_clayton,20079,Aspendale,12.71774926176,-38.02216836301146,145.1032974868643,-37.91064,145.13647
rmit_city,20079,Aspendale,26.78233862997,-38.02216836301146,145.1032974868643,-37.80825,144.96239
unimelb_parkville,20079,Aspendale,28.12250497521,-38.02216836301146,145.1032974868643,-37.79468,144.9625
monash_clayton,20080,Aspendale Gardens,12.632772035190001,-38.023977808959216,145.12334642163685,-37.91064,145.13647
rmit_city,20080,Aspendale Gardens,27.81479343209,-38.023977808959216,145.12334642163685,-37.80825,144.96239
unimelb_parkville,20080,Aspendale Gardens,29.1174146553,-38.023977808959216,145.12334642163685,-37.79468,144.9625
monash_clayton,20198,Bellfield (Banyule - Vic.),19.48732659317,-37.753132718036845,145.03866875667424,-37.91064,145.13647
rmit_city,20198,Bellfield (Banyule - Vic.),9.087282834740002,-37.753132718036845,145.03866875667424,-37.80825,144.96239
unimelb_parkville,20198,Bellfield (Banyule - Vic.),8.14230104424,-37.753132718036845,145.03866875667424,-37.79468,144.9625
monash_clayton,20082,Attwood,35.069549786050004,-37.66706172527443,144.88287565312248,-37.91064,145.13647
rmit_city,20082,Attwood,17.166634216040002,-37.66706172527443,144.88287565312248,-37.80825,144.96239
unimelb_parkville,20082,Attwood,15.808269135820002,-37.66706172527443,144.88287565312248,-37.79468,144.9625
monash_clayton,20089,Avondale Heights,29.118783590129997,-37.76309999332147,144.86294337497367,-37.91064,145.13647
rmit_city,20089,Avondale Heights,10.092116762469999,-37.76309999332147,144.86294337497367,-37.80825,144.96239
unimelb_parkville,20089,Avondale Heights,9.44497316107,-37.76309999332147,144.86294337497367,-37.79468,144.9625
monash_clayton,20091,Avonsleigh,30.38936857848,-37.91373654706451,145.48202888015402,-37.91064,145.13647
rmit_city,20091,Avonsleigh,47.20226132279,-37.91373654706451,145.48202888015402,-37.80825,144.96239
unimelb_parkville,20091,Avonsleigh,47.59295321362,-37.91373654706451,145.48202888015402,-37.79468,144.9625
monash_clayton,20207,Bend Of Islands,26.46290170098,-37.70023508587705,145.27779905425328,-37.91064,145.13647
rmit_city,20207,Bend Of Islands,30.270624035730002,-37.70023508587705,145.27779905425328,-37.80825,144.96239
unimelb_parkville,20207,Bend Of Islands,29.69961797727,-37.70023508587705,145.27779905425328,-37.79468,144.9625
monash_clayton,22598,Tynong,47.34884469324,-38.09434869488928,145.62301748724562,-37.91064,145.13647
rmit_city,22598,Tynong,66.17921609359,-38.09434869488928,145.62301748724562,-37.80825,144.96239
unimelb_parkville,22598,Tynong,66.91122172668,-38.09434869488928,145.62301748724562,-37.79468,144.9625
monash_clayton,20095,Bacchus Marsh,66.55255499999,-37.678036743968114,144.44002157939826,-37.91064,145.13647
rmit_city,20095,Bacchus Marsh,48.2555054059,-37.678036743968114,144.44002157939826,-37.80825,144.96239
unimelb_parkville,20095,Bacchus Marsh,47.839384501510004,-37.678036743968114,144.44002157939826,-37.79468,144.9625
monash_clayton,20097,Badger Creek,43.156520104360006,-37.68811724016066,145.53830855819209,-37.91064,145.13647
rmit_city,20097,Badger Creek,52.47888274135,-37.68811724016066,145.53830855819209,-37.80825,144.96239
unimelb_parkville,20097,Badger Creek,52.11163652853,-37.68811724016066,145.53830855819209,-37.79468,144.9625
monash_clayton,20105,Balaclava (Vic.),13.229232158930001,-37.87058865807978,144.99481970801153,-37.91064,145.13647
rmit_city,20105,Balaclava (Vic.),7.48489885057,-37.87058865807978,144.99481970801153,-37.80825,144.96239
unimelb_parkville,20105,Balaclava (Vic.),8.89277824356,-37.87058865807978,144.99481970801153,-37.79468,144.9625
monash_clayton,20123,Balwyn,11.9631347287,-37.810142670999085,145.08733963900985,-37.91064,145.13647
rmit_city,20123,Balwyn,11.00501237839,-37.810142670999085,145.08733963900985,-37.80825,144.96239
unimelb_parkville,20123,Balwyn,11.12747529642,-37.810142670999085,145.08733963900985,-37.79468,144.9625
monash_clayton,20124,Balwyn North,14.06718357103,-37.790754790601085,145.0846214730349,-37.91064,145.13647
rmit_city,20124,Balwyn North,10.93878986886,-37.790754790601085,145.0846214730349,-37.80825,144.96239
unimelb_parkville,20124,Balwyn North,10.76516909433,-37.790754790601085,145.0846214730349,-37.79468,144.9625
monash_clayton,20131,Bangholme,15.37970883994,-38.045654075896856,145.17582309356322,-37.91064,145.13647
rmit_city,20131,Bangholme,32.349341833800004,-38.045654075896856,145.17582309356322,-37.80825,144.96239
unimelb_parkville,20131,Bangholme,33.58314136376,-38.045654075896856,145.17582309356322,-37.79468,144.9625
monash_clayton,20169,Baxter,31.94810021003,-38.19804407810043,145.15620009630888,-37.91064,145.13647
rmit_city,20169,Baxter,46.493839592650005,-38.19804407810043,145.15620009630888,-37.80825,144.96239
unimelb_parkville,20169,Baxter,47.89573428153,-38.19804407810043,145.15620009630888,-37.79468,144.9625
monash_clayton,20174,Bayswater North,16.035872005679998,-37.82586591086659,145.28404554089522,-37.91064,145.13647
rmit_city,20174,Bayswater North,28.38923350496,-37.82586591086659,145.28404554089522,-37.80825,144.96239
unimelb_parkville,20174,Bayswater North,28.52551761716,-37.82586591086659,145.28404554089522,-37.79468,144.9625
monash_clayton,20175,Beaconsfield (Vic.),25.798107381180003,-38.0393983003809,145.38091745249872,-37.91064,145.13647
rmit_city,20175,Beaconsfield (Vic.),44.85925797782,-38.0393983003809,145.38091745249872,-37.80825,144.96239
unimelb_parkville,20175,Beaconsfield (Vic.),45.73230325433,-38.0393983003809,145.38091745249872,-37.79468,144.9625
monash_clayton,20176,Beaconsfield Upper,27.211274009559997,-37.998680203296296,145.42543447130717,-37.91064,145.13647
rmit_city,20176,Beaconsfield Upper,45.88207338221,-37.998680203296296,145.42543447130717,-37.80825,144.96239
unimelb_parkville,20176,Beaconsfield Upper,46.58991516655,-37.998680203296296,145.42543447130717,-37.79468,144.9625
monash_clayton,20182,Beaumaris (Vic.),11.81632456402,-37.983341441963354,145.03826473813928,-37.91064,145.13647
rmit_city,20182,Beaumaris (Vic.),20.5481294362,-37.983341441963354,145.03826473813928,-37.80825,144.96239
unimelb_parkville,20182,Beaumaris (Vic.),21.97534294755,-37.983341441963354,145.03826473813928,-37.79468,144.9625
monash_clayton,20254,Blackburn South,7.9753412085,-37.83928024916847,145.1470810055434,-37.91064,145.13647
rmit_city,20254,Blackburn South,16.62135521624,-37.83928024916847,145.1470810055434,-37.80825,144.96239
unimelb_parkville,20254,Blackburn South,16.98959732701,-37.83928024916847,145.1470810055434,-37.79468,144.9625
monash_clayton,20257,Blairgowrie,60.17667898099,-38.37086055838368,144.77364635500652,-37.91064,145.13647
rmit_city,20257,Blairgowrie,64.6064605911,-38.37086055838368,144.77364635500652,-37.80825,144.96239
unimelb_parkville,20257,Blairgowrie,66.06625754346,-38.37086055838368,144.77364635500652,-37.79468,144.9625
monash_clayton,20187,Beenak,44.01067938386,-37.90050499251598,145.6367414303334,-37.91064,145.13647
rmit_city,20187,Beenak,60.22363589313,-37.90050499251598,145.6367414303334,-37.80825,144.96239
unimelb_parkville,20187,Beenak,60.493769938010004,-37.90050499251598,145.6367414303334,-37.79468,144.9625
monash_clayton,20188,Belgrave,19.094298811119998,-37.911106978728974,145.35360128085867,-37.91064,145.13647
rmit_city,20188,Belgrave,36.26998690837,-37.911106978728974,145.35360128085867,-37.80825,144.96239
unimelb_parkville,20188,Belgrave,36.76576383002,-37.911106978728974,145.35360128085867,-37.79468,144.9625
monash_clayton,20743,Derrimut,34.490361092890005,-37.798511780174806,144.7709627662727,-37.91064,145.13647
rmit_city,20743,Derrimut,16.89292803591,-37.798511780174806,144.7709627662727,-37.80825,144.96239
unimelb_parkville,20743,Derrimut,16.87490412673,-37.798511780174806,144.7709627662727,-37.79468,144.9625
monash_clayton,20189,Belgrave Heights,18.2701399992,-37.925658293962535,145.34338391261204,-37.91064,145.13647
rmit_city,20189,Belgrave Heights,35.96774638139,-37.925658293962535,145.34338391261204,-37.80825,144.96239
unimelb_parkville,20189,Belgrave Heights,36.53436535757,-37.925658293962535,145.34338391261204,-37.79468,144.9625
monash_clayton,20190,Belgrave South,19.57329211962,-37.94154635514587,145.3556490399492,-37.91064,145.13647
rmit_city,20190,Belgrave South,37.630010350670005,-37.94154635514587,145.3556490399492,-37.80825,144.96239
unimelb_parkville,20190,Belgrave South,38.24138735608,-37.94154635514587,145.3556490399492,-37.79468,144.9625
monash_clayton,20748,Devon Meadows,32.57462358465,-38.170605360612065,145.30865691776987,-37.91064,145.13647
rmit_city,20748,Devon Meadows,50.42708995127,-38.170605360612065,145.30865691776987,-37.80825,144.96239
unimelb_parkville,20748,Devon Meadows,51.63234022118,-38.170605360612065,145.30865691776987,-37.79468,144.9625
monash_clayton,20212,Benloch,88.54355254357999,-37.1989610734946,144.68364795468125,-37.91064,145.13647
rmit_city,20212,Benloch,71.97459967821,-37.1989610734946,144.68364795468125,-37.80825,144.96239
unimelb_parkville,20212,Benloch,70.56555475872,-37.1989610734946,144.68364795468125,-37.79468,144.9625
monash_clayton,20214,Bentleigh,8.79302613246,-37.92266585183194,145.03763062043132,-37.91064,145.13647
rmit_city,20214,Bentleigh,14.321628435540001,-37.92266585183194,145.03763062043132,-37.80825,144.96239
unimelb_parkville,20214,Bentleigh,15.66884377025,-37.92266585183194,145.03763062043132,-37.79468,144.9625
monash_clayton,20215,Bentleigh East,6.23951079281,-37.92207694172728,145.0669958367458,-37.91064,145.13647
rmit_city,20215,Bentleigh East,15.63153104337,-37.92207694172728,145.0669958367458,-37.80825,144.96239
unimelb_parkville,20215,Bentleigh East,16.86739278383,-37.92207694172728,145.0669958367458,-37.79468,144.9625
monash_clayton,20224,Berwick,23.35144400338,-38.04171917178687,145.3443552201246,-37.91064,145.13647
rmit_city,20224,Berwick,42.418739795920004,-38.04171917178687,145.3443552201246,-37.80825,144.96239
unimelb_parkville,20224,Berwick,43.35016458335,-38.04171917178687,145.3443552201246,-37.79468,144.9625
monash_clayton,20278,Bonbeach,16.92865968343,-38.06300786676441,145.12798937997815,-37.91064,145.13647
rmit_city,20278,Bonbeach,31.804240345369998,-38.06300786676441,145.12798937997815,-37.80825,144.96239
unimelb_parkville,20278,Bonbeach,33.14687555883,-38.06300786676441,145.12798937997815,-37.79468,144.9625
monash_clayton,20616,Collingwood (Vic.),17.77108699287,-37.80194554917031,144.98819829034915,-37.91064,145.13647
rmit_city,20616,Collingwood (Vic.),2.3780729177,-37.80194554917031,144.98819829034915,-37.80825,144.96239
unimelb_parkville,20616,Collingwood (Vic.),2.4026855167,-37.80194554917031,144.98819829034915,-37.79468,144.9625
monash_clayton,20233,Beveridge,50.33225232995,-37.475685302837384,144.97501491060368,-37.91064,145.13647
rmit_city,20233,Beveridge,36.92807443272,-37.475685302837384,144.97501491060368,-37.80825,144.96239
unimelb_parkville,20233,Beveridge,35.42231721064,-37.475685302837384,144.97501491060368,-37.79468,144.9625
monash_clayton,20237,Big Pats Creek,57.44215926223,-37.76155675067688,145.76135739797445,-37.91064,145.13647
rmit_city,20237,Big Pats Creek,70.57008668065,-37.76155675067688,145.76135739797445,-37.80825,144.96239
unimelb_parkville,20237,Big Pats Creek,70.47223501769001,-37.76155675067688,145.76135739797445,-37.79468,144.9625
monash_clayton,20248,Bittern,47.560712493059995,-38.33843741961402,145.16706069322413,-37.91064,145.13647
rmit_city,20248,Bittern,61.52882435684,-38.33843741961402,145.16706069322413,-37.80825,144.96239
unimelb_parkville,20248,Bittern,62.96866489457,-38.33843741961402,145.16706069322413,-37.79468,144.9625
monash_clayton,20666,Cranbourne West,23.33944721975,-38.10033887306485,145.25111345615173,-37.91064,145.13647
rmit_city,20666,Cranbourne West,41.170153558639996,-38.10033887306485,145.25111345615173,-37.80825,144.96239
unimelb_parkville,20666,Cranbourne West,42.36200480621,-38.10033887306485,145.25111345615173,-37.79468,144.9625
monash_clayton,20251,Black Rock (Vic.),12.08482931829,-37.9736301033528,145.02433299043906,-37.91064,145.13647
rmit_city,20251,Black Rock (Vic.),19.14785416603,-37.9736301033528,145.02433299043906,-37.80825,144.96239
unimelb_parkville,20251,Black Rock (Vic.),20.593792973430002,-37.9736301033528,145.02433299043906,-37.79468,144.9625
monash_clayton,20252,Blackburn,9.97722364497,-37.82149184875149,145.15100545803685,-37.91064,145.13647
rmit_city,20252,Blackburn,16.67302356375,-37.82149184875149,145.15100545803685,-37.80825,144.96239
unimelb_parkville,20252,Blackburn,16.8645915661,-37.82149184875149,145.15100545803685,-37.79468,144.9625
monash_clayton,20253,Blackburn North,11.88907357766,-37.8045757811033,145.15534499637624,-37.91064,145.13647
rmit_city,20253,Blackburn North,16.997056426849998,-37.8045757811033,145.15534499637624,-37.80825,144.96239
unimelb_parkville,20253,Blackburn North,17.01950854647,-37.8045757811033,145.15534499637624,-37.79468,144.9625
monash_clayton,20260,Blind Bight,37.945744892579995,-38.214411929918995,145.3348149016418,-37.91064,145.13647
rmit_city,20260,Blind Bight,55.69658344391,-38.214411929918995,145.3348149016418,-37.80825,144.96239
unimelb_parkville,20260,Blind Bight,56.91877290203,-38.214411929918995,145.3348149016418,-37.79468,144.9625
monash_clayton,20272,Bolinda,61.322894589410005,-37.438269025454616,144.77591282364375,-37.91064,145.13647
rmit_city,20272,Bolinda,44.240806301179994,-37.438269025454616,144.77591282364375,-37.80825,144.96239
unimelb_parkville,20272,Bolinda,42.85076577078,-37.438269025454616,144.77591282364375,-37.79468,144.9625
monash_clayton,20280,Boneo,59.00071573676,-38.40882557777374,144.90174756611583,-37.91064,145.13647
rmit_city,20280,Boneo,66.87482774896999,-38.40882557777374,144.90174756611583,-37.80825,144.96239
unimelb_parkville,20280,Boneo,68.37712248973999,-38.40882557777374,144.90174756611583,-37.79468,144.9625
monash_clayton,20282,Bonnie Brook,47.7684078849,-37.695148942079584,144.66694956851015,-37.91064,145.13647
rmit_city,20282,Bonnie Brook,28.90473425953,-37.695148942079584,144.66694956851015,-37.80825,144.96239
unimelb_parkville,20282,Bonnie Brook,28.294280885470002,-37.695148942079584,144.66694956851015,-37.79468,144.9625
monash_clayton,20304,Boronia,14.91098972691,-37.85388134469556,145.29009464915626,-37.91064,145.13647
rmit_city,20304,Boronia,29.290207019969998,-37.85388134469556,145.29009464915626,-37.80825,144.96239
unimelb_parkville,20304,Boronia,29.580994089070003,-37.85388134469556,145.29009464915626,-37.79468,144.9625
monash_clayton,20307,Botanic Ridge,27.18920652443,-38.13701971761128,145.25475365264043,-37.91064,145.13647
rmit_city,20307,Botanic Ridge,44.62701513375,-38.13701971761128,145.25475365264043,-37.80825,144.96239
unimelb_parkville,20307,Botanic Ridge,45.86273269746,-38.13701971761128,145.25475365264043,-37.79468,144.9625
monash_clayton,20314,Box Hill (Vic.),9.93726322232,-37.82148857223226,145.12609845986745,-37.91064,145.13647
rmit_city,20314,Box Hill (Vic.),14.4896844601,-37.82148857223226,145.12609845986745,-37.80825,144.96239
unimelb_parkville,20314,Box Hill (Vic.),14.710698000419999,-37.82148857223226,145.12609845986745,-37.79468,144.9625
monash_clayton,21163,Heatherton,6.46145237816,-37.95551393921756,145.0896497115063,-37.91064,145.13647
rmit_city,21163,Heatherton,19.811898804019997,-37.95551393921756,145.0896497115063,-37.80825,144.96239
unimelb_parkville,21163,Heatherton,21.06713825879,-37.95551393921756,145.0896497115063,-37.79468,144.9625
monash_clayton,20315,Box Hill North,11.716785095659999,-37.80523417182191,145.12921810934083,-37.91064,145.13647
rmit_city,20315,Box Hill North,14.69510408646,-37.80523417182191,145.12921810934083,-37.80825,144.96239
unimelb_parkville,20315,Box Hill North,14.72960309844,-37.80523417182191,145.12921810934083,-37.79468,144.9625
monash_clayton,20411,Bunyip,55.628308014119995,-38.10273496980004,145.72150014532505,-37.91064,145.13647
rmit_city,20411,Bunyip,74.29145958964,-38.10273496980004,145.72150014532505,-37.80825,144.96239
unimelb_parkville,20411,Bunyip,74.96318272293999,-38.10273496980004,145.72150014532505,-37.79468,144.9625
monash_clayton,21165,Heathmont,13.23909985376,-37.829022335154455,145.24619445411784,-37.91064,145.13647
rmit_city,21165,Heathmont,25.09463631998,-37.829022335154455,145.24619445411784,-37.80825,144.96239
unimelb_parkville,21165,Heathmont,25.27023490569,-37.829022335154455,145.24619445411784,-37.79468,144.9625
monash_clayton,20316,Box Hill South,8.282101294419999,-37.83675125977861,145.12334600392742,-37.91064,145.13647
rmit_city,20316,Box Hill South,14.519963271329999,-37.83675125977861,145.12334600392742,-37.80825,144.96239
unimelb_parkville,20316,Box Hill South,14.91273177233,-37.83675125977861,145.12334600392742,-37.79468,144.9625
monash_clayton,20320,Braeside,10.21418275974,-38.00210819795532,145.12372392479094,-37.91064,145.13647
rmit_city,20320,Braeside,25.774142423550003,-38.00210819795532,145.12372392479094,-37.80825,144.96239
unimelb_parkville,20320,Braeside,27.03987143965,-38.00210819795532,145.12372392479094,-37.79468,144.9625
monash_clayton,20523,Caulfield North,11.00808657192,-37.87070104417584,145.0219210356024,-37.91064,145.13647
rmit_city,20523,Caulfield North,8.68946825486,-37.87070104417584,145.0219210356024,-37.80825,144.96239
unimelb_parkville,20523,Caulfield North,9.92771671235,-37.87070104417584,145.0219210356024,-37.79468,144.9625
monash_clayton,20324,Braybrook,28.3976794831,-37.78484429974193,144.85551308890652,-37.91064,145.13647
rmit_city,20324,Braybrook,9.765040429139999,-37.78484429974193,144.85551308890652,-37.80825,144.96239
unimelb_parkville,20324,Braybrook,9.48670922656,-37.78484429974193,144.85551308890652,-37.79468,144.9625
monash_clayton,20331,Briar Hill,22.7077804119,-37.706399271320585,145.12145680991208,-37.91064,145.13647
rmit_city,20331,Briar Hill,18.007615209,-37.706399271320585,145.12145680991208,-37.80825,144.96239
unimelb_parkville,20331,Briar Hill,17.095427436549997,-37.706399271320585,145.12145680991208,-37.79468,144.9625
monash_clayton,20412,Bunyip North,54.32569705144,-38.062346606481896,145.72441631041553,-37.91064,145.13647
rmit_city,20412,Bunyip North,72.68406583637001,-38.062346606481896,145.72441631041553,-37.80825,144.96239
unimelb_parkville,20412,Bunyip North,73.27842535331999,-38.062346606481896,145.72441631041553,-37.79468,144.9625
monash_clayton,20337,Brighton (Vic.),12.28133857856,-37.90786635339533,144.9968589124249,-37.91064,145.13647
rmit_city,20337,Brighton (Vic.),11.465328274800001,-37.90786635339533,144.9968589124249,-37.80825,144.96239
unimelb_parkville,20337,Brighton (Vic.),12.92177252909,-37.90786635339533,144.9968589124249,-37.79468,144.9625
monash_clayton,20338,Brighton East,10.68368672499,-37.91637739273695,145.0151914611357,-37.91064,145.13647
rmit_city,20338,Brighton East,12.8694961312,-37.91637739273695,145.0151914611357,-37.80825,144.96239
unimelb_parkville,20338,Brighton East,14.28142592088,-37.91637739273695,145.0151914611357,-37.79468,144.9625
monash_clayton,20442,Calder Park,41.96746823129,-37.67617032638538,144.76266355874344,-37.91064,145.13647
rmit_city,20442,Calder Park,22.90845714934,-37.67617032638538,144.76266355874344,-37.80825,144.96239
unimelb_parkville,20442,Calder Park,21.984175380699998,-37.67617032638538,144.76266355874344,-37.79468,144.9625
monash_clayton,20524,Caulfield South,9.96772978606,-37.894504924030876,145.02497838569775,-37.91064,145.13647
rmit_city,20524,Caulfield South,11.04530637428,-37.894504924030876,145.02497838569775,-37.80825,144.96239
unimelb_parkville,20524,Caulfield South,12.36954873608,-37.894504924030876,145.02497838569775,-37.79468,144.9625
monash_clayton,20346,Broadmeadows (Vic.),31.93542939792,-37.67985027489761,144.9199434099711,-37.91064,145.13647
rmit_city,20346,Broadmeadows (Vic.),14.73415466969,-37.67985027489761,144.9199434099711,-37.80825,144.96239
unimelb_parkville,20346,Broadmeadows (Vic.),13.285679784849998,-37.67985027489761,144.9199434099711,-37.79468,144.9625
monash_clayton,20351,Brookfield (Vic.),57.30154904287,-37.70171102333921,144.5414458784688,-37.91064,145.13647
rmit_city,20351,Brookfield (Vic.),38.93433510834,-37.70171102333921,144.5414458784688,-37.80825,144.96239
unimelb_parkville,20351,Brookfield (Vic.),38.51624546791,-37.70171102333921,144.5414458784688,-37.79468,144.9625
monash_clayton,20352,Brooklyn (Vic.),28.03832823059,-37.81422722176292,144.84195897523696,-37.91064,145.13647
rmit_city,20352,Brooklyn (Vic.),10.62553961568,-37.81422722176292,144.84195897523696,-37.80825,144.96239
unimelb_parkville,20352,Brooklyn (Vic.),10.83490991324,-37.81422722176292,144.84195897523696,-37.79468,144.9625
monash_clayton,20361,Brunswick (Vic.),22.24035269804,-37.76683111567898,144.96052798233666,-37.91064,145.13647
rmit_city,20361,Brunswick (Vic.),4.600108785170001,-37.76683111567898,144.96052798233666,-37.80825,144.96239
unimelb_parkville,20361,Brunswick (Vic.),3.09589052644,-37.76683111567898,144.96052798233666,-37.79468,144.9625
monash_clayton,20487,Cardinia,36.25822913985,-38.14533998595754,145.42370762492703,-37.91064,145.13647
rmit_city,20487,Cardinia,55.16077279966,-38.14533998595754,145.42370762492703,-37.80825,144.96239
unimelb_parkville,20487,Cardinia,56.189020658809994,-38.14533998595754,145.42370762492703,-37.79468,144.9625
monash_clayton,20670,Cremorne (Vic.),15.53949813491,-37.829418613893694,144.99261752447842,-37.91064,145.13647
rmit_city,20670,Cremorne (Vic.),3.5502012119599997,-37.829418613893694,144.99261752447842,-37.80825,144.96239
unimelb_parkville,20670,Cremorne (Vic.),4.67974503301,-37.829418613893694,144.99261752447842,-37.79468,144.9625
monash_clayton,20362,Brunswick East,21.03565990797,-37.768745856839175,144.97804801014064,-37.91064,145.13647
rmit_city,20362,Brunswick East,4.59646826519,-37.768745856839175,144.97804801014064,-37.80825,144.96239
unimelb_parkville,20362,Brunswick East,3.1877384005300002,-37.768745856839175,144.97804801014064,-37.79468,144.9625
monash_clayton,20495,Carlton (Vic.),19.15908467086,-37.800080055631796,144.96928201297928,-37.91064,145.13647
rmit_city,20495,Carlton (Vic.),1.09118359125,-37.800080055631796,144.96928201297928,-37.80825,144.96239
unimelb_parkville,20495,Carlton (Vic.),0.84618360632,-37.800080055631796,144.96928201297928,-37.79468,144.9625
monash_clayton,20728,Deepdene (Vic.),12.63211428376,-37.81143727719149,145.066114138103,-37.91064,145.13647
rmit_city,20728,Deepdene (Vic.),9.14066822489,-37.81143727719149,145.066114138103,-37.80825,144.96239
unimelb_parkville,20728,Deepdene (Vic.),9.31259401787,-37.81143727719149,145.066114138103,-37.79468,144.9625
monash_clayton,20363,Brunswick West,23.460109907499998,-37.76435383910555,144.94410045222588,-37.91064,145.13647
rmit_city,20363,Brunswick West,5.13159825857,-37.76435383910555,144.94410045222588,-37.80825,144.96239
unimelb_parkville,20363,Brunswick West,3.73591861253,-37.76435383910555,144.94410045222588,-37.79468,144.9625
monash_clayton,20381,Bulla (Vic.),42.78856802401,-37.63034208267777,144.80304531428143,-37.91064,145.13647
rmit_city,20381,Bulla (Vic.),24.23389038052,-37.63034208267777,144.80304531428143,-37.80825,144.96239
unimelb_parkville,20381,Bulla (Vic.),23.02990144243,-37.63034208267777,144.80304531428143,-37.79468,144.9625
monash_clayton,20386,Bulleen,16.50143425603,-37.76692470396583,145.08847480768722,-37.91064,145.13647
rmit_city,20386,Bulleen,12.01609176092,-37.76692470396583,145.08847480768722,-37.80825,144.96239
unimelb_parkville,20386,Bulleen,11.5171786878,-37.76692470396583,145.08847480768722,-37.79468,144.9625
monash_clayton,20387,Bullengarook,73.51437838097,-37.48129342685638,144.5017519009315,-37.91064,145.13647
rmit_city,20387,Bullengarook,54.49366197762,-37.48129342685638,144.5017519009315,-37.80825,144.96239
unimelb_parkville,20387,Bullengarook,53.51265803807,-37.48129342685638,144.5017519009315,-37.79468,144.9625
monash_clayton,20399,Bundoora (Vic.),24.124882065850002,-37.7029257053719,145.0557842310735,-37.91064,145.13647
rmit_city,20399,Bundoora (Vic.),14.29669219817,-37.7029257053719,145.0557842310735,-37.80825,144.96239
unimelb_parkville,20399,Bundoora (Vic.),13.08824460424,-37.7029257053719,145.0557842310735,-37.79468,144.9625
monash_clayton,20418,Burnley,13.852153396379999,-37.8297230322033,145.0166112827388,-37.91064,145.13647
rmit_city,20418,Burnley,5.33592951246,-37.8297230322033,145.0166112827388,-37.80825,144.96239
unimelb_parkville,20418,Burnley,6.15076874279,-37.8297230322033,145.0166112827388,-37.79468,144.9625
monash_clayton,20419,Burnside (Vic.),38.43553694805,-37.749962676837,144.74971694830845,-37.91064,145.13647
rmit_city,20419,Burnside (Vic.),19.82099902891,-37.749962676837,144.74971694830845,-37.80825,144.96239
unimelb_parkville,20419,Burnside (Vic.),19.39277817664,-37.749962676837,144.74971694830845,-37.79468,144.9625
monash_clayton,20500,Caroline Springs,40.28292269766,-37.7318289888814,144.73832720683316,-37.91064,145.13647
rmit_city,20500,Caroline Springs,21.48637686109,-37.7318289888814,144.73832720683316,-37.80825,144.96239
unimelb_parkville,20500,Caroline Springs,20.94841148553,-37.7318289888814,144.73832720683316,-37.79468,144.9625
monash_clayton,20420,Burnside Heights,38.832998464730004,-37.733667028870684,144.75599316051074,-37.91064,145.13647
rmit_city,20420,Burnside Heights,19.980140313979998,-37.733667028870684,144.75599316051074,-37.80825,144.96239
unimelb_parkville,20420,Burnside Heights,19.415229031710002,-37.733667028870684,144.75599316051074,-37.79468,144.9625
monash_clayton,20507,Carrum,18.4945381994,-38.077114379507826,145.12758143611936,-37.91064,145.13647
rmit_city,20507,Carrum,33.18779412564,-38.077114379507826,145.12758143611936,-37.80825,144.96239
unimelb_parkville,20507,Carrum,34.54493579156,-38.077114379507826,145.12758143611936,-37.79468,144.9625
monash_clayton,20426,Burwood (Vic.),7.110473491,-37.84901678598899,145.1143830031967,-37.91064,145.13647
rmit_city,20426,Burwood (Vic.),14.125269890330001,-37.84901678598899,145.1143830031967,-37.80825,144.96239
unimelb_parkville,20426,Burwood (Vic.),14.66955413039,-37.84901678598899,145.1143830031967,-37.79468,144.9625
monash_clayton,20427,Burwood East,6.42003432696,-37.85347625555507,145.1476060832213,-37.91064,145.13647
rmit_city,20427,Burwood East,17.0604927842,-37.85347625555507,145.1476060832213,-37.80825,144.96239
unimelb_parkville,20427,Burwood East,17.55514917325,-37.85347625555507,145.1476060832213,-37.79468,144.9625
monash_clayton,20435,Bylands,64.70364034959,-37.3510969271775,144.93075541381515,-37.91064,145.13647
rmit_city,20435,Bylands,50.81563830288,-37.3510969271775,144.93075541381515,-37.80825,144.96239
unimelb_parkville,20435,Bylands,49.31238159143,-37.3510969271775,144.93075541381515,-37.79468,144.9625
monash_clayton,20441,Cairnlea,35.078661871019996,-37.758722938009086,144.7870374704577,-37.91064,145.13647
rmit_city,20441,Cairnlea,16.39580456673,-37.758722938009086,144.7870374704577,-37.80825,144.96239
unimelb_parkville,20441,Cairnlea,15.96480125403,-37.758722938009086,144.7870374704577,-37.79468,144.9625
monash_clayton,20443,Caldermeade,50.46371079183,-38.24781255470838,145.52229656192736,-37.91064,145.13647
rmit_city,20443,Caldermeade,69.26086337976001,-38.24781255470838,145.52229656192736,-37.80825,144.96239
unimelb_parkville,20443,Caldermeade,70.32639873929,-38.24781255470838,145.52229656192736,-37.79468,144.9625
monash_clayton,21554,Lynbrook,19.33351230737,-38.05692858891852,145.25592405193936,-37.91064,145.13647
rmit_city,21554,Lynbrook,37.78614533798,-38.05692858891852,145.25592405193936,-37.80825,144.96239
unimelb_parkville,21554,Lynbrook,38.895133174310004,-38.05692858891852,145.25592405193936,-37.79468,144.9625
monash_clayton,20453,Camberwell (Vic.),9.945272859840001,-37.835644359976506,145.07461446865963,-37.91064,145.13647
rmit_city,20453,Camberwell (Vic.),10.337992059460001,-37.835644359976506,145.07461446865963,-37.80825,144.96239
unimelb_parkville,20453,Camberwell (Vic.),10.868691490729999,-37.835644359976506,145.07461446865963,-37.79468,144.9625
monash_clayton,20455,Campbellfield,31.17315280938,-37.66654229181686,144.96142495854895,-37.91064,145.13647
rmit_city,20455,Campbellfield,15.728583012749999,-37.66654229181686,144.96142495854895,-37.80825,144.96239
unimelb_parkville,20455,Campbellfield,14.22249747296,-37.66654229181686,144.96142495854895,-37.79468,144.9625
monash_clayton,20466,Cannons Creek,37.20963927443,-38.221246987403546,145.2959739418799,-37.91064,145.13647
rmit_city,20466,Cannons Creek,54.40158521931,-38.221246987403546,145.2959739418799,-37.80825,144.96239
unimelb_parkville,20466,Cannons Creek,55.672994974859996,-38.221246987403546,145.2959739418799,-37.79468,144.9625
monash_clayton,20508,Carrum Downs,20.98904410513,-38.097136576053316,145.1759616772852,-37.91064,145.13647
rmit_city,20508,Carrum Downs,37.15514534653,-38.097136576053316,145.1759616772852,-37.80825,144.96239
unimelb_parkville,20508,Carrum Downs,38.458630266120004,-38.097136576053316,145.1759616772852,-37.79468,144.9625
monash_clayton,20468,Canterbury (Vic.),10.91127668547,-37.82429959357317,145.0771794486708,-37.91064,145.13647
rmit_city,20468,Canterbury (Vic.),10.26312293542,-37.82429959357317,145.0771794486708,-37.80825,144.96239
unimelb_parkville,20468,Canterbury (Vic.),10.62023399526,-37.82429959357317,145.0771794486708,-37.79468,144.9625
monash_clayton,20474,Cape Schanck,65.04428576264999,-38.46725643214792,144.90437041775564,-37.91064,145.13647
rmit_city,20474,Cape Schanck,73.32573859599,-38.46725643214792,144.90437041775564,-37.80825,144.96239
unimelb_parkville,20474,Cape Schanck,74.82904277102,-38.46725643214792,144.90437041775564,-37.79468,144.9625
monash_clayton,20476,Capel Sound,55.941242130140004,-38.370520628842996,144.87542362683655,-37.91064,145.13647
rmit_city,20476,Capel Sound,62.87557194923,-38.370520628842996,144.87542362683655,-37.80825,144.96239
unimelb_parkville,20476,Capel Sound,64.37210183506,-38.370520628842996,144.87542362683655,-37.79468,144.9625
monash_clayton,20496,Carlton North,20.28986119947,-37.78569774223538,144.96818949465532,-37.91064,145.13647
rmit_city,20496,Carlton North,2.55471800486,-37.78569774223538,144.96818949465532,-37.80825,144.96239
unimelb_parkville,20496,Carlton North,1.11583147911,-37.78569774223538,144.96818949465532,-37.79468,144.9625
monash_clayton,20498,Carnegie,7.328555168189999,-37.89387247991016,145.05587433190706,-37.91064,145.13647
rmit_city,20498,Carnegie,12.570196524310001,-37.89387247991016,145.05587433190706,-37.80825,144.96239
unimelb_parkville,20498,Carnegie,13.73897752726,-37.89387247991016,145.05587433190706,-37.79468,144.9625
monash_clayton,21555,Lyndhurst (Vic.),18.88524081834,-38.064915898794304,145.22712343989573,-37.91064,145.13647
rmit_city,21555,Lyndhurst (Vic.),36.78584640482,-38.064915898794304,145.22712343989573,-37.80825,144.96239
unimelb_parkville,21555,Lyndhurst (Vic.),37.959636497,-38.064915898794304,145.22712343989573,-37.79468,144.9625
monash_clayton,20512,Castella,51.014552983579996,-37.51795188472,145.43714717599838,-37.91064,145.13647
rmit_city,20512,Castella,52.847211608799995,-37.51795188472,145.43714717599838,-37.80825,144.96239
unimelb_parkville,20512,Castella,51.93789748762,-37.51795188472,145.43714717599838,-37.79468,144.9625
monash_clayton,20517,Catani,54.76378458506,-38.192209363339714,145.64882646780234,-37.91064,145.13647
rmit_city,20517,Catani,73.83279388188001,-38.192209363339714,145.64882646780234,-37.80825,144.96239
unimelb_parkville,20517,Catani,74.70898452587,-38.192209363339714,145.64882646780234,-37.79468,144.9625
monash_clayton,20521,Caulfield,10.15323549137,-37.88402223559392,145.026028175267,-37.91064,145.13647
rmit_city,20521,Caulfield,10.10469751163,-37.88402223559392,145.026028175267,-37.80825,144.96239
unimelb_parkville,20521,Caulfield,11.38443319759,-37.88402223559392,145.026028175267,-37.79468,144.9625
monash_clayton,20522,Caulfield East,8.92333909279,-37.881195529803364,145.04206744250138,-37.91064,145.13647
rmit_city,20522,Caulfield East,10.71144827401,-37.881195529803364,145.04206744250138,-37.80825,144.96239
unimelb_parkville,20522,Caulfield East,11.88555129076,-37.881195529803364,145.04206744250138,-37.79468,144.9625
monash_clayton,20528,Chadstone,4.486228443130001,-37.88270130181234,145.09961184706876,-37.91064,145.13647
rmit_city,20528,Chadstone,14.63420570831,-37.88270130181234,145.09961184706876,-37.80825,144.96239
unimelb_parkville,20528,Chadstone,15.5278541439,-37.88270130181234,145.09961184706876,-37.79468,144.9625
monash_clayton,20537,Chelsea,15.49221383723,-38.0497239592687,145.12170057586053,-37.91064,145.13647
rmit_city,20537,Chelsea,30.241380282239998,-38.0497239592687,145.12170057586053,-37.80825,144.96239
unimelb_parkville,20537,Chelsea,31.58026041286,-38.0497239592687,145.12170057586053,-37.79468,144.9625
monash_clayton,20538,Chelsea Heights,14.39978088446,-38.04035317862469,145.13364773588413,-37.91064,145.13647
rmit_city,20538,Chelsea Heights,29.83993499159,-38.04035317862469,145.13364773588413,-37.80825,144.96239
unimelb_parkville,20538,Chelsea Heights,31.14555338455,-38.04035317862469,145.13364773588413,-37.79468,144.9625
monash_clayton,20758,Dingley Village,7.106537926570001,-37.974034639176516,145.12514847465093,-37.91064,145.13647
rmit_city,20758,Dingley Village,23.314526244920003,-37.974034639176516,145.12514847465093,-37.80825,144.96239
unimelb_parkville,20758,Dingley Village,24.51584906691,-37.974034639176516,145.12514847465093,-37.79468,144.9625
monash_clayton,20539,Cheltenham (Vic.),9.02694749572,-37.96157460931214,145.0564174386013,-37.91064,145.13647
rmit_city,20539,Cheltenham (Vic.),18.921842672039997,-37.96157460931214,145.0564174386013,-37.80825,144.96239
unimelb_parkville,20539,Cheltenham (Vic.),20.28353317522,-37.96157460931214,145.0564174386013,-37.79468,144.9625
monash_clayton,20541,Cherokee,71.70446003514,-37.39774272143874,144.64238281313857,-37.91064,145.13647
rmit_city,20541,Cherokee,53.61317739567,-37.39774272143874,144.64238281313857,-37.80825,144.96239
unimelb_parkville,20541,Cherokee,52.34585419253,-37.39774272143874,144.64238281313857,-37.79468,144.9625
monash_clayton,20569,Clayton,0.68995048234,-37.915270790211956,145.1312359420586,-37.91064,145.13647
rmit_city,20569,Clayton,19.02263883792,-37.915270790211956,145.1312359420586,-37.80825,144.96239
unimelb_parkville,20569,Clayton,19.991616560679997,-37.915270790211956,145.1312359420586,-37.79468,144.9625
monash_clayton,20555,Chintin,63.19827705473,-37.39630068762187,144.82920865505386,-37.91064,145.13647
rmit_city,20555,Chintin,47.210106256450004,-37.39630068762187,144.82920865505386,-37.80825,144.96239
unimelb_parkville,20555,Chintin,45.755728753759996,-37.39630068762187,144.82920865505386,-37.79468,144.9625
monash_clayton,20570,Clayton South,3.8104142801200003,-37.94428510891256,145.1278586797098,-37.91064,145.13647
rmit_city,20570,Clayton South,20.97415327848,-37.94428510891256,145.1278586797098,-37.80825,144.96239
unimelb_parkville,20570,Clayton South,22.077690131089998,-37.94428510891256,145.1278586797098,-37.79468,144.9625
monash_clayton,20556,Chirnside Park,24.365139235300003,-37.74196160957056,145.31358420235162,-37.91064,145.13647
rmit_city,20556,Chirnside Park,31.80295757802,-37.74196160957056,145.31358420235162,-37.80825,144.96239
unimelb_parkville,20556,Chirnside Park,31.48187963444,-37.74196160957056,145.31358420235162,-37.79468,144.9625
monash_clayton,20559,Christmas Hills (Vic.),31.841278531380002,-37.65798072180939,145.30767437344176,-37.91064,145.13647
rmit_city,20559,Christmas Hills (Vic.),34.70690447983,-37.65798072180939,145.30767437344176,-37.80825,144.96239
unimelb_parkville,20559,Christmas Hills (Vic.),34.00257573555,-37.65798072180939,145.30767437344176,-37.79468,144.9625
monash_clayton,20572,Clematis,25.03457010289,-37.93023378366159,145.4201127832623,-37.91064,145.13647
rmit_city,20572,Clematis,42.48909499406,-37.93023378366159,145.4201127832623,-37.80825,144.96239
unimelb_parkville,20572,Clematis,42.98714549952,-37.93023378366159,145.4201127832623,-37.79468,144.9625
monash_clayton,20574,Clifton Hill,18.11495364318,-37.78967427924241,144.99829721698862,-37.91064,145.13647
rmit_city,20574,Clifton Hill,3.77514560236,-37.78967427924241,144.99829721698862,-37.80825,144.96239
unimelb_parkville,20574,Clifton Hill,3.2015871274800003,-37.78967427924241,144.99829721698862,-37.79468,144.9625
monash_clayton,20576,Clonbinane,60.31025516693,-37.36756980442181,145.1597724812523,-37.91064,145.13647
rmit_city,20576,Clonbinane,51.92445877756,-37.36756980442181,145.1597724812523,-37.80825,144.96239
unimelb_parkville,20576,Clonbinane,50.50543987729,-37.36756980442181,145.1597724812523,-37.79468,144.9625
monash_clayton,20581,Clyde (Vic.),32.71004180555,-38.14861987056156,145.35620737722024,-37.91064,145.13647
rmit_city,20581,Clyde (Vic.),51.22948946771,-38.14861987056156,145.35620737722024,-37.80825,144.96239
unimelb_parkville,20581,Clyde (Vic.),52.345825110700005,-38.14861987056156,145.35620737722024,-37.79468,144.9625
monash_clayton,20582,Clyde North,28.795366993610003,-38.10011441963325,145.36042443969498,-37.91064,145.13647
rmit_city,20582,Clyde North,47.678257927400004,-38.10011441963325,145.36042443969498,-37.80825,144.96239
unimelb_parkville,20582,Clyde North,48.70954406422,-38.10011441963325,145.36042443969498,-37.79468,144.9625
monash_clayton,20560,Chum Creek,46.036126339380004,-37.606894301926125,145.49222324087168,-37.91064,145.13647
rmit_city,20560,Chum Creek,51.79071579956,-37.606894301926125,145.49222324087168,-37.80825,144.96239
unimelb_parkville,20560,Chum Creek,51.1538596231,-37.606894301926125,145.49222324087168,-37.79468,144.9625
monash_clayton,20566,Clarinda,4.5459903888,-37.941841820851536,145.10297587563335,-37.91064,145.13647
rmit_city,20566,Clarinda,19.3095025304,-37.941841820851536,145.10297587563335,-37.80825,144.96239
unimelb_parkville,20566,Clarinda,20.483672309230002,-37.941841820851536,145.10297587563335,-37.79468,144.9625
monash_clayton,20567,Clarkefield,55.487701069939995,-37.48462236351783,144.80722770649973,-37.91064,145.13647
rmit_city,20567,Clarkefield,38.44099575423,-37.48462236351783,144.80722770649973,-37.80825,144.96239
unimelb_parkville,20567,Clarkefield,37.0415645915,-37.48462236351783,144.80722770649973,-37.79468,144.9625
monash_clayton,20587,Cobaw,83.89145817896001,-37.263880366346264,144.6448959679086,-37.91064,145.13647
rmit_city,20587,Cobaw,66.61667337157999,-37.263880366346264,144.6448959679086,-37.80825,144.96239
unimelb_parkville,20587,Cobaw,65.25900915544,-37.263880366346264,144.6448959679086,-37.79468,144.9625
monash_clayton,20590,Cobblebank,52.28065613925,-37.707724498136265,144.60068675158854,-37.91064,145.13647
rmit_city,20590,Cobblebank,33.76984173661,-37.707724498136265,144.60068675158854,-37.80825,144.96239
unimelb_parkville,20590,Cobblebank,33.31462696037,-37.707724498136265,144.60068675158854,-37.79468,144.9625
monash_clayton,20596,Coburg,23.8306651656,-37.74504768712265,144.96417122037866,-37.91064,145.13647
rmit_city,20596,Coburg,7.01672211808,-37.74504768712265,144.96417122037866,-37.80825,144.96239
unimelb_parkville,20596,Coburg,5.51076344599,-37.74504768712265,144.96417122037866,-37.79468,144.9625
monash_clayton,20597,Coburg North,25.21230181185,-37.72720182438343,144.9675850356433,-37.91064,145.13647
rmit_city,20597,Coburg North,9.00734382349,-37.72720182438343,144.9675850356433,-37.80825,144.96239
unimelb_parkville,20597,Coburg North,7.502926422870001,-37.72720182438343,144.9675850356433,-37.79468,144.9625
monash_clayton,20600,Cockatoo (Vic.),32.332744556819996,-37.92634336277258,145.5036473320645,-37.91064,145.13647
rmit_city,20600,Cockatoo (Vic.),49.39625888172,-37.92634336277258,145.5036473320645,-37.80825,144.96239
unimelb_parkville,20600,Cockatoo (Vic.),49.81201738728,-37.92634336277258,145.5036473320645,-37.79468,144.9625
monash_clayton,20601,Cocoroc,45.84017607171,-37.96264010836701,144.61916285930116,-37.91064,145.13647
rmit_city,20601,Cocoroc,34.71730006131,-37.96264010836701,144.61916285930116,-37.80825,144.96239
unimelb_parkville,20601,Cocoroc,35.49551788893,-37.96264010836701,144.61916285930116,-37.79468,144.9625
monash_clayton,20605,Coimadai,67.01692887914,-37.59108397802298,144.4912517968582,-37.91064,145.13647
rmit_city,20605,Coimadai,48.03457426255,-37.59108397802298,144.4912517968582,-37.80825,144.96239
unimelb_parkville,20605,Coimadai,47.30859142076,-37.59108397802298,144.4912517968582,-37.79468,144.9625
monash_clayton,20613,Coldstream (Vic.),28.64471826866,-37.701192498532805,145.32651360616566,-37.91064,145.13647
rmit_city,20613,Coldstream (Vic.),34.21751041524,-37.701192498532805,145.32651360616566,-37.80825,144.96239
unimelb_parkville,20613,Coldstream (Vic.),33.71762915304,-37.701192498532805,145.32651360616566,-37.79468,144.9625
monash_clayton,20624,Coolaroo,33.45536787649,-37.654772908827674,144.93571679014974,-37.91064,145.13647
rmit_city,20624,Coolaroo,17.19614576347,-37.654772908827674,144.93571679014974,-37.80825,144.96239
unimelb_parkville,20624,Coolaroo,15.70695802249,-37.654772908827674,144.93571679014974,-37.79468,144.9625
monash_clayton,20633,Cora Lynn,49.62224038695,-38.141599097378794,145.6203748565754,-37.91064,145.13647
rmit_city,20633,Cora Lynn,68.63839637793,-38.141599097378794,145.6203748565754,-37.80825,144.96239
unimelb_parkville,20633,Cora Lynn,69.45827120569001,-38.141599097378794,145.6203748565754,-37.79468,144.9625
monash_clayton,20654,Cottles Bridge,34.48122257462,-37.607063144463844,145.21957647967375,-37.91064,145.13647
rmit_city,20654,Cottles Bridge,31.82682867398,-37.607063144463844,145.21957647967375,-37.80825,144.96239
unimelb_parkville,20654,Cottles Bridge,30.783180993229998,-37.607063144463844,145.21957647967375,-37.79468,144.9625
monash_clayton,20661,Craigieburn,41.02874413634,-37.58095176353919,144.92592467816212,-37.91064,145.13647
rmit_city,20661,Craigieburn,25.43215819769,-37.58095176353919,144.92592467816212,-37.80825,144.96239
unimelb_parkville,20661,Craigieburn,23.94018101091,-37.58095176353919,144.92592467816212,-37.79468,144.9625
monash_clayton,20662,Cranbourne,25.339930966479997,-38.11263739259735,145.2709196101282,-37.91064,145.13647
rmit_city,20662,Cranbourne,43.31983320511,-38.11263739259735,145.2709196101282,-37.80825,144.96239
unimelb_parkville,20662,Cranbourne,44.50012614516,-38.11263739259735,145.2709196101282,-37.79468,144.9625
monash_clayton,21214,Hughesdale,5.00342986021,-37.89842746868928,145.08170570179337,-37.91064,145.13647
rmit_city,21214,Hughesdale,14.50675085297,-37.89842746868928,145.08170570179337,-37.80825,144.96239
unimelb_parkville,21214,Hughesdale,15.578261812200001,-37.89842746868928,145.08170570179337,-37.79468,144.9625
monash_clayton,20663,Cranbourne East,26.88125773826,-38.113241211266754,145.30417064382056,-37.91064,145.13647
rmit_city,20663,Cranbourne East,45.25623587698,-38.113241211266754,145.30417064382056,-37.80825,144.96239
unimelb_parkville,20663,Cranbourne East,46.38918178232,-38.113241211266754,145.30417064382056,-37.79468,144.9625
monash_clayton,20664,Cranbourne North,23.37579270783,-38.077588731545355,145.29868923156727,-37.91064,145.13647
rmit_city,20664,Cranbourne North,42.042502691150005,-38.077588731545355,145.29868923156727,-37.80825,144.96239
unimelb_parkville,20664,Cranbourne North,43.12173704192,-38.077588731545355,145.29868923156727,-37.79468,144.9625
monash_clayton,20665,Cranbourne South,27.657381974539998,-38.14710503097521,145.23578375885162,-37.91064,145.13647
rmit_city,20665,Cranbourne South,44.62725050416,-38.14710503097521,145.23578375885162,-37.80825,144.96239
unimelb_parkville,20665,Cranbourne South,45.899896986790004,-38.14710503097521,145.23578375885162,-37.79468,144.9625
monash_clayton,21215,Humevale,45.29044607914,-37.50366688433382,145.1738517866284,-37.91064,145.13647
rmit_city,21215,Humevale,38.61351281828,-37.50366688433382,145.1738517866284,-37.80825,144.96239
unimelb_parkville,21215,Humevale,37.29797597909,-37.50366688433382,145.1738517866284,-37.79468,144.9625
monash_clayton,20674,Crib Point,49.81389251279,-38.3563610594883,145.2026729602481,-37.91064,145.13647
rmit_city,20674,Crib Point,64.3880008416,-38.3563610594883,145.2026729602481,-37.80825,144.96239
unimelb_parkville,20674,Crib Point,65.81053600573,-38.3563610594883,145.2026729602481,-37.79468,144.9625
monash_clayton,20682,Croydon (Vic.),18.46899364465,-37.79117939153189,145.28255154527363,-37.91064,145.13647
rmit_city,20682,Croydon (Vic.),28.26045635918,-37.79117939153189,145.28255154527363,-37.80825,144.96239
unimelb_parkville,20682,Croydon (Vic.),28.192437766300003,-37.79117939153189,145.28255154527363,-37.79468,144.9625
monash_clayton,20683,Croydon Hills,19.08355231162,-37.7744176038006,145.2687538464283,-37.91064,145.13647
rmit_city,20683,Croydon Hills,27.244770716079998,-37.7744176038006,145.2687538464283,-37.80825,144.96239
unimelb_parkville,20683,Croydon Hills,27.07110281415,-37.7744176038006,145.2687538464283,-37.79468,144.9625
monash_clayton,20684,Croydon North,20.02382830232,-37.77359874011163,145.28442010461117,-37.91064,145.13647
rmit_city,20684,Croydon North,28.62435199844,-37.77359874011163,145.28442010461117,-37.80825,144.96239
unimelb_parkville,20684,Croydon North,28.454068982379997,-37.77359874011163,145.28442010461117,-37.79468,144.9625
monash_clayton,21218,Huntingdale (Vic.),2.4528815279300002,-37.907006403590664,145.108957292538,-37.91064,145.13647
rmit_city,21218,Huntingdale (Vic.),16.92675112095,-37.907006403590664,145.108957292538,-37.80825,144.96239
unimelb_parkville,21218,Huntingdale (Vic.),17.932751699,-37.907006403590664,145.108957292538,-37.79468,144.9625
monash_clayton,21223,Hurstbridge,30.737958374879998,-37.63736148895323,145.19300114376856,-37.91064,145.13647
rmit_city,21223,Hurstbridge,27.804791535299998,-37.63736148895323,145.19300114376856,-37.80825,144.96239
unimelb_parkville,21223,Hurstbridge,26.79404272864,-37.63736148895323,145.19300114376856,-37.79468,144.9625
monash_clayton,20685,Croydon South,16.3766693746,-37.815855510425074,145.27909667739414,-37.91064,145.13647
rmit_city,20685,Croydon South,27.900730456770003,-37.815855510425074,145.27909667739414,-37.80825,144.96239
unimelb_parkville,20685,Croydon South,27.97971162709,-37.815855510425074,145.27909667739414,-37.79468,144.9625
monash_clayton,20702,Dallas,31.73450999574,-37.67272836919374,144.93664541631892,-37.91064,145.13647
rmit_city,20702,Dallas,15.21195473458,-37.67272836919374,144.93664541631892,-37.80825,144.96239
unimelb_parkville,20702,Dallas,13.7261150278,-37.67272836919374,144.93664541631892,-37.79468,144.9625
monash_clayton,20703,Dalmore,39.43226917008,-38.187844687610706,145.41743376505093,-37.91064,145.13647
rmit_city,20703,Dalmore,58.07512684085,-38.187844687610706,145.41743376505093,-37.80825,144.96239
unimelb_parkville,20703,Dalmore,59.1728880586,-38.187844687610706,145.41743376505093,-37.79468,144.9625
monash_clayton,20707,Dandenong,10.68363885139,-37.985877947563175,145.2122806589503,-37.91064,145.13647
rmit_city,20707,Dandenong,29.52612266509,-37.985877947563175,145.2122806589503,-37.80825,144.96239
unimelb_parkville,20707,Dandenong,30.54691856888,-37.985877947563175,145.2122806589503,-37.79468,144.9625
monash_clayton,20708,Dandenong North,8.48011152536,-37.955048652596886,145.2149619202701,-37.91064,145.13647
rmit_city,20708,Dandenong North,27.55355558187,-37.955048652596886,145.2149619202701,-37.80825,144.96239
unimelb_parkville,20708,Dandenong North,28.4641864382,-37.955048652596886,145.2149619202701,-37.79468,144.9625
monash_clayton,21238,Iona,55.38093173741,-38.14747078060635,145.6916610219019,-37.91064,145.13647
rmit_city,21238,Iona,74.31668794894,-38.14747078060635,145.6916610219019,-37.80825,144.96239
unimelb_parkville,21238,Iona,75.08777806628001,-38.14747078060635,145.6916610219019,-37.79468,144.9625
monash_clayton,21246,Ivanhoe (Vic.),17.8990432501,-37.76801529847781,145.0415741383568,-37.91064,145.13647
rmit_city,21246,Ivanhoe (Vic.),8.28203625787,-37.76801529847781,145.0415741383568,-37.80825,144.96239
unimelb_parkville,21246,Ivanhoe (Vic.),7.56849493204,-37.76801529847781,145.0415741383568,-37.79468,144.9625
monash_clayton,20709,Dandenong South,14.998972294360001,-38.03031266121251,145.21574935687406,-37.91064,145.13647
rmit_city,20709,Dandenong South,33.22352603751,-38.03031266121251,145.21574935687406,-37.80825,144.96239
unimelb_parkville,20709,Dandenong South,34.35082221157,-38.03031266121251,145.21574935687406,-37.79468,144.9625
monash_clayton,20712,Darley,69.11384899888999,-37.63673845429375,144.431955929368,-37.91064,145.13647
rmit_city,20712,Darley,50.4903284994,-37.63673845429375,144.431955929368,-37.80825,144.96239
unimelb_parkville,20712,Darley,49.95502936551,-37.63673845429375,144.431955929368,-37.79468,144.9625
monash_clayton,20729,Deer Park,36.26487931384,-37.766659485436705,144.7666426495726,-37.91064,145.13647
rmit_city,20729,Deer Park,17.849717271779998,-37.766659485436705,144.7666426495726,-37.80825,144.96239
unimelb_parkville,20729,Deer Park,17.531798489190002,-37.766659485436705,144.7666426495726,-37.79468,144.9625
monash_clayton,20716,Darraweit Guim,59.33131027072,-37.41860748033921,144.8736119276431,-37.91064,145.13647
rmit_city,20716,Darraweit Guim,43.95070431214,-37.41860748033921,144.8736119276431,-37.80825,144.96239
unimelb_parkville,20716,Darraweit Guim,42.47145480159,-37.41860748033921,144.8736119276431,-37.79468,144.9625
monash_clayton,20724,Deanside,44.0829557982,-37.73425859022648,144.68785846603737,-37.91064,145.13647
rmit_city,20724,Deanside,25.543657113789997,-37.73425859022648,144.68785846603737,-37.80825,144.96239
unimelb_parkville,20724,Deanside,25.11143574611,-37.73425859022648,144.68785846603737,-37.79468,144.9625
monash_clayton,20750,Dewhurst,30.55177022178,-37.97603125416471,145.4740936616059,-37.91064,145.13647
rmit_city,20750,Dewhurst,48.710302884719994,-37.97603125416471,145.4740936616059,-37.80825,144.96239
unimelb_parkville,20750,Dewhurst,49.300714647940005,-37.97603125416471,145.4740936616059,-37.79468,144.9625
monash_clayton,20762,Dixons Creek,44.61048052134,-37.5840735649629,145.43154791021513,-37.91064,145.13647
rmit_city,20762,Dixons Creek,48.28160446565,-37.5840735649629,145.43154791021513,-37.80825,144.96239
unimelb_parkville,20762,Dixons Creek,47.51778757198,-37.5840735649629,145.43154791021513,-37.79468,144.9625
monash_clayton,20766,Docklands,20.264145990699998,-37.81803142203998,144.93800619057762,-37.91064,145.13647
rmit_city,20766,Docklands,2.4059863687900003,-37.81803142203998,144.93800619057762,-37.80825,144.96239
unimelb_parkville,20766,Docklands,3.371982751,-37.81803142203998,144.93800619057762,-37.79468,144.9625
monash_clayton,20752,Diamond Creek,27.78169063561,-37.660761619647694,145.1548239488561,-37.91064,145.13647
rmit_city,20752,Diamond Creek,23.573457910640002,-37.660761619647694,145.1548239488561,-37.80825,144.96239
unimelb_parkville,20752,Diamond Creek,22.547466523769998,-37.660761619647694,145.1548239488561,-37.79468,144.9625
monash_clayton,20754,Diggers Rest,51.87285968917,-37.61365507978381,144.6819171104034,-37.91064,145.13647
rmit_city,20754,Diggers Rest,32.834529449,-37.61365507978381,144.6819171104034,-37.80825,144.96239
unimelb_parkville,20754,Diggers Rest,31.87326648697,-37.61365507978381,144.6819171104034,-37.79468,144.9625
monash_clayton,20769,Don Valley,44.43903880384,-37.73536337908732,145.59027522524642,-37.91064,145.13647
rmit_city,20769,Don Valley,55.907438206079995,-37.73536337908732,145.59027522524642,-37.80825,144.96239
unimelb_parkville,20769,Don Valley,55.70483039815,-37.73536337908732,145.59027522524642,-37.79468,144.9625
monash_clayton,20771,Doncaster,14.235738836140001,-37.78279818749578,145.12346127019174,-37.91064,145.13647
rmit_city,20771,Doncaster,14.4650092069,-37.78279818749578,145.12346127019174,-37.80825,144.96239
unimelb_parkville,20771,Doncaster,14.239285878779999,-37.78279818749578,145.12346127019174,-37.79468,144.9625
monash_clayton,20772,Doncaster East,15.42805123565,-37.774277638955375,145.17045150739972,-37.91064,145.13647
rmit_city,20772,Doncaster East,18.7101200655,-37.774277638955375,145.17045150739972,-37.80825,144.96239
unimelb_parkville,20772,Doncaster East,18.457651951939997,-37.774277638955375,145.17045150739972,-37.79468,144.9625
monash_clayton,20773,Donnybrook (Vic.),42.93091615564,-37.540170829143,144.99648195199612,-37.91064,145.13647
rmit_city,20773,Donnybrook (Vic.),29.905810497580003,-37.540170829143,144.99648195199612,-37.80825,144.96239
unimelb_parkville,20773,Donnybrook (Vic.),28.40668223765,-37.540170829143,144.99648195199612,-37.79468,144.9625
monash_clayton,20774,Donvale,14.49106538683,-37.78619632217122,145.1862648904657,-37.91064,145.13647
rmit_city,20774,Donvale,19.8688559474,-37.78619632217122,145.1862648904657,-37.80825,144.96239
unimelb_parkville,20774,Donvale,19.73209286624,-37.78619632217122,145.1862648904657,-37.79468,144.9625
monash_clayton,20779,Doreen,34.69405416046,-37.59807301094823,145.14033364011078,-37.91064,145.13647
rmit_city,20779,Doreen,28.114432725369998,-37.59807301094823,145.14033364011078,-37.80825,144.96239
unimelb_parkville,20779,Doreen,26.87302300924,-37.59807301094823,145.14033364011078,-37.79468,144.9625
monash_clayton,20783,Doveton,12.197330972489999,-37.98399350810736,145.2397984922505,-37.91064,145.13647
rmit_city,20783,Doveton,31.238670796610002,-37.98399350810736,145.2397984922505,-37.80825,144.96239
unimelb_parkville,20783,Doveton,32.195038489089995,-37.98399350810736,145.2397984922505,-37.79468,144.9625
monash_clayton,20830,East Melbourne,17.17016537505,-37.81553007907958,144.9825813372199,-37.91064,145.13647
rmit_city,20830,East Melbourne,1.95297731006,-37.81553007907958,144.9825813372199,-37.80825,144.96239
unimelb_parkville,20830,East Melbourne,2.91255549016,-37.81553007907958,144.9825813372199,-37.79468,144.9625
monash_clayton,20833,East Warburton,60.23122451265,-37.69336087360987,145.76317354285794,-37.91064,145.13647
rmit_city,20833,East Warburton,71.71468938279,-37.69336087360987,145.76317354285794,-37.80825,144.96239
unimelb_parkville,20833,East Warburton,71.45904218715,-37.69336087360987,145.76317354285794,-37.79468,144.9625
monash_clayton,20788,Dromana,47.96747031862,-38.33174570727208,145.01362025306614,-37.91064,145.13647
rmit_city,20788,Dromana,58.28050256658,-38.33174570727208,145.01362025306614,-37.80825,144.96239
unimelb_parkville,20788,Dromana,59.78160540856,-38.33174570727208,145.01362025306614,-37.79468,144.9625
monash_clayton,20825,Eaglemont,17.49483286997,-37.763269975552745,145.06596845571616,-37.91064,145.13647
rmit_city,20825,Eaglemont,10.40052802715,-37.763269975552745,145.06596845571616,-37.80825,144.96239
unimelb_parkville,20825,Eaglemont,9.7590503331,-37.763269975552745,145.06596845571616,-37.79468,144.9625
monash_clayton,20889,Eumemmerring,13.777935548990001,-37.99728982928363,145.24872302609,-37.91064,145.13647
rmit_city,20889,Eumemmerring,32.77831210905,-37.99728982928363,145.24872302609,-37.80825,144.96239
unimelb_parkville,20889,Eumemmerring,33.756798656179996,-37.99728982928363,145.24872302609,-37.79468,144.9625
monash_clayton,20843,Eden Park,47.41123599313,-37.48706970270076,145.06688453464162,-37.91064,145.13647
rmit_city,20843,Eden Park,36.82121216093,-37.48706970270076,145.06688453464162,-37.80825,144.96239
unimelb_parkville,20843,Eden Park,35.36274235929,-37.48706970270076,145.06688453464162,-37.79468,144.9625
monash_clayton,20848,Edithvale,14.23448513074,-38.03779933187695,145.1154511393285,-37.91064,145.13647
rmit_city,20848,Edithvale,28.814613505910003,-38.03779933187695,145.1154511393285,-37.80825,144.96239
unimelb_parkville,20848,Edithvale,30.15086068434,-38.03779933187695,145.1154511393285,-37.79468,144.9625
monash_clayton,20864,Elsternwick,11.6621310971,-37.88715836384879,145.00722855037006,-37.91064,145.13647
rmit_city,20864,Elsternwick,9.60637158326,-37.88715836384879,145.00722855037006,-37.80825,144.96239
unimelb_parkville,20864,Elsternwick,10.993657833679999,-37.88715836384879,145.00722855037006,-37.79468,144.9625
monash_clayton,20865,Eltham (Vic.),21.81261117871,-37.71463849406901,145.15449592303693,-37.91064,145.13647
rmit_city,20865,Eltham (Vic.),19.862016057119998,-37.71463849406901,145.15449592303693,-37.80825,144.96239
unimelb_parkville,20865,Eltham (Vic.),19.110046967509998,-37.71463849406901,145.15449592303693,-37.79468,144.9625
monash_clayton,20866,Eltham North,23.64086127103,-37.69771802635078,145.14347952916236,-37.91064,145.13647
rmit_city,20866,Eltham North,20.1292944208,-37.69771802635078,145.14347952916236,-37.80825,144.96239
unimelb_parkville,20866,Eltham North,19.241579754300002,-37.69771802635078,145.14347952916236,-37.79468,144.9625
monash_clayton,20948,Frankston North,24.12088330064,-38.126618060441565,145.16685335490288,-37.91064,145.13647
rmit_city,20948,Frankston North,39.64256133836,-38.126618060441565,145.16685335490288,-37.80825,144.96239
unimelb_parkville,20948,Frankston North,40.98733831125,-38.126618060441565,145.16685335490288,-37.79468,144.9625
monash_clayton,20867,Elwood,13.67083719011,-37.8809859604729,144.98561492841773,-37.91064,145.13647
rmit_city,20867,Elwood,8.32800433121,-37.8809859604729,144.98561492841773,-37.80825,144.96239
unimelb_parkville,20867,Elwood,9.79309882735,-37.8809859604729,144.98561492841773,-37.79468,144.9625
monash_clayton,20868,Emerald (Vic.),27.684709889639997,-37.93245360423714,145.45012763923935,-37.91064,145.13647
rmit_city,20868,Emerald (Vic.),45.07436628516,-37.93245360423714,145.45012763923935,-37.80825,144.96239
unimelb_parkville,20868,Emerald (Vic.),45.55218235088,-37.93245360423714,145.45012763923935,-37.79468,144.9625
monash_clayton,20871,Endeavour Hills,12.55359649715,-37.96954666270093,145.25838118855035,-37.91064,145.13647
rmit_city,20871,Endeavour Hills,31.59797006579,-37.96954666270093,145.25838118855035,-37.80825,144.96239
unimelb_parkville,20871,Endeavour Hills,32.46922582157,-37.96954666270093,145.25838118855035,-37.79468,144.9625
monash_clayton,20878,Epping (Vic.),31.44246905217,-37.64377504603889,145.01672400752707,-37.91064,145.13647
rmit_city,20878,Epping (Vic.),18.87324899722,-37.64377504603889,145.01672400752707,-37.80825,144.96239
unimelb_parkville,20878,Epping (Vic.),17.41804428702,-37.64377504603889,145.01672400752707,-37.79468,144.9625
monash_clayton,20885,Essendon,26.87027935105,-37.749306694476324,144.908902684435,-37.91064,145.13647
rmit_city,20885,Essendon,8.06250634737,-37.749306694476324,144.908902684435,-37.80825,144.96239
unimelb_parkville,20885,Essendon,6.90366202858,-37.749306694476324,144.908902684435,-37.79468,144.9625
monash_clayton,20886,Essendon Fields,29.34314840067,-37.724270285102314,144.90010834646293,-37.91064,145.13647
rmit_city,20886,Essendon Fields,10.81651714047,-37.724270285102314,144.90010834646293,-37.80825,144.96239
unimelb_parkville,20886,Essendon Fields,9.555066720200001,-37.724270285102314,144.90010834646293,-37.79468,144.9625
monash_clayton,20887,Essendon North,28.028673545620002,-37.73948039189477,144.9023933572638,-37.91064,145.13647
rmit_city,20887,Essendon North,9.28442850778,-37.73948039189477,144.9023933572638,-37.80825,144.96239
unimelb_parkville,20887,Essendon North,8.09839232303,-37.73948039189477,144.9023933572638,-37.79468,144.9625
monash_clayton,20888,Essendon West,28.203209970659998,-37.754845296029465,144.88337779679895,-37.91064,145.13647
rmit_city,20888,Essendon West,9.14232904843,-37.754845296029465,144.88337779679895,-37.80825,144.96239
unimelb_parkville,20888,Essendon West,8.2546293426,-37.754845296029465,144.88337779679895,-37.79468,144.9625
monash_clayton,20898,Exford,56.098432692100005,-37.72766285030423,144.5425503001275,-37.91064,145.13647
rmit_city,20898,Exford,38.05743960795,-37.72766285030423,144.5425503001275,-37.80825,144.96239
unimelb_parkville,20898,Exford,37.74467837178,-37.72766285030423,144.5425503001275,-37.79468,144.9625
monash_clayton,20899,Eynesbury,54.77294004748,-37.79100594188959,144.53268557358524,-37.91064,145.13647
rmit_city,20899,Eynesbury,37.89279153704,-37.79100594188959,144.53268557358524,-37.80825,144.96239
unimelb_parkville,20899,Eynesbury,37.859770201829996,-37.79100594188959,144.53268557358524,-37.79468,144.9625
monash_clayton,20901,Fairfield (Vic.),17.74851481407,-37.784312639348265,145.0128365291673,-37.91064,145.13647
rmit_city,20901,Fairfield (Vic.),5.17685687797,-37.784312639348265,145.0128365291673,-37.80825,144.96239
unimelb_parkville,20901,Fairfield (Vic.),4.58067611101,-37.784312639348265,145.0128365291673,-37.79468,144.9625
monash_clayton,20909,Fawkner,27.14571339235,-37.70500475094434,144.96959327398037,-37.91064,145.13647
rmit_city,20909,Fawkner,11.47695116339,-37.70500475094434,144.96959327398037,-37.80825,144.96239
unimelb_parkville,20909,Fawkner,9.972824568930001,-37.70500475094434,144.96959327398037,-37.79468,144.9625
monash_clayton,20916,Fernshaw,54.03092874823,-37.60881282070552,145.61755071842242,-37.91064,145.13647
rmit_city,20916,Fernshaw,61.866794689479995,-37.60881282070552,145.61755071842242,-37.80825,144.96239
unimelb_parkville,20916,Fernshaw,61.33985170336,-37.60881282070552,145.61755071842242,-37.79468,144.9625
monash_clayton,20966,Garfield,51.43811191859,-38.10147401376696,145.67019453403378,-37.91064,145.13647
rmit_city,20966,Garfield,70.20584920124,-38.10147401376696,145.67019453403378,-37.80825,144.96239
unimelb_parkville,20966,Garfield,70.91317236813,-38.10147401376696,145.67019453403378,-37.79468,144.9625
monash_clayton,20917,Ferntree Gully,12.9401625683,-37.88616735160501,145.28031707813818,-37.91064,145.13647
rmit_city,20917,Ferntree Gully,29.28811094133,-37.88616735160501,145.28031707813818,-37.80825,144.96239
unimelb_parkville,20917,Ferntree Gully,29.7609684757,-37.88616735160501,145.28031707813818,-37.79468,144.9625
monash_clayton,20967,Garfield North,49.92437125981,-38.042228870222196,145.67983263923475,-37.91064,145.13647
rmit_city,20967,Garfield North,68.21546935686,-38.042228870222196,145.67983263923475,-37.80825,144.96239
unimelb_parkville,20967,Garfield North,68.79941829603,-38.042228870222196,145.67983263923475,-37.79468,144.9625
monash_clayton,20979,Gembrook,43.54234042917,-37.940208908158866,145.63030380475573,-37.91064,145.13647
rmit_city,20979,Gembrook,60.5621942461,-37.940208908158866,145.63030380475573,-37.80825,144.96239
unimelb_parkville,20979,Gembrook,60.93983612114,-37.940208908158866,145.63030380475573,-37.79468,144.9625
monash_clayton,20918,Ferny Creek,17.66239241519,-37.875511309928704,145.3323167310047,-37.91064,145.13647
rmit_city,20918,Ferny Creek,33.40607225185,-37.875511309928704,145.3323167310047,-37.80825,144.96239
unimelb_parkville,20918,Ferny Creek,33.76813002875,-37.875511309928704,145.3323167310047,-37.79468,144.9625
monash_clayton,20925,Fitzroy North,19.29332143519,-37.78406993209784,144.986221997023,-37.91064,145.13647
rmit_city,20925,Fitzroy North,3.40714656158,-37.78406993209784,144.986221997023,-37.80825,144.96239
unimelb_parkville,20925,Fitzroy North,2.3985137572100004,-37.78406993209784,144.986221997023,-37.79468,144.9625
monash_clayton,20995,Gilderoy,50.97710503564,-37.86444592740409,145.71303869793834,-37.91064,145.13647
rmit_city,20995,Gilderoy,66.37111948335,-37.86444592740409,145.71303869793834,-37.80825,144.96239
unimelb_parkville,20995,Gilderoy,66.52595471839,-37.86444592740409,145.71303869793834,-37.79468,144.9625
monash_clayton,20920,Fingal (Vic.),61.40731270893,-38.41894605788724,144.85989912693984,-37.91064,145.13647
rmit_city,20920,Fingal (Vic.),68.37970210239,-38.41894605788724,144.85989912693984,-37.80825,144.96239
unimelb_parkville,20920,Fingal (Vic.),69.87443397426999,-38.41894605788724,144.85989912693984,-37.79468,144.9625
monash_clayton,20924,Fitzroy (Vic.),18.43703427355,-37.800939195208,144.97915493817493,-37.91064,145.13647
rmit_city,20924,Fitzroy (Vic.),1.6847004004600001,-37.800939195208,144.97915493817493,-37.80825,144.96239
unimelb_parkville,20924,Fitzroy (Vic.),1.62305127962,-37.800939195208,144.97915493817493,-37.79468,144.9625
monash_clayton,21087,Grangefields,50.170015624070004,-37.70126676457196,144.6315678160994,-37.91064,145.13647
rmit_city,21087,Grangefields,31.478861995520003,-37.70126676457196,144.6315678160994,-37.80825,144.96239
unimelb_parkville,21087,Grangefields,30.95381628422,-37.70126676457196,144.6315678160994,-37.79468,144.9625
monash_clayton,20929,Flemington,22.62854591289,-37.78758274567394,144.93148140463524,-37.91064,145.13647
rmit_city,20929,Flemington,3.55984128186,-37.78758274567394,144.93148140463524,-37.80825,144.96239
unimelb_parkville,20929,Flemington,2.8434439939,-37.78758274567394,144.93148140463524,-37.79468,144.9625
monash_clayton,20930,Flinders (Vic.),61.96157621119,-38.455877999855744,144.98487631117422,-37.91064,145.13647
rmit_city,20930,Flinders (Vic.),71.91307558838,-38.455877999855744,144.98487631117422,-37.80825,144.96239
unimelb_parkville,20930,Flinders (Vic.),73.41843885396,-38.455877999855744,144.98487631117422,-37.79468,144.9625
monash_clayton,20935,Footscray,24.51823900162,-37.80079487537967,144.89475474956743,-37.91064,145.13647
rmit_city,20935,Footscray,6.013506533179999,-37.80079487537967,144.89475474956743,-37.80825,144.96239
unimelb_parkville,20935,Footscray,6.005015422970001,-37.80079487537967,144.89475474956743,-37.79468,144.9625
monash_clayton,21104,Greensborough,23.53192952684,-37.69963798816352,145.11040399818674,-37.91064,145.13647
rmit_city,21104,Greensborough,17.76128880225,-37.69963798816352,145.11040399818674,-37.80825,144.96239
unimelb_parkville,21104,Greensborough,16.76890796592,-37.69963798816352,145.11040399818674,-37.79468,144.9625
monash_clayton,21105,Greenvale (Vic.),38.402396494449995,-37.634930745232765,144.87312863913152,-37.91064,145.13647
rmit_city,21105,Greenvale (Vic.),20.78435051526,-37.634930745232765,144.87312863913152,-37.80825,144.96239
unimelb_parkville,21105,Greenvale (Vic.),19.402929664160002,-37.634930745232765,144.87312863913152,-37.79468,144.9625
monash_clayton,21115,Gruyere,35.12637550782,-37.72891821141718,145.46309491484507,-37.91064,145.13647
rmit_city,21115,Gruyere,44.986064918349996,-37.72891821141718,145.46309491484507,-37.80825,144.96239
unimelb_parkville,21115,Gruyere,44.71007739712,-37.72891821141718,145.46309491484507,-37.79468,144.9625
monash_clayton,21121,Guys Hill,25.21224682913,-38.014932622722434,145.39134515779475,-37.91064,145.13647
rmit_city,21121,Guys Hill,44.149413537250005,-38.014932622722434,145.39134515779475,-37.80825,144.96239
unimelb_parkville,21121,Guys Hill,44.94524962928,-38.014932622722434,145.39134515779475,-37.79468,144.9625
monash_clayton,20937,Forest Hill (Vic.),8.207295549500001,-37.84195365026603,145.17101600215824,-37.91064,145.13647
rmit_city,20937,Forest Hill (Vic.),18.74464088702,-37.84195365026603,145.17101600215824,-37.80825,144.96239
unimelb_parkville,20937,Forest Hill (Vic.),19.09463081245,-37.84195365026603,145.17101600215824,-37.79468,144.9625
monash_clayton,20947,Frankston,26.66596166352,-38.15083440868613,145.1424034372787,-37.91064,145.13647
rmit_city,20947,Frankston,41.18332282264,-38.15083440868613,145.1424034372787,-37.80825,144.96239
unimelb_parkville,20947,Frankston,42.57488447155,-38.15083440868613,145.1424034372787,-37.79468,144.9625
monash_clayton,20949,Frankston South,29.57059898454,-38.17704761247283,145.13572948502286,-37.91064,145.13647
rmit_city,20949,Frankston South,43.675265748710004,-38.17704761247283,145.13572948502286,-37.80825,144.96239
unimelb_parkville,20949,Frankston South,45.087210135890004,-38.17704761247283,145.13572948502286,-37.79468,144.9625
monash_clayton,20950,Fraser Rise,44.789846791689996,-37.68984830649627,144.71077452705393,-37.91064,145.13647
rmit_city,20950,Fraser Rise,25.77666242838,-37.68984830649627,144.71077452705393,-37.80825,144.96239
unimelb_parkville,20950,Fraser Rise,25.05270179776,-37.68984830649627,144.71077452705393,-37.79468,144.9625
monash_clayton,20965,Gardenvale,11.27632174578,-37.89793646002171,145.00925834988462,-37.91064,145.13647
rmit_city,20965,Gardenvale,10.77535796313,-37.89793646002171,145.00925834988462,-37.80825,144.96239
unimelb_parkville,20965,Gardenvale,12.177314326969999,-37.89793646002171,145.00925834988462,-37.79468,144.9625
monash_clayton,21001,Gisborne,66.51933345357999,-37.507201506773924,144.57860938852843,-37.91064,145.13647
rmit_city,21001,Gisborne,47.57358957393,-37.507201506773924,144.57860938852843,-37.80825,144.96239
unimelb_parkville,21001,Gisborne,46.537398045690004,-37.507201506773924,144.57860938852843,-37.79468,144.9625
monash_clayton,21002,Gisborne South,60.627587480920006,-37.549050440500615,144.62097520302794,-37.91064,145.13647
rmit_city,21002,Gisborne South,41.64979603479,-37.549050440500615,144.62097520302794,-37.80825,144.96239
unimelb_parkville,21002,Gisborne South,40.63327871889,-37.549050440500615,144.62097520302794,-37.79468,144.9625
monash_clayton,21004,Gladstone Park,32.0902837148,-37.69276665228225,144.8969396701817,-37.91064,145.13647
rmit_city,21004,Gladstone Park,14.055753408029998,-37.69276665228225,144.8969396701817,-37.80825,144.96239
unimelb_parkville,21004,Gladstone Park,12.70194803134,-37.69276665228225,144.8969396701817,-37.79468,144.9625
monash_clayton,21005,Gladysdale,44.61023929375,-37.8402270686059,145.63567377858175,-37.91064,145.13647
rmit_city,21005,Gladysdale,59.38306260337,-37.8402270686059,145.63567377858175,-37.80825,144.96239
unimelb_parkville,21005,Gladysdale,59.487839405769996,-37.8402270686059,145.63567377858175,-37.79468,144.9625
monash_clayton,21009,Glen Huntly,8.60157285434,-37.89244586347525,145.04140262223495,-37.91064,145.13647
rmit_city,21009,Glen Huntly,11.648617823619999,-37.89244586347525,145.04140262223495,-37.80825,144.96239
unimelb_parkville,21009,Glen Huntly,12.88348122224,-37.89244586347525,145.04140262223495,-37.79468,144.9625
monash_clayton,21124,Hadfield,27.60846205864,-37.710895237195835,144.94962419270232,-37.91064,145.13647
rmit_city,21124,Hadfield,10.863988708929998,-37.710895237195835,144.94962419270232,-37.80825,144.96239
unimelb_parkville,21124,Hadfield,9.36839322052,-37.710895237195835,144.94962419270232,-37.79468,144.9625
monash_clayton,21010,Glen Iris (Vic.),8.516337120480001,-37.8565987435037,145.06774790506321,-37.91064,145.13647
rmit_city,21010,Glen Iris (Vic.),10.7154630206,-37.8565987435037,145.06774790506321,-37.80825,144.96239
unimelb_parkville,21010,Glen Iris (Vic.),11.53651922117,-37.8565987435037,145.06774790506321,-37.79468,144.9625
monash_clayton,21013,Glen Waverley,4.331996895950001,-37.88244390862966,145.1705244621557,-37.91064,145.13647
rmit_city,21013,Glen Waverley,20.08511772085,-37.88244390862966,145.1705244621557,-37.80825,144.96239
unimelb_parkville,21013,Glen Waverley,20.74111919229,-37.88244390862966,145.1705244621557,-37.79468,144.9625
monash_clayton,21047,Glenroy (Vic.),29.77712529495,-37.703844802166884,144.92105707770065,-37.91064,145.13647
rmit_city,21047,Glenroy (Vic.),12.14707860741,-37.703844802166884,144.92105707770065,-37.80825,144.96239
unimelb_parkville,21047,Glenroy (Vic.),10.72314356601,-37.703844802166884,144.92105707770065,-37.79468,144.9625
monash_clayton,21059,Goldie,78.38822974605,-37.25617173177405,144.80284155463693,-37.91064,145.13647
rmit_city,21059,Goldie,62.875680114969995,-37.25617173177405,144.80284155463693,-37.80825,144.96239
unimelb_parkville,21059,Goldie,61.41133788585,-37.25617173177405,144.80284155463693,-37.79468,144.9625
monash_clayton,21079,Gowanbrae,31.153989485769998,-37.704232623687794,144.8967288360626,-37.91064,145.13647
rmit_city,21079,Gowanbrae,12.91391663625,-37.704232623687794,144.8967288360626,-37.80825,144.96239
unimelb_parkville,21079,Gowanbrae,11.592172498419998,-37.704232623687794,144.8967288360626,-37.79468,144.9625
monash_clayton,21125,Hallam,15.639320367129999,-38.003787359602775,145.2699914701186,-37.91064,145.13647
rmit_city,21125,Hallam,34.682069141220005,-38.003787359602775,145.2699914701186,-37.80825,144.96239
unimelb_parkville,21125,Hallam,35.638516908869995,-38.003787359602775,145.2699914701186,-37.79468,144.9625
monash_clayton,21131,Hampton (Vic.),11.46661335806,-37.93776514944474,145.010628977551,-37.91064,145.13647
rmit_city,21131,Hampton (Vic.),14.988866524090001,-37.93776514944474,145.010628977551,-37.80825,144.96239
unimelb_parkville,21131,Hampton (Vic.),16.43653149161,-37.93776514944474,145.010628977551,-37.79468,144.9625
monash_clayton,21132,Hampton East,9.860670503720002,-37.938758106275095,145.03008348370292,-37.91064,145.13647
rmit_city,21132,Hampton East,15.66224496983,-37.938758106275095,145.03008348370292,-37.80825,144.96239
unimelb_parkville,21132,Hampton East,17.061694744740002,-37.938758106275095,145.03008348370292,-37.79468,144.9625
monash_clayton,21133,Hampton Park,18.64121543753,-38.04219501397714,145.26835708712798,-37.91064,145.13647
rmit_city,21133,Hampton Park,37.389005774340006,-38.04219501397714,145.26835708712798,-37.80825,144.96239
unimelb_parkville,21133,Hampton Park,38.44527710328,-38.04219501397714,145.26835708712798,-37.79468,144.9625
monash_clayton,21139,Harkaway,21.32527438568,-37.99243082849274,145.35602081760908,-37.91064,145.13647
rmit_city,21139,Harkaway,40.20546948336,-37.99243082849274,145.35602081760908,-37.80825,144.96239
unimelb_parkville,21139,Harkaway,40.98633414362,-37.99243082849274,145.35602081760908,-37.79468,144.9625
monash_clayton,21140,Harkness,59.20006026975,-37.655504569266675,144.54630432307133,-37.91064,145.13647
rmit_city,21140,Harkness,40.40700082009,-37.655504569266675,144.54630432307133,-37.80825,144.96239
unimelb_parkville,21140,Harkness,39.810578312420006,-37.655504569266675,144.54630432307133,-37.79468,144.9625
monash_clayton,21145,Hastings (Vic.),43.03784460595,-38.297451299136426,145.17029786542997,-37.91064,145.13647
rmit_city,21145,Hastings (Vic.),57.28423593146,-38.297451299136426,145.17029786542997,-37.80825,144.96239
unimelb_parkville,21145,Hastings (Vic.),58.71142650621,-38.297451299136426,145.17029786542997,-37.79468,144.9625
monash_clayton,21152,Hawthorn (Vic.),12.80168099614,-37.82860640300544,145.03419707863537,-37.91064,145.13647
rmit_city,21152,Hawthorn (Vic.),6.71409849359,-37.82860640300544,145.03419707863537,-37.80825,144.96239
unimelb_parkville,21152,Hawthorn (Vic.),7.35110401703,-37.82860640300544,145.03419707863537,-37.79468,144.9625
monash_clayton,21159,Heath Hill,62.4245203244,-38.23961013907711,145.7135095826606,-37.91064,145.13647
rmit_city,21159,Heath Hill,81.49812797451,-38.23961013907711,145.7135095826606,-37.80825,144.96239
unimelb_parkville,21159,Heath Hill,82.38912361127,-38.23961013907711,145.7135095826606,-37.79468,144.9625
monash_clayton,21153,Hawthorn East,11.58471282311,-37.83206302418339,145.04980885067175,-37.91064,145.13647
rmit_city,21153,Hawthorn East,8.13809185126,-37.83206302418339,145.04980885067175,-37.80825,144.96239
unimelb_parkville,21153,Hawthorn East,8.73617610074,-37.83206302418339,145.04980885067175,-37.79468,144.9625
monash_clayton,21158,Healesville,46.06636813886,-37.666878508424226,145.55975043451062,-37.91064,145.13647
rmit_city,21158,Healesville,54.94220074212,-37.666878508424226,145.55975043451062,-37.80825,144.96239
unimelb_parkville,21158,Healesville,54.52644147355,-37.666878508424226,145.55975043451062,-37.79468,144.9625
monash_clayton,21161,Heathcote Junction,59.24700630484,-37.38173107591786,145.04574413932892,-37.91064,145.13647
rmit_city,21161,Heathcote Junction,47.9077560546,-37.38173107591786,145.04574413932892,-37.80825,144.96239
unimelb_parkville,21161,Heathcote Junction,46.41861466546,-37.38173107591786,145.04574413932892,-37.79468,144.9625
monash_clayton,21167,Heidelberg,18.64939491059,-37.75116067612988,145.0697784778294,-37.91064,145.13647
rmit_city,21167,Heidelberg,11.38634839422,-37.75116067612988,145.0697784778294,-37.80825,144.96239
unimelb_parkville,21167,Heidelberg,10.61427935248,-37.75116067612988,145.0697784778294,-37.79468,144.9625
monash_clayton,21168,Heidelberg Heights,20.148246865860003,-37.74149283842323,145.0534034168483,-37.91064,145.13647
rmit_city,21168,Heidelberg Heights,10.91761481354,-37.74149283842323,145.0534034168483,-37.80825,144.96239
unimelb_parkville,21168,Heidelberg Heights,9.94983661787,-37.74149283842323,145.0534034168483,-37.79468,144.9625
monash_clayton,21312,Kealba,33.065851551239994,-37.73903235378898,144.82946788288874,-37.91064,145.13647
rmit_city,21312,Kealba,14.00579791142,-37.73903235378898,144.82946788288874,-37.80825,144.96239
unimelb_parkville,21312,Kealba,13.24916770551,-37.73903235378898,144.82946788288874,-37.79468,144.9625
monash_clayton,21169,Heidelberg West,20.8266297843,-37.73920387789036,145.04030898952965,-37.91064,145.13647
rmit_city,21169,Heidelberg West,10.28862547588,-37.73920387789036,145.04030898952965,-37.80825,144.96239
unimelb_parkville,21169,Heidelberg West,9.21491550022,-37.73920387789036,145.04030898952965,-37.79468,144.9625
monash_clayton,21176,Hesket,75.97225784705999,-37.355770085951484,144.63246443354564,-37.91064,145.13647
rmit_city,21176,Hesket,58.06285254246,-37.355770085951484,144.63246443354564,-37.80825,144.96239
unimelb_parkville,21176,Hesket,56.771512118960004,-37.355770085951484,144.63246443354564,-37.79468,144.9625
monash_clayton,21185,Highett,9.59543561494,-37.95085144986521,145.0398515850198,-37.91064,145.13647
rmit_city,21185,Highett,17.23265197879,-37.95085144986521,145.0398515850198,-37.80825,144.96239
unimelb_parkville,21185,Highett,18.622263083220002,-37.95085144986521,145.0398515850198,-37.79468,144.9625
monash_clayton,21193,Hillside (Melton - Vic.),42.43736235636,-37.691856617638635,144.74129028900657,-37.91064,145.13647
rmit_city,21193,Hillside (Melton - Vic.),23.37895388465,-37.691856617638635,144.74129028900657,-37.80825,144.96239
unimelb_parkville,21193,Hillside (Melton - Vic.),22.59149931312,-37.691856617638635,144.74129028900657,-37.79468,144.9625
monash_clayton,21195,Hmas Cerberus,52.5098176638,-38.38150004870192,145.19423503931353,-37.91064,145.13647
rmit_city,21195,Hmas Cerberus,66.80075748448999,-38.38150004870192,145.19423503931353,-37.80825,144.96239
unimelb_parkville,21195,Hmas Cerberus,68.23465369588999,-38.38150004870192,145.19423503931353,-37.79468,144.9625
monash_clayton,21317,Keilor Lodge,38.00115048607,-37.69750661827516,144.79876638009574,-37.91064,145.13647
rmit_city,21317,Keilor Lodge,18.9474807327,-37.69750661827516,144.79876638009574,-37.80825,144.96239
unimelb_parkville,21317,Keilor Lodge,18.01573665674,-37.69750661827516,144.79876638009574,-37.79468,144.9625
monash_clayton,21196,Hoddles Creek,40.18494749546,-37.851687351743585,145.58715623289694,-37.91064,145.13647
rmit_city,21196,Hoddles Creek,55.21201137029,-37.851687351743585,145.58715623289694,-37.80825,144.96239
unimelb_parkville,21196,Hoddles Creek,55.35924851559,-37.851687351743585,145.58715623289694,-37.79468,144.9625
monash_clayton,21202,Hopetoun Park,60.91099086245,-37.69422622506012,144.500879209906,-37.91064,145.13647
rmit_city,21202,Hopetoun Park,42.59562855459,-37.69422622506012,144.500879209906,-37.80825,144.96239
unimelb_parkville,21202,Hopetoun Park,42.1855904619,-37.69422622506012,144.500879209906,-37.79468,144.9625
monash_clayton,21203,Hoppers Crossing,38.60879318917,-37.8694994310073,144.70063151232853,-37.91064,145.13647
rmit_city,21203,Hoppers Crossing,24.02308566548,-37.8694994310073,144.70063151232853,-37.80825,144.96239
unimelb_parkville,21203,Hoppers Crossing,24.50305120182,-37.8694994310073,144.70063151232853,-37.79468,144.9625
monash_clayton,21247,Ivanhoe East,16.567979312920002,-37.77442760488495,145.05947987274172,-37.91064,145.13647
rmit_city,21247,Ivanhoe East,9.339440676550002,-37.77442760488495,145.05947987274172,-37.80825,144.96239
unimelb_parkville,21247,Ivanhoe East,8.833628822009999,-37.77442760488495,145.05947987274172,-37.79468,144.9625
monash_clayton,21248,Jacana,31.70817862527,-37.68791655752056,144.91100554514588,-37.91064,145.13647
rmit_city,21248,Jacana,14.10288986933,-37.68791655752056,144.91100554514588,-37.80825,144.96239
unimelb_parkville,21248,Jacana,12.68931941127,-37.68791655752056,144.91100554514588,-37.79468,144.9625
monash_clayton,21277,Junction Village,28.302212495939997,-38.13424723281479,145.29137334625258,-37.91064,145.13647
rmit_city,21277,Junction Village,46.31304535578,-38.13424723281479,145.29137334625258,-37.80825,144.96239
unimelb_parkville,21277,Junction Village,47.49485139086,-38.13424723281479,145.29137334625258,-37.79468,144.9625
monash_clayton,21284,Kalkallo,45.33807340098,-37.52656720876953,144.96136797701894,-37.91064,145.13647
rmit_city,21284,Kalkallo,31.26415741347,-37.52656720876953,144.96136797701894,-37.80825,144.96239
unimelb_parkville,21284,Kalkallo,29.75802376312,-37.52656720876953,144.96136797701894,-37.79468,144.9625
monash_clayton,21286,Kallista,21.6580583295,-37.897861411973444,145.382205334517,-37.91064,145.13647
rmit_city,21286,Kallista,38.2622131611,-37.897861411973444,145.382205334517,-37.80825,144.96239
unimelb_parkville,21286,Kallista,38.675079016859996,-37.897861411973444,145.382205334517,-37.79468,144.9625
monash_clayton,21287,Kalorama,23.93236446004,-37.817218026189366,145.38159156542469,-37.91064,145.13647
rmit_city,21287,Kalorama,36.92632389288,-37.817218026189366,145.38159156542469,-37.80825,144.96239
unimelb_parkville,21287,Kalorama,36.99127755826,-37.817218026189366,145.38159156542469,-37.79468,144.9625
monash_clayton,21294,Kangaroo Ground,25.74249588705,-37.69122885220248,145.23120229526336,-37.91064,145.13647
rmit_city,21294,Kangaroo Ground,27.01730553121,-37.69122885220248,145.23120229526336,-37.80825,144.96239
unimelb_parkville,21294,Kangaroo Ground,26.31959700283,-37.69122885220248,145.23120229526336,-37.79468,144.9625
monash_clayton,21314,Keilor,35.39485616507,-37.709284942730754,144.82478323940265,-37.91064,145.13647
rmit_city,21314,Keilor,16.3612593762,-37.709284942730754,144.82478323940265,-37.80825,144.96239
unimelb_parkville,21314,Keilor,15.39912067502,-37.709284942730754,144.82478323940265,-37.79468,144.9625
monash_clayton,21315,Keilor Downs,36.064579692129996,-37.72003974005852,144.80475719054218,-37.91064,145.13647
rmit_city,21315,Keilor Downs,16.99337079972,-37.72003974005852,144.80475719054218,-37.80825,144.96239
unimelb_parkville,21315,Keilor Downs,16.18193818025,-37.72003974005852,144.80475719054218,-37.79468,144.9625
monash_clayton,21316,Keilor East,31.02903136616,-37.73873987891707,144.85853518898344,-37.91064,145.13647
rmit_city,21316,Keilor East,11.96835126127,-37.73873987891707,144.85853518898344,-37.80825,144.96239
unimelb_parkville,21316,Keilor East,11.06626857444,-37.73873987891707,144.85853518898344,-37.79468,144.9625
monash_clayton,21318,Keilor North,39.5968861964,-37.68126705304401,144.79213101915946,-37.91064,145.13647
rmit_city,21318,Keilor North,20.58689624145,-37.68126705304401,144.79213101915946,-37.80825,144.96239
unimelb_parkville,21318,Keilor North,19.595025542240002,-37.68126705304401,144.79213101915946,-37.79468,144.9625
monash_clayton,21319,Keilor Park,33.04828509855,-37.71876256637036,144.8494715829464,-37.91064,145.13647
rmit_city,21319,Keilor Park,14.0587406653,-37.71876256637036,144.8494715829464,-37.80825,144.96239
unimelb_parkville,21319,Keilor Park,13.04638212887,-37.71876256637036,144.8494715829464,-37.79468,144.9625
monash_clayton,21327,Kensington (Vic.),22.62701762424,-37.79456009375774,144.92511896705906,-37.91064,145.13647
rmit_city,21327,Kensington (Vic.),3.6170522180900004,-37.79456009375774,144.92511896705906,-37.80825,144.96239
unimelb_parkville,21327,Kensington (Vic.),3.29243048773,-37.79456009375774,144.92511896705906,-37.79468,144.9625
monash_clayton,21333,Kerrie,71.7718545365,-37.37998336203496,144.67171773222555,-37.91064,145.13647
rmit_city,21333,Kerrie,54.021612260939996,-37.37998336203496,144.67171773222555,-37.80825,144.96239
unimelb_parkville,21333,Kerrie,52.70708850102,-37.37998336203496,144.67171773222555,-37.79468,144.9625
monash_clayton,21336,Kew (Vic.),14.73917439649,-37.801562882297844,145.04094736965956,-37.91064,145.13647
rmit_city,21336,Kew (Vic.),6.957827266420001,-37.801562882297844,145.04094736965956,-37.80825,144.96239
unimelb_parkville,21336,Kew (Vic.),6.95117822987,-37.801562882297844,145.04094736965956,-37.79468,144.9625
monash_clayton,21339,Keysborough,10.98038323531,-38.0066551900584,145.16655722123704,-37.91064,145.13647
rmit_city,21339,Keysborough,28.41385529214,-38.0066551900584,145.16655722123704,-37.80825,144.96239
unimelb_parkville,21339,Keysborough,29.59163808522,-38.0066551900584,145.16655722123704,-37.79468,144.9625
monash_clayton,21597,Manor Lakes,49.28924229114,-37.8637491453045,144.57928542683115,-37.91064,145.13647
rmit_city,21597,Manor Lakes,34.28177248608,-37.8637491453045,144.57928542683115,-37.80825,144.96239
unimelb_parkville,21597,Manor Lakes,34.5966200239,-37.8637491453045,144.57928542683115,-37.79468,144.9625
monash_clayton,21337,Kew East,15.21915132792,-37.790769757284494,145.05250874077848,-37.91064,145.13647
rmit_city,21337,Kew East,8.17055089003,-37.790769757284494,145.05250874077848,-37.80825,144.96239
unimelb_parkville,21337,Kew East,7.939759378460001,-37.790769757284494,145.05250874077848,-37.79468,144.9625
monash_clayton,21468,Langwarrin South,31.379397231,-38.18974034215653,145.19336957949173,-37.91064,145.13647
rmit_city,21468,Langwarrin South,46.95327914337,-38.18974034215653,145.19336957949173,-37.80825,144.96239
unimelb_parkville,21468,Langwarrin South,48.31270393724,-38.18974034215653,145.19336957949173,-37.79468,144.9625
monash_clayton,21473,Launching Place,41.39137666849,-37.78085991822846,145.57734430251918,-37.91064,145.13647
rmit_city,21473,Launching Place,54.24843683014,-37.78085991822846,145.57734430251918,-37.80825,144.96239
unimelb_parkville,21473,Launching Place,54.180169065,-37.78085991822846,145.57734430251918,-37.79468,144.9625
monash_clayton,21354,Kilsyth,19.129402721490003,-37.81953292889384,145.32100797990736,-37.91064,145.13647
rmit_city,21354,Kilsyth,31.602538826430003,-37.81953292889384,145.32100797990736,-37.80825,144.96239
unimelb_parkville,21354,Kilsyth,31.69120040268,-37.81953292889384,145.32100797990736,-37.79468,144.9625
monash_clayton,21355,Kilsyth South,17.724314885349997,-37.83034066929591,145.3105917001461,-37.91064,145.13647
rmit_city,21355,Kilsyth South,30.75617754213,-37.83034066929591,145.3105917001461,-37.80825,144.96239
unimelb_parkville,21355,Kilsyth South,30.90590787777,-37.83034066929591,145.3105917001461,-37.79468,144.9625
monash_clayton,21358,Kinglake,48.11042440379,-37.51995201658682,145.3728215064707,-37.91064,145.13647
rmit_city,21358,Kinglake,48.324522351439995,-37.51995201658682,145.3728215064707,-37.80825,144.96239
unimelb_parkville,21358,Kinglake,47.33576723849,-37.51995201658682,145.3728215064707,-37.79468,144.9625
monash_clayton,21476,Laverton (Vic.),33.05924404298,-37.85813718815493,144.76655377233658,-37.91064,145.13647
rmit_city,21476,Laverton (Vic.),18.107067535810003,-37.85813718815493,144.76655377233658,-37.80825,144.96239
unimelb_parkville,21476,Laverton (Vic.),18.63337484529,-37.85813718815493,144.76655377233658,-37.79468,144.9625
monash_clayton,21359,Kinglake Central,51.734501186660005,-37.46947622219681,145.32580967454186,-37.91064,145.13647
rmit_city,21359,Kinglake Central,49.423125065280004,-37.46947622219681,145.32580967454186,-37.80825,144.96239
unimelb_parkville,21359,Kinglake Central,48.28264221443,-37.46947622219681,145.32580967454186,-37.79468,144.9625
monash_clayton,21360,Kinglake West,49.19148461056,-37.47777649728714,145.25624697870464,-37.91064,145.13647
rmit_city,21360,Kinglake West,44.921810562400005,-37.47777649728714,145.25624697870464,-37.80825,144.96239
unimelb_parkville,21360,Kinglake West,43.6962998385,-37.47777649728714,145.25624697870464,-37.79468,144.9625
monash_clayton,21362,Kings Park (Vic.),37.6235170595,-37.73372033243583,144.7719656730422,-37.91064,145.13647
rmit_city,21362,Kings Park (Vic.),18.70581620238,-37.73372033243583,144.7719656730422,-37.80825,144.96239
unimelb_parkville,21362,Kings Park (Vic.),18.10066886005,-37.73372033243583,144.7719656730422,-37.79468,144.9625
monash_clayton,21363,Kingsbury,23.2976487997,-37.71696236419997,145.03447105083995,-37.91064,145.13647
rmit_city,21363,Kingsbury,11.95833557032,-37.71696236419997,145.03447105083995,-37.80825,144.96239
unimelb_parkville,21363,Kingsbury,10.70668109337,-37.71696236419997,145.03447105083995,-37.79468,144.9625
monash_clayton,21365,Kingsville,25.281595622050002,-37.80764814914413,144.88022584020615,-37.91064,145.13647
rmit_city,21365,Kingsville,7.23576811473,-37.80764814914413,144.88022584020615,-37.80825,144.96239
unimelb_parkville,21365,Kingsville,7.38739050718,-37.80764814914413,144.88022584020615,-37.79468,144.9625
monash_clayton,21374,Knoxfield,10.19081788253,-37.88682869901662,145.24837214347502,-37.91064,145.13647
rmit_city,21374,Knoxfield,26.63866219829,-37.88682869901662,145.24837214347502,-37.80825,144.96239
unimelb_parkville,21374,Knoxfield,27.1622595399,-37.88682869901662,145.24837214347502,-37.79468,144.9625
monash_clayton,21380,Koo Wee Rup,44.201170411250004,-38.19132576066167,145.49369578419456,-37.91064,145.13647
rmit_city,21380,Koo Wee Rup,63.131962859990004,-38.19132576066167,145.49369578419456,-37.80825,144.96239
unimelb_parkville,21380,Koo Wee Rup,64.15213238272,-38.19132576066167,145.49369578419456,-37.79468,144.9625
monash_clayton,21381,Koo Wee Rup North,43.42900813519,-38.138485227443226,145.53857098645332,-37.91064,145.13647
rmit_city,21381,Koo Wee Rup North,62.50204167093,-38.138485227443226,145.53857098645332,-37.80825,144.96239
unimelb_parkville,21381,Koo Wee Rup North,63.39307510632,-38.138485227443226,145.53857098645332,-37.79468,144.9625
monash_clayton,21393,Kooyong,11.74726632791,-37.8410743898745,145.03584325056002,-37.91064,145.13647
rmit_city,21393,Kooyong,7.42256240967,-37.8410743898745,145.03584325056002,-37.80825,144.96239
unimelb_parkville,21393,Kooyong,8.25955612464,-37.8410743898745,145.03584325056002,-37.79468,144.9625
monash_clayton,21411,Kurunjang,55.26884517832,-37.66210939606955,144.59276793310318,-37.91064,145.13647
rmit_city,21411,Kurunjang,36.395501143189996,-37.66210939606955,144.59276793310318,-37.80825,144.96239
unimelb_parkville,21411,Kurunjang,35.76123368013,-37.66210939606955,144.59276793310318,-37.79468,144.9625
monash_clayton,21452,Lalor,29.226561172950003,-37.66716403859384,145.0101032220432,-37.91064,145.13647
rmit_city,21452,Lalor,16.21427072783,-37.66716403859384,145.0101032220432,-37.80825,144.96239
unimelb_parkville,21452,Lalor,14.76216695379,-37.66716403859384,145.0101032220432,-37.79468,144.9625
monash_clayton,21456,Lancefield,80.41869063944,-37.26499340490304,144.72322748147158,-37.91064,145.13647
rmit_city,21456,Lancefield,63.89255393719,-37.26499340490304,144.72322748147158,-37.80825,144.96239
unimelb_parkville,21456,Lancefield,62.477123407840004,-37.26499340490304,144.72322748147158,-37.79468,144.9625
monash_clayton,21459,Lang Lang,57.65768700531,-38.298462282982634,145.57380781946674,-37.91064,145.13647
rmit_city,21459,Lang Lang,76.42252294597,-38.298462282982634,145.57380781946674,-37.80825,144.96239
unimelb_parkville,21459,Lang Lang,77.49884996127999,-38.298462282982634,145.57380781946674,-37.79468,144.9625
monash_clayton,21460,Lang Lang East,60.42743552241,-38.26895792148506,145.6550580064862,-37.91064,145.13647
rmit_city,21460,Lang Lang East,79.45073706221,-38.26895792148506,145.6550580064862,-37.80825,144.96239
unimelb_parkville,21460,Lang Lang East,80.42534206187,-38.26895792148506,145.6550580064862,-37.79468,144.9625
monash_clayton,21467,Langwarrin,27.46186687637,-38.153299343953,145.19747766542577,-37.91064,145.13647
rmit_city,21467,Langwarrin,43.5131705021,-38.153299343953,145.19747766542577,-37.80825,144.96239
unimelb_parkville,21467,Langwarrin,44.84098299309,-38.153299343953,145.19747766542577,-37.79468,144.9625
monash_clayton,21477,Laverton North,31.903836453700002,-37.833800117001374,144.7870596552806,-37.91064,145.13647
rmit_city,21477,Laverton North,15.69536807868,-37.833800117001374,144.7870596552806,-37.80825,144.96239
unimelb_parkville,21477,Laverton North,16.04676195195,-37.833800117001374,144.7870596552806,-37.79468,144.9625
monash_clayton,21504,Lilydale (Vic.),26.407993483720002,-37.76273733733244,145.3714609599637,-37.91064,145.13647
rmit_city,21504,Lilydale (Vic.),36.38644394895,-37.76273733733244,145.3714609599637,-37.80825,144.96239
unimelb_parkville,21504,Lilydale (Vic.),36.20171248057,-37.76273733733244,145.3714609599637,-37.79468,144.9625
monash_clayton,21533,Long Forest,62.00109447387,-37.65798579448248,144.5087294417911,-37.91064,145.13647
rmit_city,21533,Long Forest,43.32849917619,-37.65798579448248,144.5087294417911,-37.80825,144.96239
unimelb_parkville,21533,Long Forest,42.78382257964,-37.65798579448248,144.5087294417911,-37.79468,144.9625
monash_clayton,21547,Lower Plenty,19.133405916380003,-37.73872952581348,145.120378921863,-37.91064,145.13647
rmit_city,21547,Lower Plenty,15.914843309,-37.73872952581348,145.120378921863,-37.80825,144.96239
unimelb_parkville,21547,Lower Plenty,15.23392767234,-37.73872952581348,145.120378921863,-37.79468,144.9625
monash_clayton,21558,Lysterfield,14.527527619779999,-37.93608095119938,145.29854723140966,-37.91064,145.13647
rmit_city,21558,Lysterfield,32.803838821650004,-37.93608095119938,145.29854723140966,-37.80825,144.96239
unimelb_parkville,21558,Lysterfield,33.476688131230006,-37.93608095119938,145.29854723140966,-37.79468,144.9625
monash_clayton,21559,Lysterfield South,12.3824142448,-37.95309732300505,145.26671813511862,-37.91064,145.13647
rmit_city,21559,Lysterfield South,31.22941439256,-37.95309732300505,145.26671813511862,-37.80825,144.96239
unimelb_parkville,21559,Lysterfield South,32.0248041213,-37.95309732300505,145.26671813511862,-37.79468,144.9625
monash_clayton,21561,Macclesfield (Vic.),31.212179168850003,-37.88209437692508,145.48949873325586,-37.91064,145.13647
rmit_city,21561,Macclesfield (Vic.),47.11278569772,-37.88209437692508,145.48949873325586,-37.80825,144.96239
unimelb_parkville,21561,Macclesfield (Vic.),47.392706987290005,-37.88209437692508,145.48949873325586,-37.79468,144.9625
monash_clayton,21562,Macedon,74.08105024775999,-37.422792931283546,144.56342079797736,-37.91064,145.13647
rmit_city,21562,Macedon,55.41679723043,-37.422792931283546,144.56342079797736,-37.80825,144.96239
unimelb_parkville,21562,Macedon,54.27087596297,-37.422792931283546,144.56342079797736,-37.79468,144.9625
monash_clayton,21564,Macleod (Vic.),21.90048668668,-37.720802159980394,145.06865246932003,-37.91064,145.13647
rmit_city,21564,Macleod (Vic.),13.48604819592,-37.720802159980394,145.06865246932003,-37.80825,144.96239
unimelb_parkville,21564,Macleod (Vic.),12.43940527015,-37.720802159980394,145.06865246932003,-37.79468,144.9625
monash_clayton,21569,Maddingley,66.64781865152001,-37.700823231404186,144.42735823436377,-37.91064,145.13647
rmit_city,21569,Maddingley,48.6335691635,-37.700823231404186,144.42735823436377,-37.80825,144.96239
unimelb_parkville,21569,Maddingley,48.300059585460005,-37.700823231404186,144.42735823436377,-37.79468,144.9625
monash_clayton,21575,Maidstone,27.11297244762,-37.781662271190996,144.8748627363843,-37.91064,145.13647
rmit_city,21575,Maidstone,8.25461785608,-37.781662271190996,144.8748627363843,-37.80825,144.96239
unimelb_parkville,21575,Maidstone,7.85354010665,-37.781662271190996,144.8748627363843,-37.79468,144.9625
monash_clayton,21578,Main Ridge,56.601380028790004,-38.40237028163846,144.9654976583209,-37.91064,145.13647
rmit_city,21578,Main Ridge,65.94700719756,-38.40237028163846,144.9654976583209,-37.80825,144.96239
unimelb_parkville,21578,Main Ridge,67.45312767397,-38.40237028163846,144.9654976583209,-37.79468,144.9625
monash_clayton,21586,Malvern (Vic.),10.6705967988,-37.85825520622122,145.03476152596798,-37.91064,145.13647
rmit_city,21586,Malvern (Vic.),8.449498011920001,-37.85825520622122,145.03476152596798,-37.80825,144.96239
unimelb_parkville,21586,Malvern (Vic.),9.50083789584,-37.85825520622122,145.03476152596798,-37.79468,144.9625
monash_clayton,21625,McCrae,52.39438466098,-38.35452127526646,144.9331999222429,-37.91064,145.13647
rmit_city,21625,McCrae,60.68908794144,-38.35452127526646,144.9331999222429,-37.80825,144.96239
unimelb_parkville,21625,McCrae,62.19435795895,-38.35452127526646,144.9331999222429,-37.79468,144.9625
monash_clayton,21587,Malvern East,6.921077299429999,-37.87831150693492,145.06918532161646,-37.91064,145.13647
rmit_city,21587,Malvern East,12.1996868373,-37.87831150693492,145.06918532161646,-37.80825,144.96239
unimelb_parkville,21587,Malvern East,13.20455309139,-37.87831150693492,145.06918532161646,-37.79468,144.9625
monash_clayton,21588,Mambourin,51.52643729327,-37.90789290952852,144.55055588529143,-37.91064,145.13647
rmit_city,21588,Mambourin,37.89192420844,-37.90789290952852,144.55055588529143,-37.80825,144.96239
unimelb_parkville,21588,Mambourin,38.370882267380004,-37.90789290952852,144.55055588529143,-37.79468,144.9625
monash_clayton,21604,Maribyrnong,26.96631995672,-37.77222827970162,144.88468639455172,-37.91064,145.13647
rmit_city,21604,Maribyrnong,7.92650432396,-37.77222827970162,144.88468639455172,-37.80825,144.96239
unimelb_parkville,21604,Maribyrnong,7.293529213429999,-37.77222827970162,144.88468639455172,-37.79468,144.9625
monash_clayton,21619,Maryknoll,43.15118919204,-38.03446749422326,145.60199942512097,-37.91064,145.13647
rmit_city,21619,Maryknoll,61.58893506672,-38.03446749422326,145.60199942512097,-37.80825,144.96239
unimelb_parkville,21619,Maryknoll,62.21409929621,-38.03446749422326,145.60199942512097,-37.79468,144.9625
monash_clayton,21629,McKinnon,8.622000462199999,-37.91048001840086,145.03842499351057,-37.91064,145.13647
rmit_city,21629,McKinnon,13.17279679301,-37.91048001840086,145.03842499351057,-37.80825,144.96239
unimelb_parkville,21629,McKinnon,14.486221232730001,-37.91048001840086,145.03842499351057,-37.79468,144.9625
monash_clayton,21635,Meadow Heights,34.563017351119996,-37.6510842657371,144.91969779130545,-37.91064,145.13647
rmit_city,21635,Meadow Heights,17.845400431450003,-37.6510842657371,144.91969779130545,-37.80825,144.96239
unimelb_parkville,21635,Meadow Heights,16.37849597183,-37.6510842657371,144.91969779130545,-37.79468,144.9625
monash_clayton,21640,Melbourne,16.62900752314,-37.8267251530845,144.97990700249753,-37.91064,145.13647
rmit_city,21640,Melbourne,2.56591295695,-37.8267251530845,144.97990700249753,-37.80825,144.96239
unimelb_parkville,21640,Melbourne,3.87301651143,-37.8267251530845,144.97990700249753,-37.79468,144.9625
monash_clayton,21641,Melbourne Airport,37.22641868507,-37.675534065734226,144.83504400521917,-37.91064,145.13647
rmit_city,21641,Melbourne Airport,18.51933649218,-37.675534065734226,144.83504400521917,-37.80825,144.96239
unimelb_parkville,21641,Melbourne Airport,17.35229993231,-37.675534065734226,144.83504400521917,-37.79468,144.9625
monash_clayton,21642,Melton (Vic.),52.14873033993,-37.67553438243446,144.6238559308687,-37.91064,145.13647
rmit_city,21642,Melton (Vic.),33.276086715,-37.67553438243446,144.6238559308687,-37.80825,144.96239
unimelb_parkville,21642,Melton (Vic.),32.648664011550004,-37.67553438243446,144.6238559308687,-37.79468,144.9625
monash_clayton,21664,Merricks North,48.15773251322,-38.341510155971605,145.07212396485428,-37.91064,145.13647
rmit_city,21664,Merricks North,59.9687386205,-38.341510155971605,145.07212396485428,-37.80825,144.96239
unimelb_parkville,21664,Merricks North,61.454472774479996,-38.341510155971605,145.07212396485428,-37.79468,144.9625
monash_clayton,21643,Melton South,54.653649140809996,-37.705259083809146,144.5723974962089,-37.91064,145.13647
rmit_city,21643,Melton South,36.218062399809995,-37.705259083809146,144.5723974962089,-37.80825,144.96239
unimelb_parkville,21643,Melton South,35.783578112559994,-37.705259083809146,144.5723974962089,-37.79468,144.9625
monash_clayton,21644,Melton West,58.3991019017,-37.678058316027496,144.5417204240795,-37.91064,145.13647
rmit_city,21644,Melton West,39.79325654182,-37.678058316027496,144.5417204240795,-37.80825,144.96239
unimelb_parkville,21644,Melton West,39.28375440087,-37.678058316027496,144.5417204240795,-37.79468,144.9625
monash_clayton,21648,Mentone,10.48342517796,-37.98415973304529,145.06159565631958,-37.91064,145.13647
rmit_city,21648,Mentone,21.386085439179997,-37.98415973304529,145.06159565631958,-37.80825,144.96239
unimelb_parkville,21648,Mentone,22.766080090470002,-37.98415973304529,145.06159565631958,-37.79468,144.9625
monash_clayton,21649,Menzies Creek,23.71525104831,-37.921119856592256,145.40584323948963,-37.91064,145.13647
rmit_city,21649,Menzies Creek,40.982746054930004,-37.921119856592256,145.40584323948963,-37.80825,144.96239
unimelb_parkville,21649,Menzies Creek,41.462219761300005,-37.921119856592256,145.40584323948963,-37.79468,144.9625
monash_clayton,21659,Mernda,35.640969750260005,-37.59221402348598,145.08425492101864,-37.91064,145.13647
rmit_city,21659,Mernda,26.27632135331,-37.59221402348598,145.08425492101864,-37.80825,144.96239
unimelb_parkville,21659,Mernda,24.90574808368,-37.59221402348598,145.08425492101864,-37.79468,144.9625
monash_clayton,21662,Merricks,53.70495612149,-38.392573348156034,145.0822523778285,-37.91064,145.13647
rmit_city,21662,Merricks,65.70549716805,-38.392573348156034,145.0822523778285,-37.80825,144.96239
unimelb_parkville,21662,Merricks,67.19133698389,-38.392573348156034,145.0822523778285,-37.79468,144.9625
monash_clayton,21663,Merricks Beach,54.19421394025,-38.398348869015145,145.1076695482822,-37.91064,145.13647
rmit_city,21663,Merricks Beach,66.72795345066001,-38.398348869015145,145.1076695482822,-37.80825,144.96239
unimelb_parkville,21663,Merricks Beach,68.20543181513,-38.398348869015145,145.1076695482822,-37.79468,144.9625
monash_clayton,21668,Merrimu,64.63152600256,-37.6573677377428,144.47579952111477,-37.91064,145.13647
rmit_city,21668,Merrimu,46.04623137035,-37.6573677377428,144.47579952111477,-37.80825,144.96239
unimelb_parkville,21668,Merrimu,45.53290788176,-37.6573677377428,144.47579952111477,-37.79468,144.9625
monash_clayton,21675,Mickleham,45.45931576048,-37.54714605275241,144.8988313968473,-37.91064,145.13647
rmit_city,21675,Mickleham,29.51742995823,-37.54714605275241,144.8988313968473,-37.80825,144.96239
unimelb_parkville,21675,Mickleham,28.04218467672,-37.54714605275241,144.8988313968473,-37.79468,144.9625
monash_clayton,21677,Middle Park (Vic.),16.83297335837,-37.8507840228242,144.96066412926223,-37.91064,145.13647
rmit_city,21677,Middle Park (Vic.),4.7234338655000006,-37.8507840228242,144.96066412926223,-37.80825,144.96239
unimelb_parkville,21677,Middle Park (Vic.),6.22925822962,-37.8507840228242,144.96066412926223,-37.79468,144.9625
monash_clayton,21683,Mill Park,28.150081342590003,-37.663851225933044,145.06278959031863,-37.91064,145.13647
rmit_city,21683,Mill Park,18.30807666458,-37.663851225933044,145.06278959031863,-37.80825,144.96239
unimelb_parkville,21683,Mill Park,17.00053131595,-37.663851225933044,145.06278959031863,-37.79468,144.9625
monash_clayton,22344,St Kilda East,12.542786646849999,-37.868010619488324,145.00441552594694,-37.91064,145.13647
rmit_city,22344,St Kilda East,7.59486694635,-37.868010619488324,145.00441552594694,-37.80825,144.96239
unimelb_parkville,22344,St Kilda East,8.936580819020001,-37.868010619488324,145.00441552594694,-37.79468,144.9625
monash_clayton,21685,Millgrove,48.88288104944,-37.744667184212496,145.65078330520993,-37.91064,145.13647
rmit_city,21685,Millgrove,61.05543799371,-37.744667184212496,145.65078330520993,-37.80825,144.96239
unimelb_parkville,21685,Millgrove,60.895595031919996,-37.744667184212496,145.65078330520993,-37.79468,144.9625
monash_clayton,21706,Mitcham (Vic.),11.76010407907,-37.817314321592306,145.19974389964574,-37.91064,145.13647
rmit_city,21706,Mitcham (Vic.),20.924459959849997,-37.817314321592306,145.19974389964574,-37.80825,144.96239
unimelb_parkville,21706,Mitcham (Vic.),21.042986772069998,-37.817314321592306,145.19974389964574,-37.79468,144.9625
monash_clayton,21727,Monbulk,25.7662605841,-37.874304161842474,145.4257891781469,-37.91064,145.13647
rmit_city,21727,Monbulk,41.44267652018,-37.874304161842474,145.4257891781469,-37.80825,144.96239
unimelb_parkville,21727,Monbulk,41.729652380699996,-37.874304161842474,145.4257891781469,-37.79468,144.9625
monash_clayton,21733,Mont Albert North,12.17087073771,-37.802858739910114,145.11102146345488,-37.91064,145.13647
rmit_city,21733,Mont Albert North,13.10273117655,-37.802858739910114,145.11102146345488,-37.80825,144.96239
unimelb_parkville,21733,Mont Albert North,13.11203127106,-37.802858739910114,145.11102146345488,-37.79468,144.9625
monash_clayton,21735,Montmorency,21.14364880502,-37.720408851729,145.1238274391197,-37.91064,145.13647
rmit_city,21735,Montmorency,17.24523273485,-37.720408851729,145.1238274391197,-37.80825,144.96239
unimelb_parkville,21735,Montmorency,16.43345883153,-37.720408851729,145.1238274391197,-37.79468,144.9625
monash_clayton,21728,Monegeetta,65.27776936379,-37.393107037491426,144.7850431595673,-37.91064,145.13647
rmit_city,21728,Monegeetta,48.66501504307,-37.393107037491426,144.7850431595673,-37.80825,144.96239
unimelb_parkville,21728,Monegeetta,47.24514634464,-37.393107037491426,144.7850431595673,-37.79468,144.9625
monash_clayton,21731,Monomeith,48.24313860029,-38.2126994552266,145.53174045595284,-37.91064,145.13647
rmit_city,21731,Monomeith,67.19625852925,-38.2126994552266,145.53174045595284,-37.80825,144.96239
unimelb_parkville,21731,Monomeith,68.20799203717,-38.2126994552266,145.53174045595284,-37.79468,144.9625
monash_clayton,21732,Mont Albert,10.59759127673,-37.8178670374631,145.10800015628675,-37.91064,145.13647
rmit_city,21732,Mont Albert,12.86604994774,-37.8178670374631,145.10800015628675,-37.80825,144.96239
unimelb_parkville,21732,Mont Albert,13.06908513243,-37.8178670374631,145.10800015628675,-37.79468,144.9625
monash_clayton,21736,Montrose (Vic.),20.73689298799,-37.817721497525255,145.3409193879661,-37.91064,145.13647
rmit_city,21736,Montrose (Vic.),33.347972498429996,-37.817721497525255,145.3409193879661,-37.80825,144.96239
unimelb_parkville,21736,Montrose (Vic.),33.42274949176,-37.817721497525255,145.3409193879661,-37.79468,144.9625
monash_clayton,21747,Moorabbin Airport,8.0970556037,-37.9779717488961,145.10102122608404,-37.91064,145.13647
rmit_city,21747,Moorabbin Airport,22.44035275606,-37.9779717488961,145.10102122608404,-37.80825,144.96239
unimelb_parkville,21747,Moorabbin Airport,23.714475300409998,-37.9779717488961,145.10102122608404,-37.79468,144.9625
monash_clayton,21754,Moorooduc,36.97818881054,-38.24342088626007,145.11682416380057,-37.91064,145.13647
rmit_city,21754,Moorooduc,50.16976487159,-38.24342088626007,145.11682416380057,-37.80825,144.96239
unimelb_parkville,21754,Moorooduc,51.61927798508,-38.24342088626007,145.11682416380057,-37.79468,144.9625
monash_clayton,21755,Mooroolbark,21.986406322409998,-37.78049863761425,145.32479353083482,-37.91064,145.13647
rmit_city,21755,Mooroolbark,32.0677196506,-37.78049863761425,145.32479353083482,-37.80825,144.96239
unimelb_parkville,21755,Mooroolbark,31.95147040237,-37.78049863761425,145.32479353083482,-37.79468,144.9625
monash_clayton,22805,Windsor (Vic.),14.079320619919999,-37.854719968177946,144.99281822769734,-37.91064,145.13647
rmit_city,22805,Windsor (Vic.),5.81195704316,-37.854719968177946,144.99281822769734,-37.80825,144.96239
unimelb_parkville,22805,Windsor (Vic.),7.178728308609999,-37.854719968177946,144.99281822769734,-37.79468,144.9625
monash_clayton,21742,Moonee Ponds,24.96035029994,-37.76543530880055,144.91994543575473,-37.91064,145.13647
rmit_city,21742,Moonee Ponds,6.0465662380900005,-37.76543530880055,144.91994543575473,-37.80825,144.96239
unimelb_parkville,21742,Moonee Ponds,4.95879599915,-37.76543530880055,144.91994543575473,-37.79468,144.9625
monash_clayton,21746,Moorabbin,7.69331109667,-37.94140100593271,145.05805652834425,-37.91064,145.13647
rmit_city,21746,Moorabbin,17.00770692688,-37.94140100593271,145.05805652834425,-37.80825,144.96239
unimelb_parkville,21746,Moorabbin,18.327577894180003,-37.94140100593271,145.05805652834425,-37.79468,144.9625
monash_clayton,22820,Wollert,37.212998276949996,-37.591007068043716,145.0089901518039,-37.91064,145.13647
rmit_city,22820,Wollert,24.4596825159,-37.591007068043716,145.0089901518039,-37.80825,144.96239
unimelb_parkville,22820,Wollert,22.97465013287,-37.591007068043716,145.0089901518039,-37.79468,144.9625
monash_clayton,22825,Wonga Park,22.53360260792,-37.73512580356357,145.26510173658733,-37.91064,145.13647
rmit_city,22825,Wonga Park,27.87773517767,-37.73512580356357,145.26510173658733,-37.80825,144.96239
unimelb_parkville,22825,Wonga Park,27.47000173336,-37.73512580356357,145.26510173658733,-37.79468,144.9625
monash_clayton,21760,Mordialloc,10.250086900140001,-37.99802503499465,145.09875524639725,-37.91064,145.13647
rmit_city,21760,Mordialloc,24.23891589743,-37.99802503499465,145.09875524639725,-37.80825,144.96239
unimelb_parkville,21760,Mordialloc,25.55464686038,-37.99802503499465,145.09875524639725,-37.79468,144.9625
monash_clayton,21763,Mornington (Vic.),35.83695595802,-38.227915089863465,145.06082364687128,-37.91064,145.13647
rmit_city,21763,Mornington (Vic.),47.37663126403,-38.227915089863465,145.06082364687128,-37.80825,144.96239
unimelb_parkville,21763,Mornington (Vic.),48.85672875057,-38.227915089863465,145.06082364687128,-37.79468,144.9625
monash_clayton,21779,Mount Burnett,33.686602683489994,-37.97557947574446,145.51083110862038,-37.91064,145.13647
rmit_city,21779,Mount Burnett,51.69311819994,-37.97557947574446,145.51083110862038,-37.80825,144.96239
unimelb_parkville,21779,Mount Burnett,52.248319886190004,-37.97557947574446,145.51083110862038,-37.79468,144.9625
monash_clayton,21786,Mount Cottrell,46.08880897073,-37.793177490773274,144.634174707635,-37.91064,145.13647
rmit_city,21786,Mount Cottrell,28.954149928579998,-37.793177490773274,144.634174707635,-37.80825,144.96239
unimelb_parkville,21786,Mount Cottrell,28.918592802510002,-37.793177490773274,144.634174707635,-37.79468,144.9625
monash_clayton,21878,Nar Nar Goon,44.676971491429995,-38.113956957711366,145.57554218673192,-37.91064,145.13647
rmit_city,21878,Nar Nar Goon,63.67692272141,-38.113956957711366,145.57554218673192,-37.80825,144.96239
unimelb_parkville,21878,Nar Nar Goon,64.48817728187,-38.113956957711366,145.57554218673192,-37.79468,144.9625
monash_clayton,21787,Mount Dandenong,20.618869720070002,-37.836158679394075,145.35115882629506,-37.91064,145.13647
rmit_city,21787,Mount Dandenong,34.368654963430004,-37.836158679394075,145.35115882629506,-37.80825,144.96239
unimelb_parkville,21787,Mount Dandenong,34.53050304407,-37.836158679394075,145.35115882629506,-37.79468,144.9625
monash_clayton,21793,Mount Eliza,31.60612001499,-38.19361424345344,145.09635782226002,-37.91064,145.13647
rmit_city,21793,Mount Eliza,44.36296577443,-38.19361424345344,145.09635782226002,-37.80825,144.96239
unimelb_parkville,21793,Mount Eliza,45.81473083414,-38.19361424345344,145.09635782226002,-37.79468,144.9625
monash_clayton,21795,Mount Evelyn,25.8783627513,-37.7866460333751,145.38547231508434,-37.91064,145.13647
rmit_city,21795,Mount Evelyn,37.339378309500006,-37.7866460333751,145.38547231508434,-37.80825,144.96239
unimelb_parkville,21795,Mount Evelyn,37.26669382966,-37.7866460333751,145.38547231508434,-37.79468,144.9625
monash_clayton,22843,Woodstock (Vic.),41.086084696,-37.54525001549324,145.06178438043224,-37.91064,145.13647
rmit_city,22843,Woodstock (Vic.),30.47892399898,-37.54525001549324,145.06178438043224,-37.80825,144.96239
unimelb_parkville,22843,Woodstock (Vic.),29.036969770629998,-37.54525001549324,145.06178438043224,-37.79468,144.9625
monash_clayton,22857,Woori Yallock,37.695444342,-37.77944432379544,145.53149914953985,-37.91064,145.13647
rmit_city,22857,Woori Yallock,50.227646114399995,-37.77944432379544,145.53149914953985,-37.80825,144.96239
unimelb_parkville,22857,Woori Yallock,50.1491989764,-37.77944432379544,145.53149914953985,-37.79468,144.9625
monash_clayton,22883,Wyndham Vale,46.77705360213999,-37.859098455387226,144.6087197815017,-37.91064,145.13647
rmit_city,22883,Wyndham Vale,31.641147431910003,-37.859098455387226,144.6087197815017,-37.80825,144.96239
unimelb_parkville,22883,Wyndham Vale,31.9564161315,-37.859098455387226,144.6087197815017,-37.79468,144.9625
monash_clayton,21801,Mount Macedon,75.55800206175999,-37.38956486463673,144.58547912135435,-37.91064,145.13647
rmit_city,21801,Mount Macedon,57.1598485141,-37.38956486463673,144.58547912135435,-37.80825,144.96239
unimelb_parkville,21801,Mount Macedon,55.94983468646,-37.38956486463673,144.58547912135435,-37.79468,144.9625
monash_clayton,21803,Mount Martha,41.383143256850005,-38.27410669656122,145.03142367741484,-37.91064,145.13647
rmit_city,21803,Mount Martha,52.06269986313,-38.27410669656122,145.03142367741484,-37.80825,144.96239
unimelb_parkville,21803,Mount Martha,53.557891259390004,-38.27410669656122,145.03142367741484,-37.79468,144.9625
monash_clayton,21814,Mount Toolebewong,43.3910839938,-37.71420019303281,145.56251128415028,-37.91064,145.13647
rmit_city,21814,Mount Toolebewong,53.900944833779995,-37.71420019303281,145.56251128415028,-37.80825,144.96239
unimelb_parkville,21814,Mount Toolebewong,53.62482029724001,-37.71420019303281,145.56251128415028,-37.79468,144.9625
monash_clayton,22345,St Kilda West,15.62128064521,-37.85843281770486,144.97156427373102,-37.91064,145.13647
rmit_city,22345,St Kilda West,5.62820385939,-37.85843281770486,144.97156427373102,-37.80825,144.96239
unimelb_parkville,22345,St Kilda West,7.120984518559999,-37.85843281770486,144.97156427373102,-37.79468,144.9625
monash_clayton,21816,Mount Waverley,3.64943310355,-37.87837234428945,145.1285036114538,-37.91064,145.13647
rmit_city,21816,Mount Waverley,16.56366852541,-37.87837234428945,145.1285036114538,-37.80825,144.96239
unimelb_parkville,21816,Mount Waverley,17.31546011958,-37.87837234428945,145.1285036114538,-37.79468,144.9625
monash_clayton,21827,Mulgrave (Vic.),2.7032270856,-37.920926588876064,145.16433525447766,-37.91064,145.13647
rmit_city,21827,Mulgrave (Vic.),21.72970022389,-37.920926588876064,145.16433525447766,-37.80825,144.96239
unimelb_parkville,21827,Mulgrave (Vic.),22.62379035271,-37.920926588876064,145.16433525447766,-37.79468,144.9625
monash_clayton,21849,Murrumbeena,6.00618729652,-37.896392029610915,145.0705869029267,-37.91064,145.13647
rmit_city,21849,Murrumbeena,13.65224873994,-37.896392029610915,145.0705869029267,-37.80825,144.96239
unimelb_parkville,21849,Murrumbeena,14.76330305634,-37.896392029610915,145.0705869029267,-37.79468,144.9625
monash_clayton,21872,Nangana,35.46682638222,-37.87401461336642,145.53702498348787,-37.91064,145.13647
rmit_city,21872,Nangana,51.10419692397,-37.87401461336642,145.53702498348787,-37.80825,144.96239
unimelb_parkville,21872,Nangana,51.3359983004,-37.87401461336642,145.53702498348787,-37.79468,144.9625
monash_clayton,22941,Yuroke,44.06661131796,-37.5795222829802,144.86058986023565,-37.91064,145.13647
rmit_city,22941,Yuroke,26.927554008210002,-37.5795222829802,144.86058986023565,-37.80825,144.96239
unimelb_parkville,22941,Yuroke,25.51622030074,-37.5795222829802,144.86058986023565,-37.79468,144.9625
monash_clayton,21879,Nar Nar Goon North,39.784098750999995,-38.029311015226234,145.5637043330591,-37.91064,145.13647
rmit_city,21879,Nar Nar Goon North,58.288884638809996,-38.029311015226234,145.5637043330591,-37.80825,144.96239
unimelb_parkville,21879,Nar Nar Goon North,58.93441205292,-38.029311015226234,145.5637043330591,-37.79468,144.9625
monash_clayton,21895,Narre Warren North,17.70251777391,-37.983973801816525,145.31532133301133,-37.91064,145.13647
rmit_city,21895,Narre Warren North,36.66135159623,-37.983973801816525,145.31532133301133,-37.80825,144.96239
unimelb_parkville,21895,Narre Warren North,37.47870032563,-37.983973801816525,145.31532133301133,-37.79468,144.9625
monash_clayton,21893,Narre Warren,18.872705788349997,-38.020402959270555,145.3004951093016,-37.91064,145.13647
rmit_city,21893,Narre Warren,37.926753096569996,-38.020402959270555,145.3004951093016,-37.80825,144.96239
unimelb_parkville,21893,Narre Warren,38.874519650020005,-38.020402959270555,145.3004951093016,-37.79468,144.9625
monash_clayton,21894,Narre Warren East,20.33170174153,-37.96268453046689,145.358222378684,-37.91064,145.13647
rmit_city,21894,Narre Warren East,38.81133304541,-37.96268453046689,145.358222378684,-37.80825,144.96239
unimelb_parkville,21894,Narre Warren East,39.49394828533,-37.96268453046689,145.358222378684,-37.79468,144.9625
monash_clayton,22599,Tynong North,45.96104158547,-38.02865408473214,145.6378427157928,-37.91064,145.13647
rmit_city,22599,Tynong North,64.23311575903,-38.02865408473214,145.6378427157928,-37.80825,144.96239
unimelb_parkville,22599,Tynong North,64.81783984677,-38.02865408473214,145.6378427157928,-37.79468,144.9625
monash_clayton,21896,Narre Warren South,21.12678123428,-38.04951126371376,145.30092048154216,-37.91064,145.13647
rmit_city,21896,Narre Warren South,40.036441264779995,-38.04951126371376,145.30092048154216,-37.80825,144.96239
unimelb_parkville,21896,Narre Warren South,41.05409702949,-38.04951126371376,145.30092048154216,-37.79468,144.9625
monash_clayton,21991,Nutfield,34.59180243507,-37.601460627690344,145.18590527676037,-37.91064,145.13647
rmit_city,21991,Nutfield,30.25355352604,-37.601460627690344,145.18590527676037,-37.80825,144.96239
unimelb_parkville,21991,Nutfield,29.122090773110003,-37.601460627690344,145.18590527676037,-37.79468,144.9625
monash_clayton,21921,New Gisborne,69.12314926172999,-37.45021463610097,144.60880831982018,-37.91064,145.13647
rmit_city,21921,New Gisborne,50.5299754469,-37.45021463610097,144.60880831982018,-37.80825,144.96239
unimelb_parkville,21921,New Gisborne,49.36219336191,-37.45021463610097,144.60880831982018,-37.79468,144.9625
monash_clayton,21934,Newport (Vic.),23.71628192985,-37.845533491726854,144.87971716360175,-37.91064,145.13647
rmit_city,21934,Newport (Vic.),8.37256433677,-37.845533491726854,144.87971716360175,-37.80825,144.96239
unimelb_parkville,21934,Newport (Vic.),9.218725013810001,-37.845533491726854,144.87971716360175,-37.79468,144.9625
monash_clayton,21998,Oak Park,28.62692475013,-37.71830724570013,144.9198615152233,-37.91064,145.13647
rmit_city,21998,Oak Park,10.66309022895,-37.71830724570013,144.9198615152233,-37.80825,144.96239
unimelb_parkville,21998,Oak Park,9.2721825637,-37.71830724570013,144.9198615152233,-37.79468,144.9625
monash_clayton,21999,Oaklands Junction,45.4234735887,-37.57994134389405,144.83285494978279,-37.91064,145.13647
rmit_city,21999,Oaklands Junction,27.796416552129998,-37.57994134389405,144.83285494978279,-37.80825,144.96239
unimelb_parkville,21999,Oaklands Junction,26.435237839739997,-37.57994134389405,144.83285494978279,-37.79468,144.9625
monash_clayton,21942,Niddrie,29.04516651599,-37.73984986246137,144.88651458186118,-37.91064,145.13647
rmit_city,21942,Niddrie,10.11544074321,-37.73984986246137,144.88651458186118,-37.80825,144.96239
unimelb_parkville,21942,Niddrie,9.04760736744,-37.73984986246137,144.88651458186118,-37.79468,144.9625
monash_clayton,22721,Watsonia,22.792357154450002,-37.70988713934982,145.08201053241206,-37.91064,145.13647
rmit_city,22721,Watsonia,15.17566418321,-37.70988713934982,145.08201053241206,-37.80825,144.96239
unimelb_parkville,22721,Watsonia,14.12438185471,-37.70988713934982,145.08201053241206,-37.79468,144.9625
monash_clayton,21952,Noble Park,7.13614080061,-37.965977848846656,145.1777961866737,-37.91064,145.13647
rmit_city,21952,Noble Park,25.79807990644,-37.965977848846656,145.1777961866737,-37.80825,144.96239
unimelb_parkville,21952,Noble Park,26.83738717112,-37.965977848846656,145.1777961866737,-37.79468,144.9625
monash_clayton,21953,Noble Park North,6.3803424918800005,-37.95188738619038,145.18701811318158,-37.91064,145.13647
rmit_city,21953,Noble Park North,25.39097772519,-37.95188738619038,145.18701811318158,-37.80825,144.96239
unimelb_parkville,21953,Noble Park North,26.35687597013,-37.95188738619038,145.18701811318158,-37.79468,144.9625
monash_clayton,21966,North Melbourne,21.14526017872,-37.79682493746719,144.94379265923772,-37.91064,145.13647
rmit_city,21966,North Melbourne,2.07135961896,-37.79682493746719,144.94379265923772,-37.80825,144.96239
unimelb_parkville,21966,North Melbourne,1.6647693109,-37.79682493746719,144.94379265923772,-37.79468,144.9625
monash_clayton,21969,North Warrandyte,21.55139411603,-37.72636142221542,145.21359261205734,-37.91064,145.13647
rmit_city,21969,North Warrandyte,23.92678579357,-37.72636142221542,145.21359261205734,-37.80825,144.96239
unimelb_parkville,21969,North Warrandyte,23.388909039530002,-37.72636142221542,145.21359261205734,-37.79468,144.9625
monash_clayton,22000,Oakleigh,3.78915691431,-37.89980128659199,145.09561389987897,-37.91064,145.13647
rmit_city,22000,Oakleigh,15.515256720710001,-37.89980128659199,145.09561389987897,-37.80825,144.96239
unimelb_parkville,22000,Oakleigh,16.534818863399998,-37.89980128659199,145.09561389987897,-37.79468,144.9625
monash_clayton,21971,Northcote,19.4511032867,-37.772323733611344,145.00077713477174,-37.91064,145.13647
rmit_city,21971,Northcote,5.228110897610001,-37.772323733611344,145.00077713477174,-37.80825,144.96239
unimelb_parkville,21971,Northcote,4.18646526181,-37.772323733611344,145.00077713477174,-37.79468,144.9625
monash_clayton,21974,Notting Hill,0.71384258862,-37.90548108991002,145.14131691538188,-37.91064,145.13647
rmit_city,21974,Notting Hill,19.089454507760003,-37.90548108991002,145.14131691538188,-37.80825,144.96239
unimelb_parkville,21974,Notting Hill,19.97312560561,-37.90548108991002,145.14131691538188,-37.79468,144.9625
monash_clayton,22001,Oakleigh East,1.74707796814,-37.90510169630766,145.11787417196092,-37.91064,145.13647
rmit_city,22001,Oakleigh East,17.400803605609998,-37.90510169630766,145.11787417196092,-37.80825,144.96239
unimelb_parkville,22001,Oakleigh East,18.363235487959997,-37.90510169630766,145.11787417196092,-37.79468,144.9625
monash_clayton,21985,Nunawading,10.97563226521,-37.81693769896428,145.1763205990941,-37.91064,145.13647
rmit_city,21985,Nunawading,18.86242684136,-37.81693769896428,145.1763205990941,-37.80825,144.96239
unimelb_parkville,21985,Nunawading,18.99116778539,-37.81693769896428,145.1763205990941,-37.79468,144.9625
monash_clayton,22002,Oakleigh South,4.3813660389699995,-37.92711396267584,145.09118847503225,-37.91064,145.13647
rmit_city,22002,Oakleigh South,17.39242503967,-37.92711396267584,145.09118847503225,-37.80825,144.96239
unimelb_parkville,22002,Oakleigh South,18.55563479339,-37.92711396267584,145.09118847503225,-37.79468,144.9625
monash_clayton,22006,Officer,28.65387894088,-38.048910246663496,145.41188636889135,-37.91064,145.13647
rmit_city,22006,Officer,47.699577556579996,-38.048910246663496,145.41188636889135,-37.80825,144.96239
unimelb_parkville,22006,Officer,48.554156990310005,-38.048910246663496,145.41188636889135,-37.79468,144.9625
monash_clayton,22007,Officer South,33.198435241569996,-38.104188221725515,145.42466452199656,-37.91064,145.13647
rmit_city,22007,Officer South,52.24468956294,-38.104188221725515,145.42466452199656,-37.80825,144.96239
unimelb_parkville,22007,Officer South,53.200021285199995,-38.104188221725515,145.42466452199656,-37.79468,144.9625
monash_clayton,22009,Olinda (Vic.),21.45941485063,-37.85257976078612,145.36914161711704,-37.91064,145.13647
rmit_city,22009,Olinda (Vic.),36.144541503679996,-37.85257976078612,145.36914161711704,-37.80825,144.96239
unimelb_parkville,22009,Olinda (Vic.),36.37388111874,-37.85257976078612,145.36914161711704,-37.79468,144.9625
monash_clayton,22016,Ormond,8.51891553128,-37.903877194928256,145.03997812653915,-37.91064,145.13647
rmit_city,22016,Ormond,12.62060782343,-37.903877194928256,145.03997812653915,-37.80825,144.96239
unimelb_parkville,22016,Ormond,13.906752721470001,-37.903877194928256,145.03997812653915,-37.79468,144.9625
monash_clayton,22355,Steels Creek,42.6913676202,-37.5782337739802,145.3801768153414,-37.91064,145.13647
rmit_city,22355,Steels Creek,44.82744163155,-37.5782337739802,145.3801768153414,-37.80825,144.96239
unimelb_parkville,22355,Steels Creek,43.98178047916,-37.5782337739802,145.3801768153414,-37.79468,144.9625
monash_clayton,22027,Pakenham,34.85727106926,-38.070011414682504,145.4783843740584,-37.91064,145.13647
rmit_city,22027,Pakenham,53.86584493447,-38.070011414682504,145.4783843740584,-37.80825,144.96239
unimelb_parkville,22027,Pakenham,54.688382967340004,-38.070011414682504,145.4783843740584,-37.79468,144.9625
monash_clayton,22028,Pakenham South,41.01733466195,-38.139618987003544,145.50313422587814,-37.91064,145.13647
rmit_city,22028,Pakenham South,60.08454190617,-38.139618987003544,145.50313422587814,-37.80825,144.96239
unimelb_parkville,22028,Pakenham South,61.01403268229,-38.139618987003544,145.50313422587814,-37.79468,144.9625
monash_clayton,22381,Strathmore Heights,30.171740009,-37.71418555349342,144.89964660878547,-37.91064,145.13647
rmit_city,22381,Strathmore Heights,11.81392004668,-37.71418555349342,144.89964660878547,-37.80825,144.96239
unimelb_parkville,22381,Strathmore Heights,10.511902102219999,-37.71418555349342,144.89964660878547,-37.79468,144.9625
monash_clayton,22382,Strathtulloh,51.49080320356,-37.731531686103324,144.59699266333922,-37.91064,145.13647
rmit_city,22382,Strathtulloh,33.3008186688,-37.731531686103324,144.59699266333922,-37.80825,144.96239
unimelb_parkville,22382,Strathtulloh,32.960223883430004,-37.731531686103324,144.59699266333922,-37.79468,144.9625
monash_clayton,22029,Pakenham Upper,33.73865919658,-38.00929312673223,145.49960420100754,-37.91064,145.13647
rmit_city,22029,Pakenham Upper,52.248044776280004,-38.00929312673223,145.49960420100754,-37.80825,144.96239
unimelb_parkville,22029,Pakenham Upper,52.90407617934,-38.00929312673223,145.49960420100754,-37.79468,144.9625
monash_clayton,22038,Parkville (Vic.),21.41581914415,-37.78707761282859,144.9495839201156,-37.91064,145.13647
rmit_city,22038,Parkville (Vic.),2.60662623704,-37.78707761282859,144.9495839201156,-37.80825,144.96239
unimelb_parkville,22038,Parkville (Vic.),1.41643700334,-37.78707761282859,144.9495839201156,-37.79468,144.9625
monash_clayton,22391,Sunbury,54.49141176666,-37.55292106112102,144.71308305951584,-37.91064,145.13647
rmit_city,22391,Sunbury,35.87120178078,-37.55292106112102,144.71308305951584,-37.80825,144.96239
unimelb_parkville,22391,Sunbury,34.701008108610004,-37.55292106112102,144.71308305951584,-37.79468,144.9625
monash_clayton,22032,Panton Hill,31.51119630965,-37.6408227999736,145.2477407952072,-37.91064,145.13647
rmit_city,22032,Panton Hill,31.275791778200002,-37.6408227999736,145.2477407952072,-37.80825,144.96239
unimelb_parkville,22032,Panton Hill,30.39890151807,-37.6408227999736,145.2477407952072,-37.79468,144.9625
monash_clayton,22037,Parkdale,10.46810800766,-37.994018946312806,145.08080874785173,-37.91064,145.13647
rmit_city,22037,Parkdale,23.10040497124,-37.994018946312806,145.08080874785173,-37.80825,144.96239
unimelb_parkville,22037,Parkdale,24.4505260235,-37.994018946312806,145.08080874785173,-37.79468,144.9625
monash_clayton,22036,Park Orchards,16.35154965312,-37.77594607990527,145.2117168707437,-37.91064,145.13647
rmit_city,22036,Park Orchards,22.251439307960002,-37.77594607990527,145.2117168707437,-37.80825,144.96239
unimelb_parkville,22036,Park Orchards,22.05123720723,-37.77594607990527,145.2117168707437,-37.79468,144.9625
monash_clayton,22722,Watsonia North,24.27948581267,-37.69551644323846,145.086488685036,-37.91064,145.13647
rmit_city,22722,Watsonia North,16.61835884293,-37.69551644323846,145.086488685036,-37.80825,144.96239
unimelb_parkville,22722,Watsonia North,15.50987926843,-37.69551644323846,145.086488685036,-37.79468,144.9625
monash_clayton,22041,Pascoe Vale,27.10893811665,-37.7247216169506,144.93680653847048,-37.91064,145.13647
rmit_city,22041,Pascoe Vale,9.54109356259,-37.7247216169506,144.93680653847048,-37.80825,144.96239
unimelb_parkville,22041,Pascoe Vale,8.088161402079999,-37.7247216169506,144.93680653847048,-37.79468,144.9625
monash_clayton,22087,Point Leo,56.17292301123,-38.41387286743295,145.06876021322174,-37.91064,145.13647
rmit_city,22087,Point Leo,67.86744942206,-38.41387286743295,145.06876021322174,-37.80825,144.96239
unimelb_parkville,22087,Point Leo,69.35845196116999,-38.41387286743295,145.06876021322174,-37.79468,144.9625
monash_clayton,22042,Pascoe Vale South,25.3347660828,-37.74353762746183,144.940437433118,-37.91064,145.13647
rmit_city,22042,Pascoe Vale South,7.43839277991,-37.74353762746183,144.940437433118,-37.80825,144.96239
unimelb_parkville,22042,Pascoe Vale South,6.00001197897,-37.74353762746183,144.940437433118,-37.79468,144.9625
monash_clayton,22047,Patterson Lakes,17.43988287367,-38.06756553902957,145.14637820837012,-37.91064,145.13647
rmit_city,22047,Patterson Lakes,33.01573726323,-38.06756553902957,145.14637820837012,-37.80825,144.96239
unimelb_parkville,22047,Patterson Lakes,34.33287544114,-38.06756553902957,145.14637820837012,-37.79468,144.9625
monash_clayton,22179,Ripponlea,12.86434910669,-37.87898434658473,144.9957749618952,-37.91064,145.13647
rmit_city,22179,Ripponlea,8.38294845341,-37.87898434658473,144.9957749618952,-37.80825,144.96239
unimelb_parkville,22179,Ripponlea,9.80495809768,-37.87898434658473,144.9957749618952,-37.79468,144.9625
monash_clayton,22050,Pearcedale,33.422962842809994,-38.19826372066864,145.24917965723773,-37.91064,145.13647
rmit_city,22050,Pearcedale,50.08476305423,-38.19826372066864,145.24917965723773,-37.80825,144.96239
unimelb_parkville,22050,Pearcedale,51.388584478949994,-38.19826372066864,145.24917965723773,-37.79468,144.9625
monash_clayton,22058,Pentland Hills,72.37576919933,-37.65285524382203,144.38180107731714,-37.91064,145.13647
rmit_city,22058,Pentland Hills,54.008456748069996,-37.65285524382203,144.38180107731714,-37.80825,144.96239
unimelb_parkville,22058,Pentland Hills,53.56022990676,-37.65285524382203,144.38180107731714,-37.79468,144.9625
monash_clayton,22064,Pheasant Creek (Vic.),50.90243674602,-37.46939899108151,145.29383459761792,-37.91064,145.13647
rmit_city,22064,Pheasant Creek (Vic.),47.64672070767,-37.46939899108151,145.29383459761792,-37.80825,144.96239
unimelb_parkville,22064,Pheasant Creek (Vic.),46.46262626995,-37.46939899108151,145.29383459761792,-37.79468,144.9625
monash_clayton,22084,Plenty (Vic.),27.3088999917,-37.66534814009997,145.1122657982741,-37.91064,145.13647
rmit_city,22084,Plenty (Vic.),20.64206085947,-37.66534814009997,145.1122657982741,-37.80825,144.96239
unimelb_parkville,22084,Plenty (Vic.),19.50283446016,-37.66534814009997,145.1122657982741,-37.79468,144.9625
monash_clayton,22085,Plumpton (Vic.),49.8603093067,-37.66195978447034,144.6650751054331,-37.91064,145.13647
rmit_city,22085,Plumpton (Vic.),30.82974559266,-37.66195978447034,144.6650751054331,-37.80825,144.96239
unimelb_parkville,22085,Plumpton (Vic.),30.07431485684,-37.66195978447034,144.6650751054331,-37.79468,144.9625
monash_clayton,22086,Point Cook,33.41807831518,-37.90551832878388,144.75652329478865,-37.91064,145.13647
rmit_city,22086,Point Cook,21.08975658527,-37.90551832878388,144.75652329478865,-37.80825,144.96239
unimelb_parkville,22086,Point Cook,21.9084272543,-37.90551832878388,144.75652329478865,-37.79468,144.9625
monash_clayton,22185,Rochford,78.3970607769,-37.31041197930434,144.66839138996525,-37.91064,145.13647
rmit_city,22185,Rochford,61.05553135713,-37.31041197930434,144.66839138996525,-37.80825,144.96239
unimelb_parkville,22185,Rochford,59.701174453,-37.31041197930434,144.66839138996525,-37.79468,144.9625
monash_clayton,22107,Port Melbourne,20.5638979109,-37.83494500902513,144.9231438994257,-37.91064,145.13647
rmit_city,22107,Port Melbourne,4.5518171363399995,-37.83494500902513,144.9231438994257,-37.80825,144.96239
unimelb_parkville,22107,Port Melbourne,5.65528684542,-37.83494500902513,144.9231438994257,-37.79468,144.9625
monash_clayton,22113,Portsea,59.15945632091,-38.324298992745945,144.71106838716162,-37.91064,145.13647
rmit_city,22113,Portsea,61.37924984786,-38.324298992745945,144.71106838716162,-37.80825,144.96239
unimelb_parkville,22113,Portsea,62.79127272614,-38.324298992745945,144.71106838716162,-37.79468,144.9625
monash_clayton,22115,Powelltown,55.714312428999996,-37.86092208856789,145.76670066348987,-37.91064,145.13647
rmit_city,22115,Powelltown,71.04369981162999,-37.86092208856789,145.76670066348987,-37.80825,144.96239
unimelb_parkville,22115,Powelltown,71.1802855662,-37.86092208856789,145.76670066348987,-37.79468,144.9625
monash_clayton,22186,Rockbank,46.616559246639994,-37.73530927478562,144.65533832380294,-37.91064,145.13647
rmit_city,22186,Rockbank,28.23787981754,-37.73530927478562,144.65533832380294,-37.80825,144.96239
unimelb_parkville,22186,Rockbank,27.855292483550002,-37.73530927478562,144.65533832380294,-37.79468,144.9625
monash_clayton,22723,Watsons Creek (Vic.),29.92003456282,-37.661395521889695,145.26585669104674,-37.91064,145.13647
rmit_city,22723,Watsons Creek (Vic.),31.32464151863,-37.661395521889695,145.26585669104674,-37.80825,144.96239
unimelb_parkville,22723,Watsons Creek (Vic.),30.56163935011,-37.661395521889695,145.26585669104674,-37.79468,144.9625
monash_clayton,22118,Prahran,13.083015106520001,-37.8530588342402,145.0067066163162,-37.91064,145.13647
rmit_city,22118,Prahran,6.321091021659999,-37.8530588342402,145.0067066163162,-37.80825,144.96239
unimelb_parkville,22118,Prahran,7.55869516898,-37.8530588342402,145.0067066163162,-37.79468,144.9625
monash_clayton,22121,Preston (Vic.),21.914633344139997,-37.741833883131584,145.0073608546491,-37.91064,145.13647
rmit_city,22121,Preston (Vic.),8.36890011052,-37.741833883131584,145.0073608546491,-37.80825,144.96239
unimelb_parkville,22121,Preston (Vic.),7.07299079518,-37.741833883131584,145.0073608546491,-37.79468,144.9625
monash_clayton,22122,Princes Hill,20.67803528878,-37.78189561473029,144.96665892214455,-37.91064,145.13647
rmit_city,22122,Princes Hill,2.94920730722,-37.78189561473029,144.96665892214455,-37.80825,144.96239
unimelb_parkville,22122,Princes Hill,1.4654963348799999,-37.78189561473029,144.96665892214455,-37.79468,144.9625
monash_clayton,22132,Quandong,55.80562557543,-37.83586158835132,144.50924882409282,-37.91064,145.13647
rmit_city,22132,Quandong,40.013979268069995,-37.83586158835132,144.50924882409282,-37.80825,144.96239
unimelb_parkville,22132,Quandong,40.17067752931,-37.83586158835132,144.50924882409282,-37.79468,144.9625
monash_clayton,22141,Ravenhall,38.22696929421,-37.77492506231625,144.73730934835785,-37.91064,145.13647
rmit_city,22141,Ravenhall,20.167295195940003,-37.77492506231625,144.73730934835785,-37.80825,144.96239
unimelb_parkville,22141,Ravenhall,19.957516553879998,-37.77492506231625,144.73730934835785,-37.79468,144.9625
monash_clayton,22148,Red Hill (Vic.),51.213844302220004,-38.36161790342437,145.0130673639441,-37.91064,145.13647
rmit_city,22148,Red Hill (Vic.),61.58347187271,-38.36161790342437,145.0130673639441,-37.80825,144.96239
unimelb_parkville,22148,Red Hill (Vic.),63.085155988589996,-38.36161790342437,145.0130673639441,-37.79468,144.9625
monash_clayton,22149,Red Hill South,53.12567226993,-38.383435747636085,145.04226487285297,-37.91064,145.13647
rmit_city,22149,Red Hill South,64.22792994567,-38.383435747636085,145.04226487285297,-37.80825,144.96239
unimelb_parkville,22149,Red Hill South,65.72435873269,-38.383435747636085,145.04226487285297,-37.79468,144.9625
monash_clayton,22160,Research,23.277079463779998,-37.70600429916713,145.1943039981457,-37.91064,145.13647
rmit_city,22160,Research,23.37605899275,-37.70600429916713,145.1943039981457,-37.80825,144.96239
unimelb_parkville,22160,Research,22.676055122959998,-37.70600429916713,145.1943039981457,-37.79468,144.9625
monash_clayton,22161,Reservoir (Vic.),24.98624456324,-37.712342595616924,145.00215316800842,-37.91064,145.13647
rmit_city,22161,Reservoir (Vic.),11.20677447017,-37.712342595616924,145.00215316800842,-37.80825,144.96239
unimelb_parkville,22161,Reservoir (Vic.),9.78409493997,-37.712342595616924,145.00215316800842,-37.79468,144.9625
monash_clayton,22194,Rosanna,19.86864603425,-37.73959298659371,145.06991812496952,-37.91064,145.13647
rmit_city,22194,Rosanna,12.15793085965,-37.73959298659371,145.06991812496952,-37.80825,144.96239
unimelb_parkville,22194,Rosanna,11.26771750669,-37.73959298659371,145.06991812496952,-37.79468,144.9625
monash_clayton,22170,Richmond (Vic.),15.33632902232,-37.82218541055026,145.00257274295413,-37.91064,145.13647
rmit_city,22170,Richmond (Vic.),3.86149533992,-37.82218541055026,145.00257274295413,-37.80825,144.96239
unimelb_parkville,22170,Richmond (Vic.),4.66613535366,-37.82218541055026,145.00257274295413,-37.79468,144.9625
monash_clayton,22172,Riddells Creek,65.41541187348,-37.44695881818996,144.67870641581183,-37.91064,145.13647
rmit_city,22172,Riddells Creek,47.27653575086,-37.44695881818996,144.67870641581183,-37.80825,144.96239
unimelb_parkville,22172,Riddells Creek,46.01246436737,-37.44695881818996,144.67870641581183,-37.79468,144.9625
monash_clayton,22174,Ringwood (Vic.),13.831481135239999,-37.809732667549135,145.22869726122127,-37.91064,145.13647
rmit_city,22174,Ringwood (Vic.),23.45152977398,-37.809732667549135,145.22869726122127,-37.80825,144.96239
unimelb_parkville,22174,Ringwood (Vic.),23.502868984270002,-37.809732667549135,145.22869726122127,-37.79468,144.9625
monash_clayton,22756,West Footscray,26.32614028672,-37.80172584827813,144.8707257128472,-37.91064,145.13647
rmit_city,22756,West Footscray,8.10478711135,-37.80172584827813,144.8707257128472,-37.80825,144.96239
unimelb_parkville,22756,West Footscray,8.12054358107,-37.80172584827813,144.8707257128472,-37.79468,144.9625
monash_clayton,22175,Ringwood East,14.72471787301,-37.81210847027744,145.2485145947833,-37.91064,145.13647
rmit_city,22175,Ringwood East,25.19929638176,-37.81210847027744,145.2485145947833,-37.80825,144.96239
unimelb_parkville,22175,Ringwood East,25.26244683356,-37.81210847027744,145.2485145947833,-37.79468,144.9625
monash_clayton,22176,Ringwood North,15.6564716493,-37.7923034878272,145.23328925376825,-37.91064,145.13647
rmit_city,22176,Ringwood North,23.92368771953,-37.7923034878272,145.23328925376825,-37.80825,144.96239
unimelb_parkville,22176,Ringwood North,23.85207727722,-37.7923034878272,145.23328925376825,-37.79468,144.9625
monash_clayton,22193,Romsey,71.66606140531,-37.35402727608358,144.72494374925836,-37.91064,145.13647
rmit_city,22193,Romsey,54.6022627636,-37.35402727608358,144.72494374925836,-37.80825,144.96239
unimelb_parkville,22193,Romsey,53.21936471124,-37.35402727608358,144.72494374925836,-37.79468,144.9625
monash_clayton,22198,Rosebud,54.658521774250005,-38.37123647613696,144.9159509589172,-37.91064,145.13647
rmit_city,22198,Rosebud,62.623121332429996,-38.37123647613696,144.9159509589172,-37.80825,144.96239
unimelb_parkville,22198,Rosebud,64.12681470774,-38.37123647613696,144.9159509589172,-37.79468,144.9625
monash_clayton,22207,Rowville,8.95326645199,-37.92563860002552,145.23651698746838,-37.91064,145.13647
rmit_city,22207,Rowville,27.41482073861,-37.92563860002552,145.23651698746838,-37.80825,144.96239
unimelb_parkville,22207,Rowville,28.15545548815,-37.92563860002552,145.23651698746838,-37.79468,144.9625
monash_clayton,22208,Roxburgh Park,36.672634504280005,-37.62537178189553,144.92646485909066,-37.91064,145.13647
rmit_city,22208,Roxburgh Park,20.54351594956,-37.62537178189553,144.92646485909066,-37.80825,144.96239
unimelb_parkville,22208,Roxburgh Park,19.05843315803,-37.62537178189553,144.92646485909066,-37.79468,144.9625
monash_clayton,22220,Rye,60.09216042558,-38.38757270011124,144.81207590840205,-37.91064,145.13647
rmit_city,22220,Rye,65.64162180889001,-38.38757270011124,144.81207590840205,-37.80825,144.96239
unimelb_parkville,22220,Rye,67.11991367658001,-38.38757270011124,144.81207590840205,-37.79468,144.9625
monash_clayton,22221,Rythdale,38.3239897658,-38.140682660277996,145.46196148026388,-37.91064,145.13647
rmit_city,22221,Rythdale,57.342475789299996,-38.140682660277996,145.46196148026388,-37.80825,144.96239
unimelb_parkville,22221,Rythdale,58.31881762345,-38.140682660277996,145.46196148026388,-37.79468,144.9625
monash_clayton,22222,Safety Beach (Vic.),46.54209672606,-38.31602110728217,145.0008468955386,-37.91064,145.13647
rmit_city,22222,Safety Beach (Vic.),56.462354272060004,-38.31602110728217,145.0008468955386,-37.80825,144.96239
unimelb_parkville,22222,Safety Beach (Vic.),57.96535917445,-38.31602110728217,145.0008468955386,-37.79468,144.9625
monash_clayton,22232,Sandhurst,20.06965996557,-38.08163462216343,145.21074074926295,-37.91064,145.13647
rmit_city,22232,Sandhurst,37.38063702479,-38.08163462216343,145.21074074926295,-37.80825,144.96239
unimelb_parkville,22232,Sandhurst,38.60898470009,-38.08163462216343,145.21074074926295,-37.79468,144.9625
monash_clayton,22239,Sassafras (Vic.),19.71593675017,-37.86437932968725,145.35286595350965,-37.91064,145.13647
rmit_city,22239,Sassafras (Vic.),34.93255252271,-37.86437932968725,145.35286595350965,-37.80825,144.96239
unimelb_parkville,22239,Sassafras (Vic.),35.22597356806,-37.86437932968725,145.35286595350965,-37.79468,144.9625
monash_clayton,22242,Scoresby,7.21870864061,-37.90521438758901,145.21826859664426,-37.91064,145.13647
rmit_city,22242,Scoresby,24.957850801960003,-37.90521438758901,145.21826859664426,-37.80825,144.96239
unimelb_parkville,22242,Scoresby,25.63669110409,-37.90521438758901,145.21826859664426,-37.79468,144.9625
monash_clayton,22234,Sandringham (Vic.),11.71105725969,-37.95376183241419,145.01489204502133,-37.91064,145.13647
rmit_city,22234,Sandringham (Vic.),16.7984359196,-37.95376183241419,145.01489204502133,-37.80825,144.96239
unimelb_parkville,22234,Sandringham (Vic.),18.24891381519,-37.95376183241419,145.01489204502133,-37.79468,144.9625
monash_clayton,22256,Seddon (Vic.),24.44826040364,-37.80639602034115,144.89173378005614,-37.91064,145.13647
rmit_city,22256,Seddon (Vic.),6.22551324335,-37.80639602034115,144.89173378005614,-37.80825,144.96239
unimelb_parkville,22256,Seddon (Vic.),6.3665874837,-37.80639602034115,144.89173378005614,-37.79468,144.9625
monash_clayton,22247,Seabrook,33.43241309719,-37.88073225048862,144.75824739987291,-37.91064,145.13647
rmit_city,22247,Seabrook,19.68697424874,-37.88073225048862,144.75824739987291,-37.80825,144.96239
unimelb_parkville,22247,Seabrook,20.35895833459,-37.88073225048862,144.75824739987291,-37.79468,144.9625
monash_clayton,22291,Skye (Vic.),22.58393424761,-38.10428557118762,145.2153922842602,-37.91064,145.13647
rmit_city,22291,Skye (Vic.),39.67472150711,-38.10428557118762,145.2153922842602,-37.80825,144.96239
unimelb_parkville,22291,Skye (Vic.),40.92669538876,-38.10428557118762,145.2153922842602,-37.79468,144.9625
monash_clayton,22249,Seaford (Vic.),21.73939234557,-38.10643844717993,145.14248682774223,-37.91064,145.13647
rmit_city,22249,Seaford (Vic.),36.68734307104,-38.10643844717993,145.14248682774223,-37.80825,144.96239
unimelb_parkville,22249,Seaford (Vic.),38.04827257926,-38.10643844717993,145.14248682774223,-37.79468,144.9625
monash_clayton,22250,Seaholme,26.19450932825,-37.864546152050195,144.844426137815,-37.91064,145.13647
rmit_city,22250,Seaholme,12.11906907047,-37.864546152050195,144.844426137815,-37.80825,144.96239
unimelb_parkville,22250,Seaholme,12.968576497419999,-37.864546152050195,144.844426137815,-37.79468,144.9625
monash_clayton,22258,Selby,21.50156052461,-37.91762015527491,145.38082842281037,-37.91064,145.13647
rmit_city,22258,Selby,38.770240767640004,-37.91762015527491,145.38082842281037,-37.80825,144.96239
unimelb_parkville,22258,Selby,39.26198719616,-37.91762015527491,145.38082842281037,-37.79468,144.9625
monash_clayton,22263,Seville,33.31742479519,-37.797987931653786,145.48738055184063,-37.91064,145.13647
rmit_city,22263,Seville,46.248183517979996,-37.797987931653786,145.48738055184063,-37.80825,144.96239
unimelb_parkville,22263,Seville,46.23015460019,-37.797987931653786,145.48738055184063,-37.79468,144.9625
monash_clayton,22264,Seville East,34.90517719396,-37.78246936488112,145.4986192211369,-37.91064,145.13647
rmit_city,22264,Seville East,47.31544809389,-37.78246936488112,145.4986192211369,-37.80825,144.96239
unimelb_parkville,22264,Seville East,47.24291843346,-37.78246936488112,145.4986192211369,-37.79468,144.9625
monash_clayton,22295,Smiths Gully,34.11119649927,-37.62771358838932,145.28766211581362,-37.91064,145.13647
rmit_city,22295,Smiths Gully,34.98533225916,-37.62771358838932,145.28766211581362,-37.80825,144.96239
unimelb_parkville,22295,Smiths Gully,34.13905220034,-37.62771358838932,145.28766211581362,-37.79468,144.9625
monash_clayton,22303,Somers,52.24757300062,-38.38117748928363,145.1522307319864,-37.91064,145.13647
rmit_city,22303,Somers,65.73810163437,-38.38117748928363,145.1522307319864,-37.80825,144.96239
unimelb_parkville,22303,Somers,67.19421837991,-38.38117748928363,145.1522307319864,-37.79468,144.9625
monash_clayton,22278,Sherbrooke,19.76002043477,-37.890377836609694,145.35968094379825,-37.91064,145.13647
rmit_city,22278,Sherbrooke,36.134977891249996,-37.890377836609694,145.35968094379825,-37.80825,144.96239
unimelb_parkville,22278,Sherbrooke,36.53780887262,-37.890377836609694,145.35968094379825,-37.79468,144.9625
monash_clayton,22279,Shoreham,57.98885836734,-38.42692119460376,145.0352917049291,-37.91064,145.13647
rmit_city,22279,Shoreham,68.96862072283001,-38.42692119460376,145.0352917049291,-37.80825,144.96239
unimelb_parkville,22279,Shoreham,70.46762473302,-38.42692119460376,145.0352917049291,-37.79468,144.9625
monash_clayton,22281,Silvan,28.216690370000002,-37.832306828053085,145.441562997695,-37.91064,145.13647
rmit_city,22281,Silvan,42.27381197537,-37.832306828053085,145.441562997695,-37.80825,144.96239
unimelb_parkville,22281,Silvan,42.38980529752,-37.832306828053085,145.441562997695,-37.79468,144.9625
monash_clayton,22304,Somerton (Vic.),34.974585572420004,-37.63348958053909,144.94758028352382,-37.91064,145.13647
rmit_city,22304,Somerton (Vic.),19.440765000909998,-37.63348958053909,144.94758028352382,-37.80825,144.96239
unimelb_parkville,22304,Somerton (Vic.),17.93899714117,-37.63348958053909,144.94758028352382,-37.79468,144.9625
monash_clayton,22315,Southbank,17.89031921542,-37.82526211924026,144.96401403368415,-37.91064,145.13647
rmit_city,22315,Southbank,1.8936332615,-37.82526211924026,144.96401403368415,-37.80825,144.96239
unimelb_parkville,22315,Southbank,3.39701491369,-37.82526211924026,144.96401403368415,-37.79468,144.9625
monash_clayton,22305,Somerville (Vic.),36.16469474239,-38.23224788028751,145.20248457576295,-37.91064,145.13647
rmit_city,22305,Somerville (Vic.),51.568691587829996,-38.23224788028751,145.20248457576295,-37.80825,144.96239
unimelb_parkville,22305,Somerville (Vic.),52.943753350070004,-38.23224788028751,145.20248457576295,-37.79468,144.9625
monash_clayton,22306,Sorrento (Vic.),59.28804713303,-38.34366624982347,144.74059787019962,-37.91064,145.13647
rmit_city,22306,Sorrento (Vic.),62.53507831481,-38.34366624982347,144.74059787019962,-37.80825,144.96239
unimelb_parkville,22306,Sorrento (Vic.),63.971663473629995,-38.34366624982347,144.74059787019962,-37.79468,144.9625
monash_clayton,22309,South Kingsville,25.0094765709,-37.83009006370784,144.87101195797666,-37.91064,145.13647
rmit_city,22309,South Kingsville,8.40287633045,-37.83009006370784,144.87101195797666,-37.80825,144.96239
unimelb_parkville,22309,South Kingsville,8.96364350144,-37.83009006370784,144.87101195797666,-37.79468,144.9625
monash_clayton,22474,Taylors Lakes,39.257428667330004,-37.69642978341817,144.7817508249447,-37.91064,145.13647
rmit_city,22474,Taylors Lakes,20.18555015402,-37.69642978341817,144.7817508249447,-37.80825,144.96239
unimelb_parkville,22474,Taylors Lakes,19.30527245856,-37.69642978341817,144.7817508249447,-37.79468,144.9625
monash_clayton,22310,South Melbourne,17.649776131390002,-37.83412159705934,144.96062095852585,-37.91064,145.13647
rmit_city,22310,South Melbourne,2.8757896928999997,-37.83412159705934,144.96062095852585,-37.80825,144.96239
unimelb_parkville,22310,South Melbourne,4.38086547173,-37.83412159705934,144.96062095852585,-37.79468,144.9625
monash_clayton,22311,South Morang,30.63256811739,-37.63757760385861,145.085973656478,-37.91064,145.13647
rmit_city,22311,South Morang,21.85295018856,-37.63757760385861,145.085973656478,-37.80825,144.96239
unimelb_parkville,22311,South Morang,20.5564389466,-37.63757760385861,145.085973656478,-37.79468,144.9625
monash_clayton,22313,South Wharf,18.77515306498,-37.82525673281665,144.9522690346367,-37.91064,145.13647
rmit_city,22313,South Wharf,2.08741506624,-37.82525673281665,144.9522690346367,-37.80825,144.96239
unimelb_parkville,22313,South Wharf,3.51134476872,-37.82525673281665,144.9522690346367,-37.79468,144.9625
monash_clayton,22314,South Yarra,15.10133232541,-37.8379313927667,144.99139425242353,-37.91064,145.13647
rmit_city,22314,South Yarra,4.16824440441,-37.8379313927667,144.99139425242353,-37.80825,144.96239
unimelb_parkville,22314,South Yarra,5.43310067139,-37.8379313927667,144.99139425242353,-37.79468,144.9625
monash_clayton,22319,Spotswood,23.72782145807,-37.83031488430671,144.88655576750315,-37.91064,145.13647
rmit_city,22319,Spotswood,7.11199159707,-37.83031488430671,144.88655576750315,-37.80825,144.96239
unimelb_parkville,22319,Spotswood,7.76942496145,-37.83031488430671,144.88655576750315,-37.79468,144.9625
monash_clayton,22330,St Albans (Vic.),33.7430660646,-37.748802875590364,144.8120024679571,-37.91064,145.13647
rmit_city,22330,St Albans (Vic.),14.800656024510001,-37.748802875590364,144.8120024679571,-37.80825,144.96239
unimelb_parkville,22330,St Albans (Vic.),14.203556948260001,-37.748802875590364,144.8120024679571,-37.79468,144.9625
monash_clayton,22325,Springfield (Macedon Ranges - Vic.),70.0213978012,-37.33019340429624,144.8257160400126,-37.91064,145.13647
rmit_city,22325,Springfield (Macedon Ranges - Vic.),54.41518852464,-37.33019340429624,144.8257160400126,-37.80825,144.96239
unimelb_parkville,22325,Springfield (Macedon Ranges - Vic.),52.95008662592,-37.33019340429624,144.8257160400126,-37.79468,144.9625
monash_clayton,22328,Springvale (Vic.),4.41475464006,-37.94435984625497,145.16310093173357,-37.91064,145.13647
rmit_city,22328,Springvale (Vic.),23.23909723044,-37.94435984625497,145.16310093173357,-37.80825,144.96239
unimelb_parkville,22328,Springvale (Vic.),24.23939348975,-37.94435984625497,145.16310093173357,-37.79468,144.9625
monash_clayton,22329,Springvale South,6.83132581156,-37.97142107650369,145.14868480191637,-37.91064,145.13647
rmit_city,22329,Springvale South,24.42437378565,-37.97142107650369,145.14868480191637,-37.80825,144.96239
unimelb_parkville,22329,Springvale South,25.55596711451,-37.97142107650369,145.14868480191637,-37.79468,144.9625
monash_clayton,22332,St Andrews (Vic.),39.00794692148,-37.57978935476081,145.285766273476,-37.91064,145.13647
rmit_city,22332,St Andrews (Vic.),38.16274531159,-37.57978935476081,145.285766273476,-37.80825,144.96239
unimelb_parkville,22332,St Andrews (Vic.),37.17357779987999,-37.57978935476081,145.285766273476,-37.79468,144.9625
monash_clayton,22339,St Helena,24.54846060066,-37.689718525105995,145.12321076636258,-37.91064,145.13647
rmit_city,22339,St Helena,19.33811603314,-37.689718525105995,145.12321076636258,-37.80825,144.96239
unimelb_parkville,22339,St Helena,18.34019709454,-37.689718525105995,145.12321076636258,-37.79468,144.9625
monash_clayton,22333,St Andrews Beach,62.47870043125,-38.419448399835105,144.83158434081517,-37.91064,145.13647
rmit_city,22333,St Andrews Beach,68.80513993105,-38.419448399835105,144.83158434081517,-37.80825,144.96239
unimelb_parkville,22333,St Andrews Beach,70.29242755011,-38.419448399835105,144.83158434081517,-37.79468,144.9625
monash_clayton,22343,St Kilda (Vic.),14.60916610819,-37.86433201177081,144.9810116742769,-37.91064,145.13647
rmit_city,22343,St Kilda (Vic.),6.43694963964,-37.86433201177081,144.9810116742769,-37.80825,144.96239
unimelb_parkville,22343,St Kilda (Vic.),7.90080580365,-37.86433201177081,144.9810116742769,-37.79468,144.9625
monash_clayton,22375,Strathewen,43.36911421262,-37.53661759071859,145.2788375707237,-37.91064,145.13647
rmit_city,22375,Strathewen,41.08917226885,-37.53661759071859,145.2788375707237,-37.80825,144.96239
unimelb_parkville,22375,Strathewen,39.99214069398,-37.53661759071859,145.2788375707237,-37.79468,144.9625
monash_clayton,22380,Strathmore (Vic.),27.61348603307,-37.73009566453664,144.92069315332594,-37.91064,145.13647
rmit_city,22380,Strathmore (Vic.),9.42039844456,-37.73009566453664,144.92069315332594,-37.80825,144.96239
unimelb_parkville,22380,Strathmore (Vic.),8.05950587918,-37.73009566453664,144.92069315332594,-37.79468,144.9625
monash_clayton,22395,Sunshine (Vic.),29.680363573170002,-37.78990203990418,144.83556669613796,-37.91064,145.13647
rmit_city,22395,Sunshine (Vic.),11.35365931497,-37.78990203990418,144.83556669613796,-37.80825,144.96239
unimelb_parkville,22395,Sunshine (Vic.),11.192805942889999,-37.78990203990418,144.83556669613796,-37.79468,144.9625
monash_clayton,22396,Sunshine North,31.09424394224,-37.76260551423907,144.83657890556847,-37.91064,145.13647
rmit_city,22396,Sunshine North,12.18549320808,-37.76260551423907,144.83657890556847,-37.80825,144.96239
unimelb_parkville,22396,Sunshine North,11.650367362,-37.76260551423907,144.83657890556847,-37.79468,144.9625
monash_clayton,22484,Templestowe Lower,16.34628215919,-37.764437685353506,145.11412331971474,-37.91064,145.13647
rmit_city,22484,Templestowe Lower,14.22281970085,-37.764437685353506,145.11412331971474,-37.80825,144.96239
unimelb_parkville,22484,Templestowe Lower,13.77252100296,-37.764437685353506,145.11412331971474,-37.79468,144.9625
monash_clayton,22397,Sunshine West,31.66861957661,-37.79917096754747,144.80521918353958,-37.91064,145.13647
rmit_city,22397,Sunshine West,13.878046272339999,-37.79917096754747,144.80521918353958,-37.80825,144.96239
unimelb_parkville,22397,Sunshine West,13.86133215385,-37.79917096754747,144.80521918353958,-37.79468,144.9625
monash_clayton,22556,Tottenham (Vic.),27.46827467753,-37.805604767283164,144.8538437091968,-37.91064,145.13647
rmit_city,22556,Tottenham (Vic.),9.563336558389999,-37.805604767283164,144.8538437091968,-37.80825,144.96239
unimelb_parkville,22556,Tottenham (Vic.),9.64590922592,-37.805604767283164,144.8538437091968,-37.79468,144.9625
monash_clayton,22399,Surrey Hills,10.01635101693,-37.82514109949534,145.10004928066996,-37.91064,145.13647
rmit_city,22399,Surrey Hills,12.26511933623,-37.82514109949534,145.10004928066996,-37.80825,144.96239
unimelb_parkville,22399,Surrey Hills,12.57542706052,-37.82514109949534,145.10004928066996,-37.79468,144.9625
monash_clayton,22414,Sydenham (Vic.),40.59202128352,-37.696149893516775,144.7631402228323,-37.91064,145.13647
rmit_city,22414,Sydenham (Vic.),21.52063042608,-37.696149893516775,144.7631402228323,-37.80825,144.96239
unimelb_parkville,22414,Sydenham (Vic.),20.695963577369998,-37.696149893516775,144.7631402228323,-37.79468,144.9625
monash_clayton,22451,Tarneit,42.74693349707,-37.836265185097275,144.65976175003942,-37.91064,145.13647
rmit_city,22451,Tarneit,26.82542718173,-37.836265185097275,144.65976175003942,-37.80825,144.96239
unimelb_parkville,22451,Tarneit,27.05337627471,-37.836265185097275,144.65976175003942,-37.79468,144.9625
monash_clayton,22572,Travancore,22.68354330395,-37.78203830599117,144.9361703782435,-37.91064,145.13647
rmit_city,22572,Travancore,3.71443590208,-37.78203830599117,144.9361703782435,-37.80825,144.96239
unimelb_parkville,22572,Travancore,2.7106438862199997,-37.78203830599117,144.9361703782435,-37.79468,144.9625
monash_clayton,22457,Tarrawarra,38.94319027998,-37.656276629647266,145.44097235465077,-37.91064,145.13647
rmit_city,22457,Tarrawarra,45.43449188534,-37.656276629647266,145.44097235465077,-37.80825,144.96239
unimelb_parkville,22457,Tarrawarra,44.89161711471,-37.656276629647266,145.44097235465077,-37.79468,144.9625
monash_clayton,22473,Taylors Hill,40.11866631968,-37.71515283129289,144.75324474293717,-37.91064,145.13647
rmit_city,22473,Taylors Hill,21.12818776901,-37.71515283129289,144.75324474293717,-37.80825,144.96239
unimelb_parkville,22473,Taylors Hill,20.444112496139997,-37.71515283129289,144.75324474293717,-37.79468,144.9625
monash_clayton,22476,Tecoma,18.22727910907,-37.90689857811912,145.34368300075494,-37.91064,145.13647
rmit_city,22476,Tecoma,35.295830522980005,-37.90689857811912,145.34368300075494,-37.80825,144.96239
unimelb_parkville,22476,Tecoma,35.78552778656,-37.90689857811912,145.34368300075494,-37.79468,144.9625
monash_clayton,22483,Templestowe,17.161439862620004,-37.756134001504996,145.1438511354547,-37.91064,145.13647
rmit_city,22483,Templestowe,16.9996098885,-37.756134001504996,145.1438511354547,-37.80825,144.96239
unimelb_parkville,22483,Templestowe,16.53987424221,-37.756134001504996,145.1438511354547,-37.79468,144.9625
monash_clayton,22496,The Basin (Vic.),17.45195772977,-37.85571762877709,145.32235545620327,-37.91064,145.13647
rmit_city,22496,The Basin (Vic.),32.12362260151,-37.85571762877709,145.32235545620327,-37.80825,144.96239
unimelb_parkville,22496,The Basin (Vic.),32.398094798689996,-37.85571762877709,145.32235545620327,-37.79468,144.9625
monash_clayton,22501,The Patch,23.426741961439998,-37.89150373819838,145.40173637360613,-37.91064,145.13647
rmit_city,22501,The Patch,39.75618307056,-37.89150373819838,145.40173637360613,-37.80825,144.96239
unimelb_parkville,22501,The Patch,40.12709335545,-37.89150373819838,145.40173637360613,-37.79468,144.9625
monash_clayton,22504,Thomastown,27.70738373252,-37.683276898432986,145.00658480836952,-37.91064,145.13647
rmit_city,22504,Thomastown,14.40748768334,-37.683276898432986,145.00658480836952,-37.80825,144.96239
unimelb_parkville,22504,Thomastown,12.96099762749,-37.683276898432986,145.00658480836952,-37.79468,144.9625
monash_clayton,22508,Thornbury,20.488373764989998,-37.758385500646554,145.0048774814612,-37.91064,145.13647
rmit_city,22508,Thornbury,6.68128891033,-37.758385500646554,145.0048774814612,-37.80825,144.96239
unimelb_parkville,22508,Thornbury,5.492379590710001,-37.758385500646554,145.0048774814612,-37.79468,144.9625
monash_clayton,22509,Thornhill Park,48.696509246510004,-37.72481518729784,144.6354670304226,-37.91064,145.13647
rmit_city,22509,Thornhill Park,30.25722242245,-37.72481518729784,144.6354670304226,-37.80825,144.96239
unimelb_parkville,22509,Thornhill Park,29.84262468508,-37.72481518729784,144.6354670304226,-37.79468,144.9625
monash_clayton,22514,Three Bridges,48.2511165016,-37.85258737522827,145.6800317952536,-37.91064,145.13647
rmit_city,22514,Three Bridges,63.36833297702999,-37.85258737522827,145.6800317952536,-37.80825,144.96239
unimelb_parkville,22514,Three Bridges,63.4991751077,-37.85258737522827,145.6800317952536,-37.79468,144.9625
monash_clayton,22531,Tonimbuk,52.81958427918,-38.016035354360696,145.72261207289856,-37.91064,145.13647
rmit_city,22531,Tonimbuk,70.71792849146999,-38.016035354360696,145.72261207289856,-37.80825,144.96239
unimelb_parkville,22531,Tonimbuk,71.22003576644,-38.016035354360696,145.72261207289856,-37.79468,144.9625
monash_clayton,22536,Toolangi,54.69299131179,-37.51782888992529,145.51099618797434,-37.91064,145.13647
rmit_city,22536,Toolangi,58.155420517109995,-37.51782888992529,145.51099618797434,-37.80825,144.96239
unimelb_parkville,22536,Toolangi,57.32983649351,-37.51782888992529,145.51099618797434,-37.79468,144.9625
monash_clayton,22537,Toolern Vale,58.91998893106,-37.602229341702156,144.5922658776904,-37.91064,145.13647
rmit_city,22537,Toolern Vale,39.85155958486,-37.602229341702156,144.5922658776904,-37.80825,144.96239
unimelb_parkville,22537,Toolern Vale,39.01745621648,-37.602229341702156,144.5922658776904,-37.79468,144.9625
monash_clayton,22546,Tooradin,38.70051311756001,-38.19846078339686,145.3853387472855,-37.91064,145.13647
rmit_city,22546,Tooradin,57.05971301768,-38.19846078339686,145.3853387472855,-37.80825,144.96239
unimelb_parkville,22546,Tooradin,58.207263805379995,-38.19846078339686,145.3853387472855,-37.79468,144.9625
monash_clayton,22586,Tullamarine,32.30042139169,-37.70276802070416,144.87977676952178,-37.91064,145.13647
rmit_city,22586,Tullamarine,13.7865639718,-37.70276802070416,144.87977676952178,-37.80825,144.96239
unimelb_parkville,22586,Tullamarine,12.538796818529999,-37.70276802070416,144.87977676952178,-37.79468,144.9625
monash_clayton,22547,Toorak,12.97043789775,-37.84101438343638,145.01807080172486,-37.91064,145.13647
rmit_city,22547,Toorak,6.103821318770001,-37.84101438343638,145.01807080172486,-37.80825,144.96239
unimelb_parkville,22547,Toorak,7.09855356133,-37.84101438343638,145.01807080172486,-37.79468,144.9625
monash_clayton,22550,Tootgarook,57.54602234933,-38.37717687645472,144.85017549888067,-37.91064,145.13647
rmit_city,22550,Tootgarook,63.91245903158,-38.37717687645472,144.85017549888067,-37.80825,144.96239
unimelb_parkville,22550,Tootgarook,65.4026599946,-38.37717687645472,144.85017549888067,-37.79468,144.9625
monash_clayton,22576,Tremont,16.08549679599,-37.87798064809098,145.31464195404257,-37.91064,145.13647
rmit_city,22576,Tremont,31.956340557,-37.87798064809098,145.31464195404257,-37.80825,144.96239
unimelb_parkville,22576,Tremont,32.34758596371,-37.87798064809098,145.31464195404257,-37.79468,144.9625
monash_clayton,22582,Truganina,39.02070516989,-37.801237929338285,144.71508854285273,-37.91064,145.13647
rmit_city,22582,Truganina,21.79245643855,-37.801237929338285,144.71508854285273,-37.80825,144.96239
unimelb_parkville,22582,Truganina,21.80238824417,-37.801237929338285,144.71508854285273,-37.79468,144.9625
monash_clayton,22584,Tuerong,43.161827274880004,-38.297867152657844,145.0915471365389,-37.91064,145.13647
rmit_city,22584,Tuerong,55.51594467668,-38.297867152657844,145.0915471365389,-37.80825,144.96239
unimelb_parkville,22584,Tuerong,56.98949916932,-38.297867152657844,145.0915471365389,-37.79468,144.9625
monash_clayton,22594,Tyabb,39.78055816778,-38.26659997925943,145.18917958333265,-37.91064,145.13647
rmit_city,22594,Tyabb,54.632397202499995,-38.26659997925943,145.18917958333265,-37.80825,144.96239
unimelb_parkville,22594,Tyabb,56.034902275469996,-38.26659997925943,145.18917958333265,-37.79468,144.9625
monash_clayton,22614,Upper Ferntree Gully,15.33558515393,-37.89870063239773,145.31019268770467,-37.91064,145.13647
rmit_city,22614,Upper Ferntree Gully,32.21339351284,-37.89870063239773,145.31019268770467,-37.80825,144.96239
unimelb_parkville,22614,Upper Ferntree Gully,32.70768164933,-37.89870063239773,145.31019268770467,-37.79468,144.9625
monash_clayton,22617,Upper Plenty,55.475985407879996,-37.414323849452074,145.06206576660068,-37.91064,145.13647
rmit_city,22617,Upper Plenty,44.598479396230005,-37.414323849452074,145.06206576660068,-37.80825,144.96239
unimelb_parkville,22617,Upper Plenty,43.121131223199995,-37.414323849452074,145.06206576660068,-37.79468,144.9625
monash_clayton,22620,Upwey,16.66304682555,-37.90408038153634,145.32576495738581,-37.91064,145.13647
rmit_city,22620,Upwey,33.70088735818,-37.90408038153634,145.32576495738581,-37.80825,144.96239
unimelb_parkville,22620,Upwey,34.19981683037,-37.90408038153634,145.32576495738581,-37.79468,144.9625
monash_clayton,22757,West Melbourne,22.00578460622,-37.81084660263153,144.92038717079285,-37.91064,145.13647
rmit_city,22757,West Melbourne,3.7099437356,-37.81084660263153,144.92038717079285,-37.80825,144.96239
unimelb_parkville,22757,West Melbourne,4.12003283275,-37.81084660263153,144.92038717079285,-37.79468,144.9625
monash_clayton,22627,Vermont,9.744126718310001,-37.8385202259117,145.19962036135163,-37.91064,145.13647
rmit_city,22627,Vermont,21.15489472471,-37.8385202259117,145.19962036135163,-37.80825,144.96239
unimelb_parkville,22627,Vermont,21.43814957897,-37.8385202259117,145.19962036135163,-37.79468,144.9625
monash_clayton,22628,Vermont South,7.6329529658499995,-37.85530360967945,145.18798461901665,-37.91064,145.13647
rmit_city,22628,Vermont South,20.53493751286,-37.85530360967945,145.18798461901665,-37.80825,144.96239
unimelb_parkville,22628,Vermont South,20.96120624512,-37.85530360967945,145.18798461901665,-37.79468,144.9625
monash_clayton,22629,Vervale,52.57598540504,-38.138182608989936,145.6616484498108,-37.91064,145.13647
rmit_city,22629,Vervale,71.52571736979,-38.138182608989936,145.6616484498108,-37.80825,144.96239
unimelb_parkville,22629,Vervale,72.30502778485999,-38.138182608989936,145.6616484498108,-37.79468,144.9625
monash_clayton,22791,Williams Landing,34.880645895330005,-37.863395368709206,144.74445678210083,-37.91064,145.13647
rmit_city,22791,Williams Landing,20.13696473679,-37.863395368709206,144.74445678210083,-37.80825,144.96239
unimelb_parkville,22791,Williams Landing,20.65533377205,-37.863395368709206,144.74445678210083,-37.79468,144.9625
monash_clayton,22792,Williamstown (Vic.),22.506391966669998,-37.860876658702324,144.8884483600063,-37.91064,145.13647
rmit_city,22792,Williamstown (Vic.),8.745701758020001,-37.860876658702324,144.8884483600063,-37.80825,144.96239
unimelb_parkville,22792,Williamstown (Vic.),9.82270343533,-37.860876658702324,144.8884483600063,-37.79468,144.9625
monash_clayton,22633,Viewbank,19.28553487811,-37.74055329704989,145.0917005125999,-37.91064,145.13647
rmit_city,22633,Viewbank,13.647095831049999,-37.74055329704989,145.0917005125999,-37.80825,144.96239
unimelb_parkville,22633,Viewbank,12.87169754219,-37.74055329704989,145.0917005125999,-37.79468,144.9625
monash_clayton,22661,Wallan,57.93403804577,-37.40689286238677,144.96447437824364,-37.91064,145.13647
rmit_city,22661,Wallan,44.54663369067,-37.40689286238677,144.96447437824364,-37.80825,144.96239
unimelb_parkville,22661,Wallan,43.04043537042,-37.40689286238677,144.96447437824364,-37.79468,144.9625
monash_clayton,22672,Wandin East,30.06907262133,-37.8130999212288,145.4552590095702,-37.91064,145.13647
rmit_city,22672,Wandin East,43.4042416878,-37.8130999212288,145.4552590095702,-37.80825,144.96239
unimelb_parkville,22672,Wandin East,43.44332103166,-37.8130999212288,145.4552590095702,-37.79468,144.9625
monash_clayton,22673,Wandin North,29.40985752478,-37.779750795383954,145.42699558360388,-37.91064,145.13647
rmit_city,22673,Wandin North,41.04336953199,-37.779750795383954,145.42699558360388,-37.80825,144.96239
unimelb_parkville,22673,Wandin North,40.948888279769996,-37.779750795383954,145.42699558360388,-37.79468,144.9625
monash_clayton,22676,Wandong,62.09607562189,-37.35664279132785,145.03825064076557,-37.91064,145.13647
rmit_city,22676,Wandong,50.56913858542,-37.35664279132785,145.03825064076557,-37.80825,144.96239
unimelb_parkville,22676,Wandong,49.07541126145,-37.35664279132785,145.03825064076557,-37.79468,144.9625
monash_clayton,22685,Wantirna,10.05229839604,-37.853326723992744,145.22494443184652,-37.91064,145.13647
rmit_city,22685,Wantirna,23.64898164843,-37.853326723992744,145.22494443184652,-37.80825,144.96239
unimelb_parkville,22685,Wantirna,24.00550820692,-37.853326723992744,145.22494443184652,-37.79468,144.9625
monash_clayton,22686,Wantirna South,8.6684012785,-37.87075994220102,145.2211994395026,-37.91064,145.13647
rmit_city,22686,Wantirna South,23.81442188558,-37.87075994220102,145.2211994395026,-37.80825,144.96239
unimelb_parkville,22686,Wantirna South,24.28887224557,-37.87075994220102,145.2211994395026,-37.79468,144.9625
monash_clayton,22689,Warburton (Vic.),53.08972551241,-37.73435280460574,145.69701613474982,-37.91064,145.13647
rmit_city,22689,Warburton (Vic.),65.24133144443,-37.73435280460574,145.69701613474982,-37.80825,144.96239
unimelb_parkville,22689,Warburton (Vic.),65.06538299763,-37.73435280460574,145.69701613474982,-37.79468,144.9625
monash_clayton,22695,Warneet,38.88693590015,-38.22883414726183,145.32190638594244,-37.91064,145.13647
rmit_city,22695,Warneet,56.355601429560004,-38.22883414726183,145.32190638594244,-37.80825,144.96239
unimelb_parkville,22695,Warneet,57.60574741811,-38.22883414726183,145.32190638594244,-37.79468,144.9625
monash_clayton,22702,Warrandyte,18.859230832199998,-37.75113186629347,145.2102854903647,-37.91064,145.13647
rmit_city,22702,Warrandyte,22.73983481155,-37.75113186629347,145.2102854903647,-37.80825,144.96239
unimelb_parkville,22702,Warrandyte,22.359234595260002,-37.75113186629347,145.2102854903647,-37.79468,144.9625
monash_clayton,22703,Warrandyte South,19.40644132736,-37.758563726788154,145.2452485352248,-37.91064,145.13647
rmit_city,22703,Warrandyte South,25.5200307645,-37.758563726788154,145.2452485352248,-37.80825,144.96239
unimelb_parkville,22703,Warrandyte South,25.230115775599998,-37.758563726788154,145.2452485352248,-37.79468,144.9625
monash_clayton,22704,Warranwood,18.33582621126,-37.77251970219912,145.25074743007207,-37.91064,145.13647
rmit_city,22704,Warranwood,25.70679681771,-37.77251970219912,145.25074743007207,-37.80825,144.96239
unimelb_parkville,22704,Warranwood,25.510536088469998,-37.77251970219912,145.25074743007207,-37.79468,144.9625
monash_clayton,22717,Waterford Park,68.00987127863,-37.30041990337605,145.06638582079887,-37.91064,145.13647
rmit_city,22717,Waterford Park,57.10723800392,-37.30041990337605,145.06638582079887,-37.80825,144.96239
unimelb_parkville,22717,Waterford Park,55.61975468245,-37.30041990337605,145.06638582079887,-37.79468,144.9625
monash_clayton,22720,Waterways,11.61660743961,-38.01516629692905,145.12983763648575,-37.91064,145.13647
rmit_city,22720,Waterways,27.28167571661,-38.01516629692905,145.12983763648575,-37.80825,144.96239
unimelb_parkville,22720,Waterways,28.55690206802,-38.01516629692905,145.12983763648575,-37.79468,144.9625
monash_clayton,22727,Wattle Glen,26.98095673545,-37.67100140494078,145.18789058167448,-37.91064,145.13647
rmit_city,22727,Wattle Glen,25.04228298296,-37.67100140494078,145.18789058167448,-37.80825,144.96239
unimelb_parkville,22727,Wattle Glen,24.14918176307,-37.67100140494078,145.18789058167448,-37.79468,144.9625
monash_clayton,22740,Weir Views,53.74518717567,-37.73057119913023,144.56982401001721,-37.91064,145.13647
rmit_city,22740,Weir Views,35.646072403190004,-37.73057119913023,144.56982401001721,-37.80825,144.96239
unimelb_parkville,22740,Weir Views,35.32462072028,-37.73057119913023,144.56982401001721,-37.79468,144.9625
monash_clayton,22750,Werribee,43.638390531889996,-37.908159029798064,144.64025246488362,-37.91064,145.13647
rmit_city,22750,Werribee,30.44026407816,-37.908159029798064,144.64025246488362,-37.80825,144.96239
unimelb_parkville,22750,Werribee,31.03190508327,-37.908159029798064,144.64025246488362,-37.79468,144.9625
monash_clayton,22793,Williamstown North,24.540228845090002,-37.85276777277489,144.86724486474677,-37.91064,145.13647
rmit_city,22793,Williamstown North,9.72486646506,-37.85276777277489,144.86724486474677,-37.80825,144.96239
unimelb_parkville,22793,Williamstown North,10.57833984685,-37.85276777277489,144.86724486474677,-37.79468,144.9625
monash_clayton,22751,Werribee South,38.25824028608999,-37.933687668773274,144.7023209055154,-37.91064,145.13647
rmit_city,22751,Werribee South,26.7852936639,-37.933687668773274,144.7023209055154,-37.80825,144.96239
unimelb_parkville,22751,Werribee South,27.607967300650003,-37.933687668773274,144.7023209055154,-37.79468,144.9625
monash_clayton,22753,Wesburn,46.74444221812,-37.76640313705934,145.6353930099236,-37.91064,145.13647
rmit_city,22753,Wesburn,59.4633558147,-37.76640313705934,145.6353930099236,-37.80825,144.96239
unimelb_parkville,22753,Wesburn,59.36043954054,-37.76640313705934,145.6353930099236,-37.79468,144.9625
monash_clayton,22761,Westmeadows,33.63923109896,-37.67593369496303,144.89483385372804,-37.91064,145.13647
rmit_city,22761,Westmeadows,15.84716724348,-37.67593369496303,144.89483385372804,-37.80825,144.96239
unimelb_parkville,22761,Westmeadows,14.46665330131,-37.67593369496303,144.89483385372804,-37.79468,144.9625
monash_clayton,22766,Wheelers Hill,4.1040584384,-37.90718083369323,145.18293364600655,-37.91064,145.13647
rmit_city,22766,Wheelers Hill,22.2992371665,-37.90718083369323,145.18293364600655,-37.80825,144.96239
unimelb_parkville,22766,Wheelers Hill,23.07152860274,-37.90718083369323,145.18293364600655,-37.79468,144.9625
monash_clayton,22775,Whittlesea,49.22467068247,-37.467328853812774,145.12005372287481,-37.91064,145.13647
rmit_city,22775,Whittlesea,40.31645843618,-37.467328853812774,145.12005372287481,-37.80825,144.96239
unimelb_parkville,22775,Whittlesea,38.90330813008,-37.467328853812774,145.12005372287481,-37.79468,144.9625
monash_clayton,22784,Wildwood,48.496760362239996,-37.565193535274,144.79956507564347,-37.91064,145.13647
rmit_city,22784,Wildwood,30.56176339447,-37.565193535274,144.79956507564347,-37.80825,144.96239
unimelb_parkville,22784,Wildwood,29.2462401672,-37.565193535274,144.79956507564347,-37.79468,144.9625
monash_clayton,22892,Yallambie,20.806852239439998,-37.72685520050363,145.0899009177732,-37.91064,145.13647
rmit_city,22892,Yallambie,14.41659769882,-37.72685520050363,145.0899009177732,-37.80825,144.96239
unimelb_parkville,22892,Yallambie,13.51658838979,-37.72685520050363,145.0899009177732,-37.79468,144.9625
monash_clayton,22898,Yan Yean,39.91366503461,-37.55105955863448,145.13061975634633,-37.91064,145.13647
rmit_city,22898,Yan Yean,32.172697064939996,-37.55105955863448,145.13061975634633,-37.80825,144.96239
unimelb_parkville,22898,Yan Yean,30.840134518430002,-37.55105955863448,145.13061975634633,-37.79468,144.9625
monash_clayton,22906,Yannathan,56.7825600616,-38.22201545932695,145.64987218614172,-37.91064,145.13647
rmit_city,22906,Yannathan,75.85401857910999,-38.22201545932695,145.64987218614172,-37.80825,144.96239
unimelb_parkville,22906,Yannathan,76.77206498503,-38.22201545932695,145.64987218614172,-37.79468,144.9625
monash_clayton,22910,Yarra Glen,36.14629359631,-37.6499721627038,145.38243151916564,-37.91064,145.13647
rmit_city,22910,Yarra Glen,40.984470029069996,-37.6499721627038,145.38243151916564,-37.80825,144.96239
unimelb_parkville,22910,Yarra Glen,40.35602203113,-37.6499721627038,145.38243151916564,-37.79468,144.9625
monash_clayton,22911,Yarra Junction,45.018763648109996,-37.7962947853978,145.62725862234052,-37.91064,145.13647
rmit_city,22911,Yarra Junction,58.56840293396,-37.7962947853978,145.62725862234052,-37.80825,144.96239
unimelb_parkville,22911,Yarra Junction,58.549311593389994,-37.7962947853978,145.62725862234052,-37.79468,144.9625
monash_clayton,22916,Yarrambat,30.28082009474,-37.637820689314005,145.13659714723195,-37.91064,145.13647
rmit_city,22916,Yarrambat,24.36598710996,-37.637820689314005,145.13659714723195,-37.80825,144.96239
unimelb_parkville,22916,Yarrambat,23.210626554260003,-37.637820689314005,145.13659714723195,-37.79468,144.9625
monash_clayton,22917,Yarraville,24.58641939271,-37.81788056902191,144.88273822394186,-37.91064,145.13647
rmit_city,22917,Yarraville,7.09471969003,-37.81788056902191,144.88273822394186,-37.80825,144.96239
unimelb_parkville,22917,Yarraville,7.4812137566,-37.81788056902191,144.88273822394186,-37.79468,144.9625
monash_clayton,22925,Yellingbo,34.58251296583,-37.84836297145245,145.52162821137296,-37.91064,145.13647
rmit_city,22925,Yellingbo,49.434393257429996,-37.84836297145245,145.52162821137296,-37.80825,144.96239
unimelb_parkville,22925,Yellingbo,49.58759496447,-37.84836297145245,145.52162821137296,-37.79468,144.9625
monash_clayton,22930,Yering,32.45986001451,-37.683567723982215,145.368726000456,-37.91064,145.13647
rmit_city,22930,Yering,38.39303846972,-37.683567723982215,145.368726000456,-37.80825,144.96239
unimelb_parkville,22930,Yering,37.87013473501,-37.683567723982215,145.368726000456,-37.79468,144.9625
