campus_id,sal_code,suburb_name,straight_line_km,census_year,population_total,population_18_24,share_18_24_pct
monash_clayton,20002,Abbotsford (Vic.),16.88454367169,2021,9088,764,8.41
rmit_city,20002,Abbotsford (Vic.),3.35279067878,2021,9088,764,8.41
unimelb_parkville,20002,Abbotsford (Vic.),3.4530551906199998,2021,9088,764,8.41
monash_clayton,20003,Aberfeldie,26.93781208052,2021,3925,462,11.77
rmit_city,20003,Aberfeldie,7.89565435506,2021,3925,462,11.77
unimelb_parkville,20003,Aberfeldie,6.96934964738,2021,3925,462,11.77
monash_clayton,20731,Delahey,38.146567497099994,2021,8077,788,9.76
rmit_city,20731,Delahey,19.11534880494,2021,8077,788,9.76
unimelb_parkville,20731,Delahey,18.389334915830002,2021,8077,788,9.76
monash_clayton,20011,Aintree,46.811225567250005,2021,7982,504,6.31
rmit_city,20011,Aintree,28.16688818971,2021,7982,504,6.31
unimelb_parkville,20011,Aintree,27.67570761157,2021,7982,504,6.31
monash_clayton,20015,Airport West,30.73281310024,2021,8173,534,6.53
rmit_city,20015,Airport West,11.949355526769999,2021,8173,534,6.53
unimelb_parkville,20015,Airport West,10.79534685994,2021,8173,534,6.53
monash_clayton,20017,Albanvale,37.14771783686,2021,5641,487,8.63
rmit_city,20017,Albanvale,18.377895799890002,2021,5641,487,8.63
unimelb_parkville,20017,Albanvale,17.877554990180002,2021,5641,487,8.63
monash_clayton,20037,Altona North,27.88451475878,2021,12962,821,6.33
rmit_city,20037,Altona North,11.830953248190001,2021,12962,821,6.33
unimelb_parkville,20037,Altona North,12.34123059803,2021,12962,821,6.33
monash_clayton,20018,Albert Park (Vic.),17.8242972892,2021,6044,355,5.87
rmit_city,20018,Albert Park (Vic.),4.2185516613,2021,6044,355,5.87
unimelb_parkville,20018,Albert Park (Vic.),5.69687326349,2021,6044,355,5.87
monash_clayton,20021,Albion (Vic.),31.98399340368,2021,4334,392,9.04
rmit_city,20021,Albion (Vic.),13.442179849390001,2021,4334,392,9.04
unimelb_parkville,20021,Albion (Vic.),13.128832607480001,2021,4334,392,9.04
monash_clayton,20034,Alphington,17.43573140359,2021,5702,489,8.58
rmit_city,20034,Alphington,6.83411387971,2021,5702,489,8.58
unimelb_parkville,20034,Alphington,6.22866876744,2021,5702,489,8.58
monash_clayton,20062,Ardeer,33.16377206769,2021,3170,216,6.81
rmit_city,20062,Ardeer,14.71779284266,2021,3170,216,6.81
unimelb_parkville,20062,Ardeer,14.42930705262,2021,3170,216,6.81
monash_clayton,20035,Altona (Vic.),28.75823588587,2021,11490,634,5.52
rmit_city,20035,Altona (Vic.),14.29708002834,2021,11490,634,5.52
unimelb_parkville,20035,Altona (Vic.),15.00535033823,2021,11490,634,5.52
monash_clayton,20036,Altona Meadows,31.165205742919998,2021,18479,1342,7.26
rmit_city,20036,Altona Meadows,17.580191785700002,2021,18479,1342,7.26
unimelb_parkville,20036,Altona Meadows,18.32058071101,2021,18479,1342,7.26
monash_clayton,20066,Armadale (Vic.),11.85962760847,2021,9368,809,8.64
rmit_city,20066,Armadale (Vic.),7.42558705236,2021,9368,809,8.64
unimelb_parkville,20066,Armadale (Vic.),8.58868229218,2021,9368,809,8.64
monash_clayton,20072,Arthurs Seat,52.28164784353,2021,414,22,5.31
rmit_city,20072,Arthurs Seat,61.29884956341,2021,414,22,5.31
unimelb_parkville,20072,Arthurs Seat,62.80504664765,2021,414,22,5.31
monash_clayton,20121,Balnarring Beach,53.441222954850005,2021,471,33,7.01
rmit_city,20121,Balnarring Beach,66.26571501235,2021,471,33,7.01
unimelb_parkville,20121,Balnarring Beach,67.73733413267,2021,471,33,7.01
monash_clayton,20071,Arthurs Creek,38.573338856709995,2021,478,52,10.88
rmit_city,20071,Arthurs Creek,34.144426980409996,2021,478,52,10.88
unimelb_parkville,20071,Arthurs Creek,32.97212110172,2021,478,52,10.88
monash_clayton,20075,Ascot Vale,25.01906995067,2021,15197,1217,8.01
rmit_city,20075,Ascot Vale,5.9603983925,2021,15197,1217,8.01
unimelb_parkville,20075,Ascot Vale,5.33023272335,2021,15197,1217,8.01
monash_clayton,20120,Balnarring,49.94363552168,2021,2371,129,5.44
rmit_city,20120,Balnarring,62.90823358611,2021,2371,129,5.44
unimelb_parkville,20120,Balnarring,64.37485441714,2021,2371,129,5.44
monash_clayton,20171,Bayles,48.61240199118,2021,445,31,6.97
rmit_city,20171,Bayles,67.68431343399999,2021,445,31,6.97
unimelb_parkville,20171,Bayles,68.6016645652,2021,445,31,6.97
monash_clayton,20173,Bayswater (Vic.),13.484696152820002,2021,12262,931,7.59
rmit_city,20173,Bayswater (Vic.),27.08595286673,2021,12262,931,7.59
unimelb_parkville,20173,Bayswater (Vic.),27.35297900601,2021,12262,931,7.59
monash_clayton,20077,Ashburton,6.95340242799,2021,7952,673,8.46
rmit_city,20077,Ashburton,12.21466066974,2021,7952,673,8.46
unimelb_parkville,20077,Ashburton,13.0749813019,2021,7952,673,8.46
monash_clayton,20078,Ashwood,5.8052490711199995,2021,7154,590,8.25
rmit_city,20078,Ashwood,13.88804030132,2021,7154,590,8.25
unimelb_parkville,20078,Ashwood,14.63490872452,2021,7154,590,8.25
monash_clayton,20079,Aspendale,12.71774926176,2021,7285,542,7.44
rmit_city,20079,Aspendale,26.78233862997,2021,7285,542,7.44
unimelb_parkville,20079,Aspendale,28.12250497521,2021,7285,542,7.44
monash_clayton,20080,Aspendale Gardens,12.632772035190001,2021,6427,623,9.69
rmit_city,20080,Aspendale Gardens,27.81479343209,2021,6427,623,9.69
unimelb_parkville,20080,Aspendale Gardens,29.1174146553,2021,6427,623,9.69
monash_clayton,20198,Bellfield (Banyule - Vic.),19.48732659317,2021,1996,161,8.07
rmit_city,20198,Bellfield (Banyule - Vic.),9.087282834740002,2021,1996,161,8.07
unimelb_parkville,20198,Bellfield (Banyule - Vic.),8.14230104424,2021,1996,161,8.07
monash_clayton,20082,Attwood,35.069549786050004,2021,3309,348,10.52
rmit_city,20082,Attwood,17.166634216040002,2021,3309,348,10.52
unimelb_parkville,20082,Attwood,15.808269135820002,2021,3309,348,10.52
monash_clayton,20089,Avondale Heights,29.118783590129997,2021,12388,822,6.64
rmit_city,20089,Avondale Heights,10.092116762469999,2021,12388,822,6.64
unimelb_parkville,20089,Avondale Heights,9.44497316107,2021,12388,822,6.64
monash_clayton,20091,Avonsleigh,30.38936857848,2021,844,53,6.28
rmit_city,20091,Avonsleigh,47.20226132279,2021,844,53,6.28
unimelb_parkville,20091,Avonsleigh,47.59295321362,2021,844,53,6.28
monash_clayton,20207,Bend Of Islands,26.46290170098,2021,267,15,5.62
rmit_city,20207,Bend Of Islands,30.270624035730002,2021,267,15,5.62
unimelb_parkville,20207,Bend Of Islands,29.69961797727,2021,267,15,5.62
monash_clayton,22598,Tynong,47.34884469324,2021,523,65,12.43
rmit_city,22598,Tynong,66.17921609359,2021,523,65,12.43
unimelb_parkville,22598,Tynong,66.91122172668,2021,523,65,12.43
monash_clayton,20095,Bacchus Marsh,66.55255499999,2021,7808,540,6.92
rmit_city,20095,Bacchus Marsh,48.2555054059,2021,7808,540,6.92
unimelb_parkville,20095,Bacchus Marsh,47.839384501510004,2021,7808,540,6.92
monash_clayton,20097,Badger Creek,43.156520104360006,2021,1610,107,6.65
rmit_city,20097,Badger Creek,52.47888274135,2021,1610,107,6.65
unimelb_parkville,20097,Badger Creek,52.11163652853,2021,1610,107,6.65
monash_clayton,20105,Balaclava (Vic.),13.229232158930001,2021,5392,473,8.77
rmit_city,20105,Balaclava (Vic.),7.48489885057,2021,5392,473,8.77
unimelb_parkville,20105,Balaclava (Vic.),8.89277824356,2021,5392,473,8.77
monash_clayton,20123,Balwyn,11.9631347287,2021,13495,1254,9.29
rmit_city,20123,Balwyn,11.00501237839,2021,13495,1254,9.29
unimelb_parkville,20123,Balwyn,11.12747529642,2021,13495,1254,9.29
monash_clayton,20124,Balwyn North,14.06718357103,2021,21302,2219,10.42
rmit_city,20124,Balwyn North,10.93878986886,2021,21302,2219,10.42
unimelb_parkville,20124,Balwyn North,10.76516909433,2021,21302,2219,10.42
monash_clayton,20131,Bangholme,15.37970883994,2021,749,26,3.47
rmit_city,20131,Bangholme,32.349341833800004,2021,749,26,3.47
unimelb_parkville,20131,Bangholme,33.58314136376,2021,749,26,3.47
monash_clayton,20169,Baxter,31.94810021003,2021,2166,177,8.17
rmit_city,20169,Baxter,46.493839592650005,2021,2166,177,8.17
unimelb_parkville,20169,Baxter,47.89573428153,2021,2166,177,8.17
monash_clayton,20174,Bayswater North,16.035872005679998,2021,9014,637,7.07
rmit_city,20174,Bayswater North,28.38923350496,2021,9014,637,7.07
unimelb_parkville,20174,Bayswater North,28.52551761716,2021,9014,637,7.07
monash_clayton,20175,Beaconsfield (Vic.),25.798107381180003,2021,7267,755,10.39
rmit_city,20175,Beaconsfield (Vic.),44.85925797782,2021,7267,755,10.39
unimelb_parkville,20175,Beaconsfield (Vic.),45.73230325433,2021,7267,755,10.39
monash_clayton,20176,Beaconsfield Upper,27.211274009559997,2021,2997,255,8.51
rmit_city,20176,Beaconsfield Upper,45.88207338221,2021,2997,255,8.51
unimelb_parkville,20176,Beaconsfield Upper,46.58991516655,2021,2997,255,8.51
monash_clayton,20182,Beaumaris (Vic.),11.81632456402,2021,13947,1118,8.02
rmit_city,20182,Beaumaris (Vic.),20.5481294362,2021,13947,1118,8.02
unimelb_parkville,20182,Beaumaris (Vic.),21.97534294755,2021,13947,1118,8.02
monash_clayton,20254,Blackburn South,7.9753412085,2021,10939,890,8.14
rmit_city,20254,Blackburn South,16.62135521624,2021,10939,890,8.14
unimelb_parkville,20254,Blackburn South,16.98959732701,2021,10939,890,8.14
monash_clayton,20257,Blairgowrie,60.17667898099,2021,2786,134,4.81
rmit_city,20257,Blairgowrie,64.6064605911,2021,2786,134,4.81
unimelb_parkville,20257,Blairgowrie,66.06625754346,2021,2786,134,4.81
monash_clayton,20187,Beenak,44.01067938386,2021,17,0,0.00
rmit_city,20187,Beenak,60.22363589313,2021,17,0,0.00
unimelb_parkville,20187,Beenak,60.493769938010004,2021,17,0,0.00
monash_clayton,20188,Belgrave,19.094298811119998,2021,3894,285,7.32
rmit_city,20188,Belgrave,36.26998690837,2021,3894,285,7.32
unimelb_parkville,20188,Belgrave,36.76576383002,2021,3894,285,7.32
monash_clayton,20743,Derrimut,34.490361092890005,2021,8651,659,7.62
rmit_city,20743,Derrimut,16.89292803591,2021,8651,659,7.62
unimelb_parkville,20743,Derrimut,16.87490412673,2021,8651,659,7.62
monash_clayton,20189,Belgrave Heights,18.2701399992,2021,1398,117,8.37
rmit_city,20189,Belgrave Heights,35.96774638139,2021,1398,117,8.37
unimelb_parkville,20189,Belgrave Heights,36.53436535757,2021,1398,117,8.37
monash_clayton,20190,Belgrave South,19.57329211962,2021,1670,147,8.80
rmit_city,20190,Belgrave South,37.630010350670005,2021,1670,147,8.80
unimelb_parkville,20190,Belgrave South,38.24138735608,2021,1670,147,8.80
monash_clayton,20748,Devon Meadows,32.57462358465,2021,1551,129,8.32
rmit_city,20748,Devon Meadows,50.42708995127,2021,1551,129,8.32
unimelb_parkville,20748,Devon Meadows,51.63234022118,2021,1551,129,8.32
monash_clayton,20212,Benloch,88.54355254357999,2021,138,0,0.00
rmit_city,20212,Benloch,71.97459967821,2021,138,0,0.00
unimelb_parkville,20212,Benloch,70.56555475872,2021,138,0,0.00
monash_clayton,20214,Bentleigh,8.79302613246,2021,17921,1526,8.52
rmit_city,20214,Bentleigh,14.321628435540001,2021,17921,1526,8.52
unimelb_parkville,20214,Bentleigh,15.66884377025,2021,17921,1526,8.52
monash_clayton,20215,Bentleigh East,6.23951079281,2021,30159,2268,7.52
rmit_city,20215,Bentleigh East,15.63153104337,2021,30159,2268,7.52
unimelb_parkville,20215,Bentleigh East,16.86739278383,2021,30159,2268,7.52
monash_clayton,20224,Berwick,23.35144400338,2021,50298,4505,8.96
rmit_city,20224,Berwick,42.418739795920004,2021,50298,4505,8.96
unimelb_parkville,20224,Berwick,43.35016458335,2021,50298,4505,8.96
monash_clayton,20278,Bonbeach,16.92865968343,2021,6855,379,5.53
rmit_city,20278,Bonbeach,31.804240345369998,2021,6855,379,5.53
unimelb_parkville,20278,Bonbeach,33.14687555883,2021,6855,379,5.53
monash_clayton,20616,Collingwood (Vic.),17.77108699287,2021,9179,729,7.94
rmit_city,20616,Collingwood (Vic.),2.3780729177,2021,9179,729,7.94
unimelb_parkville,20616,Collingwood (Vic.),2.4026855167,2021,9179,729,7.94
monash_clayton,20233,Beveridge,50.33225232995,2021,4642,339,7.30
rmit_city,20233,Beveridge,36.92807443272,2021,4642,339,7.30
unimelb_parkville,20233,Beveridge,35.42231721064,2021,4642,339,7.30
monash_clayton,20237,Big Pats Creek,57.44215926223,2021,60,0,0.00
rmit_city,20237,Big Pats Creek,70.57008668065,2021,60,0,0.00
unimelb_parkville,20237,Big Pats Creek,70.47223501769001,2021,60,0,0.00
monash_clayton,20248,Bittern,47.560712493059995,2021,4276,302,7.06
rmit_city,20248,Bittern,61.52882435684,2021,4276,302,7.06
unimelb_parkville,20248,Bittern,62.96866489457,2021,4276,302,7.06
monash_clayton,20666,Cranbourne West,23.33944721975,2021,19969,1569,7.86
rmit_city,20666,Cranbourne West,41.170153558639996,2021,19969,1569,7.86
unimelb_parkville,20666,Cranbourne West,42.36200480621,2021,19969,1569,7.86
monash_clayton,20251,Black Rock (Vic.),12.08482931829,2021,6389,461,7.22
rmit_city,20251,Black Rock (Vic.),19.14785416603,2021,6389,461,7.22
unimelb_parkville,20251,Black Rock (Vic.),20.593792973430002,2021,6389,461,7.22
monash_clayton,20252,Blackburn,9.97722364497,2021,14478,1359,9.39
rmit_city,20252,Blackburn,16.67302356375,2021,14478,1359,9.39
unimelb_parkville,20252,Blackburn,16.8645915661,2021,14478,1359,9.39
monash_clayton,20253,Blackburn North,11.88907357766,2021,7627,621,8.14
rmit_city,20253,Blackburn North,16.997056426849998,2021,7627,621,8.14
unimelb_parkville,20253,Blackburn North,17.01950854647,2021,7627,621,8.14
monash_clayton,20260,Blind Bight,37.945744892579995,2021,1290,99,7.67
rmit_city,20260,Blind Bight,55.69658344391,2021,1290,99,7.67
unimelb_parkville,20260,Blind Bight,56.91877290203,2021,1290,99,7.67
monash_clayton,20272,Bolinda,61.322894589410005,2021,185,9,4.86
rmit_city,20272,Bolinda,44.240806301179994,2021,185,9,4.86
unimelb_parkville,20272,Bolinda,42.85076577078,2021,185,9,4.86
monash_clayton,20280,Boneo,59.00071573676,2021,314,7,2.23
rmit_city,20280,Boneo,66.87482774896999,2021,314,7,2.23
unimelb_parkville,20280,Boneo,68.37712248973999,2021,314,7,2.23
monash_clayton,20282,Bonnie Brook,47.7684078849,2021,333,21,6.31
rmit_city,20282,Bonnie Brook,28.90473425953,2021,333,21,6.31
unimelb_parkville,20282,Bonnie Brook,28.294280885470002,2021,333,21,6.31
monash_clayton,20304,Boronia,14.91098972691,2021,23607,1705,7.22
rmit_city,20304,Boronia,29.290207019969998,2021,23607,1705,7.22
unimelb_parkville,20304,Boronia,29.580994089070003,2021,23607,1705,7.22
monash_clayton,20307,Botanic Ridge,27.18920652443,2021,6739,474,7.03
rmit_city,20307,Botanic Ridge,44.62701513375,2021,6739,474,7.03
unimelb_parkville,20307,Botanic Ridge,45.86273269746,2021,6739,474,7.03
monash_clayton,20314,Box Hill (Vic.),9.93726322232,2021,14353,2206,15.37
rmit_city,20314,Box Hill (Vic.),14.4896844601,2021,14353,2206,15.37
unimelb_parkville,20314,Box Hill (Vic.),14.710698000419999,2021,14353,2206,15.37
monash_clayton,21163,Heatherton,6.46145237816,2021,2826,202,7.15
rmit_city,21163,Heatherton,19.811898804019997,2021,2826,202,7.15
unimelb_parkville,21163,Heatherton,21.06713825879,2021,2826,202,7.15
monash_clayton,20315,Box Hill North,11.716785095659999,2021,12337,1164,9.44
rmit_city,20315,Box Hill North,14.69510408646,2021,12337,1164,9.44
unimelb_parkville,20315,Box Hill North,14.72960309844,2021,12337,1164,9.44
monash_clayton,20411,Bunyip,55.628308014119995,2021,3131,226,7.22
rmit_city,20411,Bunyip,74.29145958964,2021,3131,226,7.22
unimelb_parkville,20411,Bunyip,74.96318272293999,2021,3131,226,7.22
monash_clayton,21165,Heathmont,13.23909985376,2021,9933,742,7.47
rmit_city,21165,Heathmont,25.09463631998,2021,9933,742,7.47
unimelb_parkville,21165,Heathmont,25.27023490569,2021,9933,742,7.47
monash_clayton,20316,Box Hill South,8.282101294419999,2021,8491,845,9.95
rmit_city,20316,Box Hill South,14.519963271329999,2021,8491,845,9.95
unimelb_parkville,20316,Box Hill South,14.91273177233,2021,8491,845,9.95
monash_clayton,20320,Braeside,10.21418275974,2021,25,0,0.00
rmit_city,20320,Braeside,25.774142423550003,2021,25,0,0.00
unimelb_parkville,20320,Braeside,27.03987143965,2021,25,0,0.00
monash_clayton,20523,Caulfield North,11.00808657192,2021,16903,1650,9.76
rmit_city,20523,Caulfield North,8.68946825486,2021,16903,1650,9.76
unimelb_parkville,20523,Caulfield North,9.92771671235,2021,16903,1650,9.76
monash_clayton,20324,Braybrook,28.3976794831,2021,9682,936,9.67
rmit_city,20324,Braybrook,9.765040429139999,2021,9682,936,9.67
unimelb_parkville,20324,Braybrook,9.48670922656,2021,9682,936,9.67
monash_clayton,20331,Briar Hill,22.7077804119,2021,3220,174,5.40
rmit_city,20331,Briar Hill,18.007615209,2021,3220,174,5.40
unimelb_parkville,20331,Briar Hill,17.095427436549997,2021,3220,174,5.40
monash_clayton,20412,Bunyip North,54.32569705144,2021,95,3,3.16
rmit_city,20412,Bunyip North,72.68406583637001,2021,95,3,3.16
unimelb_parkville,20412,Bunyip North,73.27842535331999,2021,95,3,3.16
monash_clayton,20337,Brighton (Vic.),12.28133857856,2021,23252,1814,7.80
rmit_city,20337,Brighton (Vic.),11.465328274800001,2021,23252,1814,7.80
unimelb_parkville,20337,Brighton (Vic.),12.92177252909,2021,23252,1814,7.80
monash_clayton,20338,Brighton East,10.68368672499,2021,16757,1287,7.68
rmit_city,20338,Brighton East,12.8694961312,2021,16757,1287,7.68
unimelb_parkville,20338,Brighton East,14.28142592088,2021,16757,1287,7.68
monash_clayton,20442,Calder Park,41.96746823129,2021,0,0,
rmit_city,20442,Calder Park,22.90845714934,2021,0,0,
unimelb_parkville,20442,Calder Park,21.984175380699998,2021,0,0,
monash_clayton,20524,Caulfield South,9.96772978606,2021,12328,885,7.18
rmit_city,20524,Caulfield South,11.04530637428,2021,12328,885,7.18
unimelb_parkville,20524,Caulfield South,12.36954873608,2021,12328,885,7.18
monash_clayton,20346,Broadmeadows (Vic.),31.93542939792,2021,12524,1288,10.28
rmit_city,20346,Broadmeadows (Vic.),14.73415466969,2021,12524,1288,10.28
unimelb_parkville,20346,Broadmeadows (Vic.),13.285679784849998,2021,12524,1288,10.28
monash_clayton,20351,Brookfield (Vic.),57.30154904287,2021,10782,919,8.52
rmit_city,20351,Brookfield (Vic.),38.93433510834,2021,10782,919,8.52
unimelb_parkville,20351,Brookfield (Vic.),38.51624546791,2021,10782,919,8.52
monash_clayton,20352,Brooklyn (Vic.),28.03832823059,2021,1979,149,7.53
rmit_city,20352,Brooklyn (Vic.),10.62553961568,2021,1979,149,7.53
unimelb_parkville,20352,Brooklyn (Vic.),10.83490991324,2021,1979,149,7.53
monash_clayton,20361,Brunswick (Vic.),22.24035269804,2021,24896,2646,10.63
rmit_city,20361,Brunswick (Vic.),4.600108785170001,2021,24896,2646,10.63
unimelb_parkville,20361,Brunswick (Vic.),3.09589052644,2021,24896,2646,10.63
monash_clayton,20487,Cardinia,36.25822913985,2021,342,35,10.23
rmit_city,20487,Cardinia,55.16077279966,2021,342,35,10.23
unimelb_parkville,20487,Cardinia,56.189020658809994,2021,342,35,10.23
monash_clayton,20670,Cremorne (Vic.),15.53949813491,2021,2158,189,8.76
rmit_city,20670,Cremorne (Vic.),3.5502012119599997,2021,2158,189,8.76
unimelb_parkville,20670,Cremorne (Vic.),4.67974503301,2021,2158,189,8.76
monash_clayton,20362,Brunswick East,21.03565990797,2021,13279,1220,9.19
rmit_city,20362,Brunswick East,4.59646826519,2021,13279,1220,9.19
unimelb_parkville,20362,Brunswick East,3.1877384005300002,2021,13279,1220,9.19
monash_clayton,20495,Carlton (Vic.),19.15908467086,2021,16055,4764,29.67
rmit_city,20495,Carlton (Vic.),1.09118359125,2021,16055,4764,29.67
unimelb_parkville,20495,Carlton (Vic.),0.84618360632,2021,16055,4764,29.67
monash_clayton,20728,Deepdene (Vic.),12.63211428376,2021,2101,214,10.19
rmit_city,20728,Deepdene (Vic.),9.14066822489,2021,2101,214,10.19
unimelb_parkville,20728,Deepdene (Vic.),9.31259401787,2021,2101,214,10.19
monash_clayton,20363,Brunswick West,23.460109907499998,2021,14746,1489,10.10
rmit_city,20363,Brunswick West,5.13159825857,2021,14746,1489,10.10
unimelb_parkville,20363,Brunswick West,3.73591861253,2021,14746,1489,10.10
monash_clayton,20381,Bulla (Vic.),42.78856802401,2021,668,58,8.68
rmit_city,20381,Bulla (Vic.),24.23389038052,2021,668,58,8.68
unimelb_parkville,20381,Bulla (Vic.),23.02990144243,2021,668,58,8.68
monash_clayton,20386,Bulleen,16.50143425603,2021,11219,906,8.08
rmit_city,20386,Bulleen,12.01609176092,2021,11219,906,8.08
unimelb_parkville,20386,Bulleen,11.5171786878,2021,11219,906,8.08
monash_clayton,20387,Bullengarook,73.51437838097,2021,714,47,6.58
rmit_city,20387,Bullengarook,54.49366197762,2021,714,47,6.58
unimelb_parkville,20387,Bullengarook,53.51265803807,2021,714,47,6.58
monash_clayton,20399,Bundoora (Vic.),24.124882065850002,2021,28068,3561,12.69
rmit_city,20399,Bundoora (Vic.),14.29669219817,2021,28068,3561,12.69
unimelb_parkville,20399,Bundoora (Vic.),13.08824460424,2021,28068,3561,12.69
monash_clayton,20418,Burnley,13.852153396379999,2021,794,80,10.08
rmit_city,20418,Burnley,5.33592951246,2021,794,80,10.08
unimelb_parkville,20418,Burnley,6.15076874279,2021,794,80,10.08
monash_clayton,20419,Burnside (Vic.),38.43553694805,2021,5800,481,8.29
rmit_city,20419,Burnside (Vic.),19.82099902891,2021,5800,481,8.29
unimelb_parkville,20419,Burnside (Vic.),19.39277817664,2021,5800,481,8.29
monash_clayton,20500,Caroline Springs,40.28292269766,2021,24488,2318,9.47
rmit_city,20500,Caroline Springs,21.48637686109,2021,24488,2318,9.47
unimelb_parkville,20500,Caroline Springs,20.94841148553,2021,24488,2318,9.47
monash_clayton,20420,Burnside Heights,38.832998464730004,2021,6377,532,8.34
rmit_city,20420,Burnside Heights,19.980140313979998,2021,6377,532,8.34
unimelb_parkville,20420,Burnside Heights,19.415229031710002,2021,6377,532,8.34
monash_clayton,20507,Carrum,18.4945381994,2021,4239,260,6.13
rmit_city,20507,Carrum,33.18779412564,2021,4239,260,6.13
unimelb_parkville,20507,Carrum,34.54493579156,2021,4239,260,6.13
monash_clayton,20426,Burwood (Vic.),7.110473491,2021,15147,2531,16.71
rmit_city,20426,Burwood (Vic.),14.125269890330001,2021,15147,2531,16.71
unimelb_parkville,20426,Burwood (Vic.),14.66955413039,2021,15147,2531,16.71
monash_clayton,20427,Burwood East,6.42003432696,2021,10675,1045,9.79
rmit_city,20427,Burwood East,17.0604927842,2021,10675,1045,9.79
unimelb_parkville,20427,Burwood East,17.55514917325,2021,10675,1045,9.79
monash_clayton,20435,Bylands,64.70364034959,2021,117,4,3.42
rmit_city,20435,Bylands,50.81563830288,2021,117,4,3.42
unimelb_parkville,20435,Bylands,49.31238159143,2021,117,4,3.42
monash_clayton,20441,Cairnlea,35.078661871019996,2021,10038,1073,10.69
rmit_city,20441,Cairnlea,16.39580456673,2021,10038,1073,10.69
unimelb_parkville,20441,Cairnlea,15.96480125403,2021,10038,1073,10.69
monash_clayton,20443,Caldermeade,50.46371079183,2021,181,22,12.15
rmit_city,20443,Caldermeade,69.26086337976001,2021,181,22,12.15
unimelb_parkville,20443,Caldermeade,70.32639873929,2021,181,22,12.15
monash_clayton,21554,Lynbrook,19.33351230737,2021,9121,935,10.25
rmit_city,21554,Lynbrook,37.78614533798,2021,9121,935,10.25
unimelb_parkville,21554,Lynbrook,38.895133174310004,2021,9121,935,10.25
monash_clayton,20453,Camberwell (Vic.),9.945272859840001,2021,21965,2189,9.97
rmit_city,20453,Camberwell (Vic.),10.337992059460001,2021,21965,2189,9.97
unimelb_parkville,20453,Camberwell (Vic.),10.868691490729999,2021,21965,2189,9.97
monash_clayton,20455,Campbellfield,31.17315280938,2021,4977,430,8.64
rmit_city,20455,Campbellfield,15.728583012749999,2021,4977,430,8.64
unimelb_parkville,20455,Campbellfield,14.22249747296,2021,4977,430,8.64
monash_clayton,20466,Cannons Creek,37.20963927443,2021,650,41,6.31
rmit_city,20466,Cannons Creek,54.40158521931,2021,650,41,6.31
unimelb_parkville,20466,Cannons Creek,55.672994974859996,2021,650,41,6.31
monash_clayton,20508,Carrum Downs,20.98904410513,2021,21976,1749,7.96
rmit_city,20508,Carrum Downs,37.15514534653,2021,21976,1749,7.96
unimelb_parkville,20508,Carrum Downs,38.458630266120004,2021,21976,1749,7.96
monash_clayton,20468,Canterbury (Vic.),10.91127668547,2021,7800,762,9.77
rmit_city,20468,Canterbury (Vic.),10.26312293542,2021,7800,762,9.77
unimelb_parkville,20468,Canterbury (Vic.),10.62023399526,2021,7800,762,9.77
monash_clayton,20474,Cape Schanck,65.04428576264999,2021,569,15,2.64
rmit_city,20474,Cape Schanck,73.32573859599,2021,569,15,2.64
unimelb_parkville,20474,Cape Schanck,74.82904277102,2021,569,15,2.64
monash_clayton,20476,Capel Sound,55.941242130140004,2021,5246,243,4.63
rmit_city,20476,Capel Sound,62.87557194923,2021,5246,243,4.63
unimelb_parkville,20476,Capel Sound,64.37210183506,2021,5246,243,4.63
monash_clayton,20496,Carlton North,20.28986119947,2021,6177,737,11.93
rmit_city,20496,Carlton North,2.55471800486,2021,6177,737,11.93
unimelb_parkville,20496,Carlton North,1.11583147911,2021,6177,737,11.93
monash_clayton,20498,Carnegie,7.328555168189999,2021,17909,1675,9.35
rmit_city,20498,Carnegie,12.570196524310001,2021,17909,1675,9.35
unimelb_parkville,20498,Carnegie,13.73897752726,2021,17909,1675,9.35
monash_clayton,21555,Lyndhurst (Vic.),18.88524081834,2021,8926,650,7.28
rmit_city,21555,Lyndhurst (Vic.),36.78584640482,2021,8926,650,7.28
unimelb_parkville,21555,Lyndhurst (Vic.),37.959636497,2021,8926,650,7.28
monash_clayton,20512,Castella,51.014552983579996,2021,257,13,5.06
rmit_city,20512,Castella,52.847211608799995,2021,257,13,5.06
unimelb_parkville,20512,Castella,51.93789748762,2021,257,13,5.06
monash_clayton,20517,Catani,54.76378458506,2021,297,16,5.39
rmit_city,20517,Catani,73.83279388188001,2021,297,16,5.39
unimelb_parkville,20517,Catani,74.70898452587,2021,297,16,5.39
monash_clayton,20521,Caulfield,10.15323549137,2021,5748,507,8.82
rmit_city,20521,Caulfield,10.10469751163,2021,5748,507,8.82
unimelb_parkville,20521,Caulfield,11.38443319759,2021,5748,507,8.82
monash_clayton,20522,Caulfield East,8.92333909279,2021,1293,211,16.32
rmit_city,20522,Caulfield East,10.71144827401,2021,1293,211,16.32
unimelb_parkville,20522,Caulfield East,11.88555129076,2021,1293,211,16.32
monash_clayton,20528,Chadstone,4.486228443130001,2021,9552,891,9.33
rmit_city,20528,Chadstone,14.63420570831,2021,9552,891,9.33
unimelb_parkville,20528,Chadstone,15.5278541439,2021,9552,891,9.33
monash_clayton,20537,Chelsea,15.49221383723,2021,8347,459,5.50
rmit_city,20537,Chelsea,30.241380282239998,2021,8347,459,5.50
unimelb_parkville,20537,Chelsea,31.58026041286,2021,8347,459,5.50
monash_clayton,20538,Chelsea Heights,14.39978088446,2021,5393,373,6.92
rmit_city,20538,Chelsea Heights,29.83993499159,2021,5393,373,6.92
unimelb_parkville,20538,Chelsea Heights,31.14555338455,2021,5393,373,6.92
monash_clayton,20758,Dingley Village,7.106537926570001,2021,10495,812,7.74
rmit_city,20758,Dingley Village,23.314526244920003,2021,10495,812,7.74
unimelb_parkville,20758,Dingley Village,24.51584906691,2021,10495,812,7.74
monash_clayton,20539,Cheltenham (Vic.),9.02694749572,2021,23992,1672,6.97
rmit_city,20539,Cheltenham (Vic.),18.921842672039997,2021,23992,1672,6.97
unimelb_parkville,20539,Cheltenham (Vic.),20.28353317522,2021,23992,1672,6.97
monash_clayton,20541,Cherokee,71.70446003514,2021,68,0,0.00
rmit_city,20541,Cherokee,53.61317739567,2021,68,0,0.00
unimelb_parkville,20541,Cherokee,52.34585419253,2021,68,0,0.00
monash_clayton,20569,Clayton,0.68995048234,2021,18988,5132,27.03
rmit_city,20569,Clayton,19.02263883792,2021,18988,5132,27.03
unimelb_parkville,20569,Clayton,19.991616560679997,2021,18988,5132,27.03
monash_clayton,20555,Chintin,63.19827705473,2021,111,0,0.00
rmit_city,20555,Chintin,47.210106256450004,2021,111,0,0.00
unimelb_parkville,20555,Chintin,45.755728753759996,2021,111,0,0.00
monash_clayton,20570,Clayton South,3.8104142801200003,2021,13381,1423,10.63
rmit_city,20570,Clayton South,20.97415327848,2021,13381,1423,10.63
unimelb_parkville,20570,Clayton South,22.077690131089998,2021,13381,1423,10.63
monash_clayton,20556,Chirnside Park,24.365139235300003,2021,11779,971,8.24
rmit_city,20556,Chirnside Park,31.80295757802,2021,11779,971,8.24
unimelb_parkville,20556,Chirnside Park,31.48187963444,2021,11779,971,8.24
monash_clayton,20559,Christmas Hills (Vic.),31.841278531380002,2021,365,44,12.05
rmit_city,20559,Christmas Hills (Vic.),34.70690447983,2021,365,44,12.05
unimelb_parkville,20559,Christmas Hills (Vic.),34.00257573555,2021,365,44,12.05
monash_clayton,20572,Clematis,25.03457010289,2021,352,32,9.09
rmit_city,20572,Clematis,42.48909499406,2021,352,32,9.09
unimelb_parkville,20572,Clematis,42.98714549952,2021,352,32,9.09
monash_clayton,20574,Clifton Hill,18.11495364318,2021,6606,377,5.71
rmit_city,20574,Clifton Hill,3.77514560236,2021,6606,377,5.71
unimelb_parkville,20574,Clifton Hill,3.2015871274800003,2021,6606,377,5.71
monash_clayton,20576,Clonbinane,60.31025516693,2021,347,22,6.34
rmit_city,20576,Clonbinane,51.92445877756,2021,347,22,6.34
unimelb_parkville,20576,Clonbinane,50.50543987729,2021,347,22,6.34
monash_clayton,20581,Clyde (Vic.),32.71004180555,2021,11177,878,7.86
rmit_city,20581,Clyde (Vic.),51.22948946771,2021,11177,878,7.86
unimelb_parkville,20581,Clyde (Vic.),52.345825110700005,2021,11177,878,7.86
monash_clayton,20582,Clyde North,28.795366993610003,2021,31681,2346,7.41
rmit_city,20582,Clyde North,47.678257927400004,2021,31681,2346,7.41
unimelb_parkville,20582,Clyde North,48.70954406422,2021,31681,2346,7.41
monash_clayton,20560,Chum Creek,46.036126339380004,2021,981,69,7.03
rmit_city,20560,Chum Creek,51.79071579956,2021,981,69,7.03
unimelb_parkville,20560,Chum Creek,51.1538596231,2021,981,69,7.03
monash_clayton,20566,Clarinda,4.5459903888,2021,7441,546,7.34
rmit_city,20566,Clarinda,19.3095025304,2021,7441,546,7.34
unimelb_parkville,20566,Clarinda,20.483672309230002,2021,7441,546,7.34
monash_clayton,20567,Clarkefield,55.487701069939995,2021,303,21,6.93
rmit_city,20567,Clarkefield,38.44099575423,2021,303,21,6.93
unimelb_parkville,20567,Clarkefield,37.0415645915,2021,303,21,6.93
monash_clayton,20587,Cobaw,83.89145817896001,2021,104,3,2.88
rmit_city,20587,Cobaw,66.61667337157999,2021,104,3,2.88
unimelb_parkville,20587,Cobaw,65.25900915544,2021,104,3,2.88
monash_clayton,20590,Cobblebank,52.28065613925,2021,3601,263,7.30
rmit_city,20590,Cobblebank,33.76984173661,2021,3601,263,7.30
unimelb_parkville,20590,Cobblebank,33.31462696037,2021,3601,263,7.30
monash_clayton,20596,Coburg,23.8306651656,2021,26574,2272,8.55
rmit_city,20596,Coburg,7.01672211808,2021,26574,2272,8.55
unimelb_parkville,20596,Coburg,5.51076344599,2021,26574,2272,8.55
monash_clayton,20597,Coburg North,25.21230181185,2021,8327,625,7.51
rmit_city,20597,Coburg North,9.00734382349,2021,8327,625,7.51
unimelb_parkville,20597,Coburg North,7.502926422870001,2021,8327,625,7.51
monash_clayton,20600,Cockatoo (Vic.),32.332744556819996,2021,4408,304,6.90
rmit_city,20600,Cockatoo (Vic.),49.39625888172,2021,4408,304,6.90
unimelb_parkville,20600,Cockatoo (Vic.),49.81201738728,2021,4408,304,6.90
monash_clayton,20601,Cocoroc,45.84017607171,2021,0,0,
rmit_city,20601,Cocoroc,34.71730006131,2021,0,0,
unimelb_parkville,20601,Cocoroc,35.49551788893,2021,0,0,
monash_clayton,20605,Coimadai,67.01692887914,2021,409,31,7.58
rmit_city,20605,Coimadai,48.03457426255,2021,409,31,7.58
unimelb_parkville,20605,Coimadai,47.30859142076,2021,409,31,7.58
monash_clayton,20613,Coldstream (Vic.),28.64471826866,2021,2199,184,8.37
rmit_city,20613,Coldstream (Vic.),34.21751041524,2021,2199,184,8.37
unimelb_parkville,20613,Coldstream (Vic.),33.71762915304,2021,2199,184,8.37
monash_clayton,20624,Coolaroo,33.45536787649,2021,3193,304,9.52
rmit_city,20624,Coolaroo,17.19614576347,2021,3193,304,9.52
unimelb_parkville,20624,Coolaroo,15.70695802249,2021,3193,304,9.52
monash_clayton,20633,Cora Lynn,49.62224038695,2021,220,9,4.09
rmit_city,20633,Cora Lynn,68.63839637793,2021,220,9,4.09
unimelb_parkville,20633,Cora Lynn,69.45827120569001,2021,220,9,4.09
monash_clayton,20654,Cottles Bridge,34.48122257462,2021,609,62,10.18
rmit_city,20654,Cottles Bridge,31.82682867398,2021,609,62,10.18
unimelb_parkville,20654,Cottles Bridge,30.783180993229998,2021,609,62,10.18
monash_clayton,20661,Craigieburn,41.02874413634,2021,65178,6025,9.24
rmit_city,20661,Craigieburn,25.43215819769,2021,65178,6025,9.24
unimelb_parkville,20661,Craigieburn,23.94018101091,2021,65178,6025,9.24
monash_clayton,20662,Cranbourne,25.339930966479997,2021,21281,2054,9.65
rmit_city,20662,Cranbourne,43.31983320511,2021,21281,2054,9.65
unimelb_parkville,20662,Cranbourne,44.50012614516,2021,21281,2054,9.65
monash_clayton,21214,Hughesdale,5.00342986021,2021,7563,743,9.82
rmit_city,21214,Hughesdale,14.50675085297,2021,7563,743,9.82
unimelb_parkville,21214,Hughesdale,15.578261812200001,2021,7563,743,9.82
monash_clayton,20663,Cranbourne East,26.88125773826,2021,24679,2151,8.72
rmit_city,20663,Cranbourne East,45.25623587698,2021,24679,2151,8.72
unimelb_parkville,20663,Cranbourne East,46.38918178232,2021,24679,2151,8.72
monash_clayton,20664,Cranbourne North,23.37579270783,2021,24683,2243,9.09
rmit_city,20664,Cranbourne North,42.042502691150005,2021,24683,2243,9.09
unimelb_parkville,20664,Cranbourne North,43.12173704192,2021,24683,2243,9.09
monash_clayton,20665,Cranbourne South,27.657381974539998,2021,3241,266,8.21
rmit_city,20665,Cranbourne South,44.62725050416,2021,3241,266,8.21
unimelb_parkville,20665,Cranbourne South,45.899896986790004,2021,3241,266,8.21
monash_clayton,21215,Humevale,45.29044607914,2021,352,27,7.67
rmit_city,21215,Humevale,38.61351281828,2021,352,27,7.67
unimelb_parkville,21215,Humevale,37.29797597909,2021,352,27,7.67
monash_clayton,20674,Crib Point,49.81389251279,2021,3343,247,7.39
rmit_city,20674,Crib Point,64.3880008416,2021,3343,247,7.39
unimelb_parkville,20674,Crib Point,65.81053600573,2021,3343,247,7.39
monash_clayton,20682,Croydon (Vic.),18.46899364465,2021,28608,2034,7.11
rmit_city,20682,Croydon (Vic.),28.26045635918,2021,28608,2034,7.11
unimelb_parkville,20682,Croydon (Vic.),28.192437766300003,2021,28608,2034,7.11
monash_clayton,20683,Croydon Hills,19.08355231162,2021,4839,479,9.90
rmit_city,20683,Croydon Hills,27.244770716079998,2021,4839,479,9.90
unimelb_parkville,20683,Croydon Hills,27.07110281415,2021,4839,479,9.90
monash_clayton,20684,Croydon North,20.02382830232,2021,8092,671,8.29
rmit_city,20684,Croydon North,28.62435199844,2021,8092,671,8.29
unimelb_parkville,20684,Croydon North,28.454068982379997,2021,8092,671,8.29
monash_clayton,21218,Huntingdale (Vic.),2.4528815279300002,2021,1949,200,10.26
rmit_city,21218,Huntingdale (Vic.),16.92675112095,2021,1949,200,10.26
unimelb_parkville,21218,Huntingdale (Vic.),17.932751699,2021,1949,200,10.26
monash_clayton,21223,Hurstbridge,30.737958374879998,2021,3554,308,8.67
rmit_city,21223,Hurstbridge,27.804791535299998,2021,3554,308,8.67
unimelb_parkville,21223,Hurstbridge,26.79404272864,2021,3554,308,8.67
monash_clayton,20685,Croydon South,16.3766693746,2021,4759,332,6.98
rmit_city,20685,Croydon South,27.900730456770003,2021,4759,332,6.98
unimelb_parkville,20685,Croydon South,27.97971162709,2021,4759,332,6.98
monash_clayton,20702,Dallas,31.73450999574,2021,6762,675,9.98
rmit_city,20702,Dallas,15.21195473458,2021,6762,675,9.98
unimelb_parkville,20702,Dallas,13.7261150278,2021,6762,675,9.98
monash_clayton,20703,Dalmore,39.43226917008,2021,142,15,10.56
rmit_city,20703,Dalmore,58.07512684085,2021,142,15,10.56
unimelb_parkville,20703,Dalmore,59.1728880586,2021,142,15,10.56
monash_clayton,20707,Dandenong,10.68363885139,2021,30127,2824,9.37
rmit_city,20707,Dandenong,29.52612266509,2021,30127,2824,9.37
unimelb_parkville,20707,Dandenong,30.54691856888,2021,30127,2824,9.37
monash_clayton,20708,Dandenong North,8.48011152536,2021,22550,1890,8.38
rmit_city,20708,Dandenong North,27.55355558187,2021,22550,1890,8.38
unimelb_parkville,20708,Dandenong North,28.4641864382,2021,22550,1890,8.38
monash_clayton,21238,Iona,55.38093173741,2021,240,34,14.17
rmit_city,21238,Iona,74.31668794894,2021,240,34,14.17
unimelb_parkville,21238,Iona,75.08777806628001,2021,240,34,14.17
monash_clayton,21246,Ivanhoe (Vic.),17.8990432501,2021,13374,1144,8.55
rmit_city,21246,Ivanhoe (Vic.),8.28203625787,2021,13374,1144,8.55
unimelb_parkville,21246,Ivanhoe (Vic.),7.56849493204,2021,13374,1144,8.55
monash_clayton,20709,Dandenong South,14.998972294360001,2021,125,0,0.00
rmit_city,20709,Dandenong South,33.22352603751,2021,125,0,0.00
unimelb_parkville,20709,Dandenong South,34.35082221157,2021,125,0,0.00
monash_clayton,20712,Darley,69.11384899888999,2021,9190,783,8.52
rmit_city,20712,Darley,50.4903284994,2021,9190,783,8.52
unimelb_parkville,20712,Darley,49.95502936551,2021,9190,783,8.52
monash_clayton,20729,Deer Park,36.26487931384,2021,18145,1483,8.17
rmit_city,20729,Deer Park,17.849717271779998,2021,18145,1483,8.17
unimelb_parkville,20729,Deer Park,17.531798489190002,2021,18145,1483,8.17
monash_clayton,20716,Darraweit Guim,59.33131027072,2021,402,23,5.72
rmit_city,20716,Darraweit Guim,43.95070431214,2021,402,23,5.72
unimelb_parkville,20716,Darraweit Guim,42.47145480159,2021,402,23,5.72
monash_clayton,20724,Deanside,44.0829557982,2021,654,70,10.70
rmit_city,20724,Deanside,25.543657113789997,2021,654,70,10.70
unimelb_parkville,20724,Deanside,25.11143574611,2021,654,70,10.70
monash_clayton,20750,Dewhurst,30.55177022178,2021,151,3,1.99
rmit_city,20750,Dewhurst,48.710302884719994,2021,151,3,1.99
unimelb_parkville,20750,Dewhurst,49.300714647940005,2021,151,3,1.99
monash_clayton,20762,Dixons Creek,44.61048052134,2021,344,28,8.14
rmit_city,20762,Dixons Creek,48.28160446565,2021,344,28,8.14
unimelb_parkville,20762,Dixons Creek,47.51778757198,2021,344,28,8.14
monash_clayton,20766,Docklands,20.264145990699998,2021,15495,1720,11.10
rmit_city,20766,Docklands,2.4059863687900003,2021,15495,1720,11.10
unimelb_parkville,20766,Docklands,3.371982751,2021,15495,1720,11.10
monash_clayton,20752,Diamond Creek,27.78169063561,2021,12503,1229,9.83
rmit_city,20752,Diamond Creek,23.573457910640002,2021,12503,1229,9.83
unimelb_parkville,20752,Diamond Creek,22.547466523769998,2021,12503,1229,9.83
monash_clayton,20754,Diggers Rest,51.87285968917,2021,5669,414,7.30
rmit_city,20754,Diggers Rest,32.834529449,2021,5669,414,7.30
unimelb_parkville,20754,Diggers Rest,31.87326648697,2021,5669,414,7.30
monash_clayton,20769,Don Valley,44.43903880384,2021,586,33,5.63
rmit_city,20769,Don Valley,55.907438206079995,2021,586,33,5.63
unimelb_parkville,20769,Don Valley,55.70483039815,2021,586,33,5.63
monash_clayton,20771,Doncaster,14.235738836140001,2021,25020,2131,8.52
rmit_city,20771,Doncaster,14.4650092069,2021,25020,2131,8.52
unimelb_parkville,20771,Doncaster,14.239285878779999,2021,25020,2131,8.52
monash_clayton,20772,Doncaster East,15.42805123565,2021,30926,2330,7.53
rmit_city,20772,Doncaster East,18.7101200655,2021,30926,2330,7.53
unimelb_parkville,20772,Doncaster East,18.457651951939997,2021,30926,2330,7.53
monash_clayton,20773,Donnybrook (Vic.),42.93091615564,2021,2100,167,7.95
rmit_city,20773,Donnybrook (Vic.),29.905810497580003,2021,2100,167,7.95
unimelb_parkville,20773,Donnybrook (Vic.),28.40668223765,2021,2100,167,7.95
monash_clayton,20774,Donvale,14.49106538683,2021,12644,1057,8.36
rmit_city,20774,Donvale,19.8688559474,2021,12644,1057,8.36
unimelb_parkville,20774,Donvale,19.73209286624,2021,12644,1057,8.36
monash_clayton,20779,Doreen,34.69405416046,2021,27122,1998,7.37
rmit_city,20779,Doreen,28.114432725369998,2021,27122,1998,7.37
unimelb_parkville,20779,Doreen,26.87302300924,2021,27122,1998,7.37
monash_clayton,20783,Doveton,12.197330972489999,2021,9603,856,8.91
rmit_city,20783,Doveton,31.238670796610002,2021,9603,856,8.91
unimelb_parkville,20783,Doveton,32.195038489089995,2021,9603,856,8.91
monash_clayton,20830,East Melbourne,17.17016537505,2021,4896,322,6.58
rmit_city,20830,East Melbourne,1.95297731006,2021,4896,322,6.58
unimelb_parkville,20830,East Melbourne,2.91255549016,2021,4896,322,6.58
monash_clayton,20833,East Warburton,60.23122451265,2021,906,51,5.63
rmit_city,20833,East Warburton,71.71468938279,2021,906,51,5.63
unimelb_parkville,20833,East Warburton,71.45904218715,2021,906,51,5.63
monash_clayton,20788,Dromana,47.96747031862,2021,6626,415,6.26
rmit_city,20788,Dromana,58.28050256658,2021,6626,415,6.26
unimelb_parkville,20788,Dromana,59.78160540856,2021,6626,415,6.26
monash_clayton,20825,Eaglemont,17.49483286997,2021,3960,362,9.14
rmit_city,20825,Eaglemont,10.40052802715,2021,3960,362,9.14
unimelb_parkville,20825,Eaglemont,9.7590503331,2021,3960,362,9.14
monash_clayton,20889,Eumemmerring,13.777935548990001,2021,2285,187,8.18
rmit_city,20889,Eumemmerring,32.77831210905,2021,2285,187,8.18
unimelb_parkville,20889,Eumemmerring,33.756798656179996,2021,2285,187,8.18
monash_clayton,20843,Eden Park,47.41123599313,2021,1194,101,8.46
rmit_city,20843,Eden Park,36.82121216093,2021,1194,101,8.46
unimelb_parkville,20843,Eden Park,35.36274235929,2021,1194,101,8.46
monash_clayton,20848,Edithvale,14.23448513074,2021,6276,415,6.61
rmit_city,20848,Edithvale,28.814613505910003,2021,6276,415,6.61
unimelb_parkville,20848,Edithvale,30.15086068434,2021,6276,415,6.61
monash_clayton,20864,Elsternwick,11.6621310971,2021,10887,804,7.38
rmit_city,20864,Elsternwick,9.60637158326,2021,10887,804,7.38
unimelb_parkville,20864,Elsternwick,10.993657833679999,2021,10887,804,7.38
monash_clayton,20865,Eltham (Vic.),21.81261117871,2021,18847,1518,8.05
rmit_city,20865,Eltham (Vic.),19.862016057119998,2021,18847,1518,8.05
unimelb_parkville,20865,Eltham (Vic.),19.110046967509998,2021,18847,1518,8.05
monash_clayton,20866,Eltham North,23.64086127103,2021,6830,568,8.32
rmit_city,20866,Eltham North,20.1292944208,2021,6830,568,8.32
unimelb_parkville,20866,Eltham North,19.241579754300002,2021,6830,568,8.32
monash_clayton,20948,Frankston North,24.12088330064,2021,5711,459,8.04
rmit_city,20948,Frankston North,39.64256133836,2021,5711,459,8.04
unimelb_parkville,20948,Frankston North,40.98733831125,2021,5711,459,8.04
monash_clayton,20867,Elwood,13.67083719011,2021,15153,920,6.07
rmit_city,20867,Elwood,8.32800433121,2021,15153,920,6.07
unimelb_parkville,20867,Elwood,9.79309882735,2021,15153,920,6.07
monash_clayton,20868,Emerald (Vic.),27.684709889639997,2021,5890,464,7.88
rmit_city,20868,Emerald (Vic.),45.07436628516,2021,5890,464,7.88
unimelb_parkville,20868,Emerald (Vic.),45.55218235088,2021,5890,464,7.88
monash_clayton,20871,Endeavour Hills,12.55359649715,2021,24455,2042,8.35
rmit_city,20871,Endeavour Hills,31.59797006579,2021,24455,2042,8.35
unimelb_parkville,20871,Endeavour Hills,32.46922582157,2021,24455,2042,8.35
monash_clayton,20878,Epping (Vic.),31.44246905217,2021,33489,2931,8.75
rmit_city,20878,Epping (Vic.),18.87324899722,2021,33489,2931,8.75
unimelb_parkville,20878,Epping (Vic.),17.41804428702,2021,33489,2931,8.75
monash_clayton,20885,Essendon,26.87027935105,2021,21240,2103,9.90
rmit_city,20885,Essendon,8.06250634737,2021,21240,2103,9.90
unimelb_parkville,20885,Essendon,6.90366202858,2021,21240,2103,9.90
monash_clayton,20886,Essendon Fields,29.34314840067,2021,13,0,0.00
rmit_city,20886,Essendon Fields,10.81651714047,2021,13,0,0.00
unimelb_parkville,20886,Essendon Fields,9.555066720200001,2021,13,0,0.00
monash_clayton,20887,Essendon North,28.028673545620002,2021,3071,262,8.53
rmit_city,20887,Essendon North,9.28442850778,2021,3071,262,8.53
unimelb_parkville,20887,Essendon North,8.09839232303,2021,3071,262,8.53
monash_clayton,20888,Essendon West,28.203209970659998,2021,1559,163,10.46
rmit_city,20888,Essendon West,9.14232904843,2021,1559,163,10.46
unimelb_parkville,20888,Essendon West,8.2546293426,2021,1559,163,10.46
monash_clayton,20898,Exford,56.098432692100005,2021,133,4,3.01
rmit_city,20898,Exford,38.05743960795,2021,133,4,3.01
unimelb_parkville,20898,Exford,37.74467837178,2021,133,4,3.01
monash_clayton,20899,Eynesbury,54.77294004748,2021,2838,143,5.04
rmit_city,20899,Eynesbury,37.89279153704,2021,2838,143,5.04
unimelb_parkville,20899,Eynesbury,37.859770201829996,2021,2838,143,5.04
monash_clayton,20901,Fairfield (Vic.),17.74851481407,2021,6535,473,7.24
rmit_city,20901,Fairfield (Vic.),5.17685687797,2021,6535,473,7.24
unimelb_parkville,20901,Fairfield (Vic.),4.58067611101,2021,6535,473,7.24
monash_clayton,20909,Fawkner,27.14571339235,2021,14274,1265,8.86
rmit_city,20909,Fawkner,11.47695116339,2021,14274,1265,8.86
unimelb_parkville,20909,Fawkner,9.972824568930001,2021,14274,1265,8.86
monash_clayton,20916,Fernshaw,54.03092874823,2021,0,0,
rmit_city,20916,Fernshaw,61.866794689479995,2021,0,0,
unimelb_parkville,20916,Fernshaw,61.33985170336,2021,0,0,
monash_clayton,20966,Garfield,51.43811191859,2021,2114,153,7.24
rmit_city,20966,Garfield,70.20584920124,2021,2114,153,7.24
unimelb_parkville,20966,Garfield,70.91317236813,2021,2114,153,7.24
monash_clayton,20917,Ferntree Gully,12.9401625683,2021,27398,2166,7.91
rmit_city,20917,Ferntree Gully,29.28811094133,2021,27398,2166,7.91
unimelb_parkville,20917,Ferntree Gully,29.7609684757,2021,27398,2166,7.91
monash_clayton,20967,Garfield North,49.92437125981,2021,236,29,12.29
rmit_city,20967,Garfield North,68.21546935686,2021,236,29,12.29
unimelb_parkville,20967,Garfield North,68.79941829603,2021,236,29,12.29
monash_clayton,20979,Gembrook,43.54234042917,2021,2559,212,8.28
rmit_city,20979,Gembrook,60.5621942461,2021,2559,212,8.28
unimelb_parkville,20979,Gembrook,60.93983612114,2021,2559,212,8.28
monash_clayton,20918,Ferny Creek,17.66239241519,2021,1524,108,7.09
rmit_city,20918,Ferny Creek,33.40607225185,2021,1524,108,7.09
unimelb_parkville,20918,Ferny Creek,33.76813002875,2021,1524,108,7.09
monash_clayton,20925,Fitzroy North,19.29332143519,2021,12781,1013,7.93
rmit_city,20925,Fitzroy North,3.40714656158,2021,12781,1013,7.93
unimelb_parkville,20925,Fitzroy North,2.3985137572100004,2021,12781,1013,7.93
monash_clayton,20995,Gilderoy,50.97710503564,2021,62,0,0.00
rmit_city,20995,Gilderoy,66.37111948335,2021,62,0,0.00
unimelb_parkville,20995,Gilderoy,66.52595471839,2021,62,0,0.00
monash_clayton,20920,Fingal (Vic.),61.40731270893,2021,637,34,5.34
rmit_city,20920,Fingal (Vic.),68.37970210239,2021,637,34,5.34
unimelb_parkville,20920,Fingal (Vic.),69.87443397426999,2021,637,34,5.34
monash_clayton,20924,Fitzroy (Vic.),18.43703427355,2021,10431,863,8.27
rmit_city,20924,Fitzroy (Vic.),1.6847004004600001,2021,10431,863,8.27
unimelb_parkville,20924,Fitzroy (Vic.),1.62305127962,2021,10431,863,8.27
monash_clayton,21087,Grangefields,50.170015624070004,2021,132,14,10.61
rmit_city,21087,Grangefields,31.478861995520003,2021,132,14,10.61
unimelb_parkville,21087,Grangefields,30.95381628422,2021,132,14,10.61
monash_clayton,20929,Flemington,22.62854591289,2021,7025,629,8.95
rmit_city,20929,Flemington,3.55984128186,2021,7025,629,8.95
unimelb_parkville,20929,Flemington,2.8434439939,2021,7025,629,8.95
monash_clayton,20930,Flinders (Vic.),61.96157621119,2021,1130,41,3.63
rmit_city,20930,Flinders (Vic.),71.91307558838,2021,1130,41,3.63
unimelb_parkville,20930,Flinders (Vic.),73.41843885396,2021,1130,41,3.63
monash_clayton,20935,Footscray,24.51823900162,2021,17131,1676,9.78
rmit_city,20935,Footscray,6.013506533179999,2021,17131,1676,9.78
unimelb_parkville,20935,Footscray,6.005015422970001,2021,17131,1676,9.78
monash_clayton,21104,Greensborough,23.53192952684,2021,21070,1467,6.96
rmit_city,21104,Greensborough,17.76128880225,2021,21070,1467,6.96
unimelb_parkville,21104,Greensborough,16.76890796592,2021,21070,1467,6.96
monash_clayton,21105,Greenvale (Vic.),38.402396494449995,2021,21274,2065,9.71
rmit_city,21105,Greenvale (Vic.),20.78435051526,2021,21274,2065,9.71
unimelb_parkville,21105,Greenvale (Vic.),19.402929664160002,2021,21274,2065,9.71
monash_clayton,21115,Gruyere,35.12637550782,2021,966,103,10.66
rmit_city,21115,Gruyere,44.986064918349996,2021,966,103,10.66
unimelb_parkville,21115,Gruyere,44.71007739712,2021,966,103,10.66
monash_clayton,21121,Guys Hill,25.21224682913,2021,388,36,9.28
rmit_city,21121,Guys Hill,44.149413537250005,2021,388,36,9.28
unimelb_parkville,21121,Guys Hill,44.94524962928,2021,388,36,9.28
monash_clayton,20937,Forest Hill (Vic.),8.207295549500001,2021,10780,848,7.87
rmit_city,20937,Forest Hill (Vic.),18.74464088702,2021,10780,848,7.87
unimelb_parkville,20937,Forest Hill (Vic.),19.09463081245,2021,10780,848,7.87
monash_clayton,20947,Frankston,26.66596166352,2021,37331,3049,8.17
rmit_city,20947,Frankston,41.18332282264,2021,37331,3049,8.17
unimelb_parkville,20947,Frankston,42.57488447155,2021,37331,3049,8.17
monash_clayton,20949,Frankston South,29.57059898454,2021,18801,1272,6.77
rmit_city,20949,Frankston South,43.675265748710004,2021,18801,1272,6.77
unimelb_parkville,20949,Frankston South,45.087210135890004,2021,18801,1272,6.77
monash_clayton,20950,Fraser Rise,44.789846791689996,2021,9097,687,7.55
rmit_city,20950,Fraser Rise,25.77666242838,2021,9097,687,7.55
unimelb_parkville,20950,Fraser Rise,25.05270179776,2021,9097,687,7.55
monash_clayton,20965,Gardenvale,11.27632174578,2021,1019,58,5.69
rmit_city,20965,Gardenvale,10.77535796313,2021,1019,58,5.69
unimelb_parkville,20965,Gardenvale,12.177314326969999,2021,1019,58,5.69
monash_clayton,21001,Gisborne,66.51933345357999,2021,10142,675,6.66
rmit_city,21001,Gisborne,47.57358957393,2021,10142,675,6.66
unimelb_parkville,21001,Gisborne,46.537398045690004,2021,10142,675,6.66
monash_clayton,21002,Gisborne South,60.627587480920006,2021,854,67,7.85
rmit_city,21002,Gisborne South,41.64979603479,2021,854,67,7.85
unimelb_parkville,21002,Gisborne South,40.63327871889,2021,854,67,7.85
monash_clayton,21004,Gladstone Park,32.0902837148,2021,8213,593,7.22
rmit_city,21004,Gladstone Park,14.055753408029998,2021,8213,593,7.22
unimelb_parkville,21004,Gladstone Park,12.70194803134,2021,8213,593,7.22
monash_clayton,21005,Gladysdale,44.61023929375,2021,423,31,7.33
rmit_city,21005,Gladysdale,59.38306260337,2021,423,31,7.33
unimelb_parkville,21005,Gladysdale,59.487839405769996,2021,423,31,7.33
monash_clayton,21009,Glen Huntly,8.60157285434,2021,4905,419,8.54
rmit_city,21009,Glen Huntly,11.648617823619999,2021,4905,419,8.54
unimelb_parkville,21009,Glen Huntly,12.88348122224,2021,4905,419,8.54
monash_clayton,21124,Hadfield,27.60846205864,2021,6269,478,7.62
rmit_city,21124,Hadfield,10.863988708929998,2021,6269,478,7.62
unimelb_parkville,21124,Hadfield,9.36839322052,2021,6269,478,7.62
monash_clayton,21010,Glen Iris (Vic.),8.516337120480001,2021,26131,2544,9.74
rmit_city,21010,Glen Iris (Vic.),10.7154630206,2021,26131,2544,9.74
unimelb_parkville,21010,Glen Iris (Vic.),11.53651922117,2021,26131,2544,9.74
monash_clayton,21013,Glen Waverley,4.331996895950001,2021,42642,4118,9.66
rmit_city,21013,Glen Waverley,20.08511772085,2021,42642,4118,9.66
unimelb_parkville,21013,Glen Waverley,20.74111919229,2021,42642,4118,9.66
monash_clayton,21047,Glenroy (Vic.),29.77712529495,2021,23792,2291,9.63
rmit_city,21047,Glenroy (Vic.),12.14707860741,2021,23792,2291,9.63
unimelb_parkville,21047,Glenroy (Vic.),10.72314356601,2021,23792,2291,9.63
monash_clayton,21059,Goldie,78.38822974605,2021,253,8,3.16
rmit_city,21059,Goldie,62.875680114969995,2021,253,8,3.16
unimelb_parkville,21059,Goldie,61.41133788585,2021,253,8,3.16
monash_clayton,21079,Gowanbrae,31.153989485769998,2021,2971,240,8.08
rmit_city,21079,Gowanbrae,12.91391663625,2021,2971,240,8.08
unimelb_parkville,21079,Gowanbrae,11.592172498419998,2021,2971,240,8.08
monash_clayton,21125,Hallam,15.639320367129999,2021,11355,1054,9.28
rmit_city,21125,Hallam,34.682069141220005,2021,11355,1054,9.28
unimelb_parkville,21125,Hallam,35.638516908869995,2021,11355,1054,9.28
monash_clayton,21131,Hampton (Vic.),11.46661335806,2021,13518,1140,8.43
rmit_city,21131,Hampton (Vic.),14.988866524090001,2021,13518,1140,8.43
unimelb_parkville,21131,Hampton (Vic.),16.43653149161,2021,13518,1140,8.43
monash_clayton,21132,Hampton East,9.860670503720002,2021,5069,390,7.69
rmit_city,21132,Hampton East,15.66224496983,2021,5069,390,7.69
unimelb_parkville,21132,Hampton East,17.061694744740002,2021,5069,390,7.69
monash_clayton,21133,Hampton Park,18.64121543753,2021,26082,2665,10.22
rmit_city,21133,Hampton Park,37.389005774340006,2021,26082,2665,10.22
unimelb_parkville,21133,Hampton Park,38.44527710328,2021,26082,2665,10.22
monash_clayton,21139,Harkaway,21.32527438568,2021,1011,100,9.89
rmit_city,21139,Harkaway,40.20546948336,2021,1011,100,9.89
unimelb_parkville,21139,Harkaway,40.98633414362,2021,1011,100,9.89
monash_clayton,21140,Harkness,59.20006026975,2021,12463,1071,8.59
rmit_city,21140,Harkness,40.40700082009,2021,12463,1071,8.59
unimelb_parkville,21140,Harkness,39.810578312420006,2021,12463,1071,8.59
monash_clayton,21145,Hastings (Vic.),43.03784460595,2021,10369,693,6.68
rmit_city,21145,Hastings (Vic.),57.28423593146,2021,10369,693,6.68
unimelb_parkville,21145,Hastings (Vic.),58.71142650621,2021,10369,693,6.68
monash_clayton,21152,Hawthorn (Vic.),12.80168099614,2021,22322,2817,12.62
rmit_city,21152,Hawthorn (Vic.),6.71409849359,2021,22322,2817,12.62
unimelb_parkville,21152,Hawthorn (Vic.),7.35110401703,2021,22322,2817,12.62
monash_clayton,21159,Heath Hill,62.4245203244,2021,189,19,10.05
rmit_city,21159,Heath Hill,81.49812797451,2021,189,19,10.05
unimelb_parkville,21159,Heath Hill,82.38912361127,2021,189,19,10.05
monash_clayton,21153,Hawthorn East,11.58471282311,2021,14834,1492,10.06
rmit_city,21153,Hawthorn East,8.13809185126,2021,14834,1492,10.06
unimelb_parkville,21153,Hawthorn East,8.73617610074,2021,14834,1492,10.06
monash_clayton,21158,Healesville,46.06636813886,2021,7589,503,6.63
rmit_city,21158,Healesville,54.94220074212,2021,7589,503,6.63
unimelb_parkville,21158,Healesville,54.52644147355,2021,7589,503,6.63
monash_clayton,21161,Heathcote Junction,59.24700630484,2021,811,41,5.06
rmit_city,21161,Heathcote Junction,47.9077560546,2021,811,41,5.06
unimelb_parkville,21161,Heathcote Junction,46.41861466546,2021,811,41,5.06
monash_clayton,21167,Heidelberg,18.64939491059,2021,7360,483,6.56
rmit_city,21167,Heidelberg,11.38634839422,2021,7360,483,6.56
unimelb_parkville,21167,Heidelberg,10.61427935248,2021,7360,483,6.56
monash_clayton,21168,Heidelberg Heights,20.148246865860003,2021,6758,577,8.54
rmit_city,21168,Heidelberg Heights,10.91761481354,2021,6758,577,8.54
unimelb_parkville,21168,Heidelberg Heights,9.94983661787,2021,6758,577,8.54
monash_clayton,21312,Kealba,33.065851551239994,2021,3226,255,7.90
rmit_city,21312,Kealba,14.00579791142,2021,3226,255,7.90
unimelb_parkville,21312,Kealba,13.24916770551,2021,3226,255,7.90
monash_clayton,21169,Heidelberg West,20.8266297843,2021,5252,497,9.46
rmit_city,21169,Heidelberg West,10.28862547588,2021,5252,497,9.46
unimelb_parkville,21169,Heidelberg West,9.21491550022,2021,5252,497,9.46
monash_clayton,21176,Hesket,75.97225784705999,2021,178,0,0.00
rmit_city,21176,Hesket,58.06285254246,2021,178,0,0.00
unimelb_parkville,21176,Hesket,56.771512118960004,2021,178,0,0.00
monash_clayton,21185,Highett,9.59543561494,2021,12016,798,6.64
rmit_city,21185,Highett,17.23265197879,2021,12016,798,6.64
unimelb_parkville,21185,Highett,18.622263083220002,2021,12016,798,6.64
monash_clayton,21193,Hillside (Melton - Vic.),42.43736235636,2021,17331,1915,11.05
rmit_city,21193,Hillside (Melton - Vic.),23.37895388465,2021,17331,1915,11.05
unimelb_parkville,21193,Hillside (Melton - Vic.),22.59149931312,2021,17331,1915,11.05
monash_clayton,21195,Hmas Cerberus,52.5098176638,2021,1124,620,55.16
rmit_city,21195,Hmas Cerberus,66.80075748448999,2021,1124,620,55.16
unimelb_parkville,21195,Hmas Cerberus,68.23465369588999,2021,1124,620,55.16
monash_clayton,21317,Keilor Lodge,38.00115048607,2021,1668,178,10.67
rmit_city,21317,Keilor Lodge,18.9474807327,2021,1668,178,10.67
unimelb_parkville,21317,Keilor Lodge,18.01573665674,2021,1668,178,10.67
monash_clayton,21196,Hoddles Creek,40.18494749546,2021,676,29,4.29
rmit_city,21196,Hoddles Creek,55.21201137029,2021,676,29,4.29
unimelb_parkville,21196,Hoddles Creek,55.35924851559,2021,676,29,4.29
monash_clayton,21202,Hopetoun Park,60.91099086245,2021,914,63,6.89
rmit_city,21202,Hopetoun Park,42.59562855459,2021,914,63,6.89
unimelb_parkville,21202,Hopetoun Park,42.1855904619,2021,914,63,6.89
monash_clayton,21203,Hoppers Crossing,38.60879318917,2021,37216,3464,9.31
rmit_city,21203,Hoppers Crossing,24.02308566548,2021,37216,3464,9.31
unimelb_parkville,21203,Hoppers Crossing,24.50305120182,2021,37216,3464,9.31
monash_clayton,21247,Ivanhoe East,16.567979312920002,2021,3762,356,9.46
rmit_city,21247,Ivanhoe East,9.339440676550002,2021,3762,356,9.46
unimelb_parkville,21247,Ivanhoe East,8.833628822009999,2021,3762,356,9.46
monash_clayton,21248,Jacana,31.70817862527,2021,2187,197,9.01
rmit_city,21248,Jacana,14.10288986933,2021,2187,197,9.01
unimelb_parkville,21248,Jacana,12.68931941127,2021,2187,197,9.01
monash_clayton,21277,Junction Village,28.302212495939997,2021,1051,60,5.71
rmit_city,21277,Junction Village,46.31304535578,2021,1051,60,5.71
unimelb_parkville,21277,Junction Village,47.49485139086,2021,1051,60,5.71
monash_clayton,21284,Kalkallo,45.33807340098,2021,5548,388,6.99
rmit_city,21284,Kalkallo,31.26415741347,2021,5548,388,6.99
unimelb_parkville,21284,Kalkallo,29.75802376312,2021,5548,388,6.99
monash_clayton,21286,Kallista,21.6580583295,2021,1418,103,7.26
rmit_city,21286,Kallista,38.2622131611,2021,1418,103,7.26
unimelb_parkville,21286,Kallista,38.675079016859996,2021,1418,103,7.26
monash_clayton,21287,Kalorama,23.93236446004,2021,1277,69,5.40
rmit_city,21287,Kalorama,36.92632389288,2021,1277,69,5.40
unimelb_parkville,21287,Kalorama,36.99127755826,2021,1277,69,5.40
monash_clayton,21294,Kangaroo Ground,25.74249588705,2021,1208,129,10.68
rmit_city,21294,Kangaroo Ground,27.01730553121,2021,1208,129,10.68
unimelb_parkville,21294,Kangaroo Ground,26.31959700283,2021,1208,129,10.68
monash_clayton,21314,Keilor,35.39485616507,2021,5906,487,8.25
rmit_city,21314,Keilor,16.3612593762,2021,5906,487,8.25
unimelb_parkville,21314,Keilor,15.39912067502,2021,5906,487,8.25
monash_clayton,21315,Keilor Downs,36.064579692129996,2021,9857,815,8.27
rmit_city,21315,Keilor Downs,16.99337079972,2021,9857,815,8.27
unimelb_parkville,21315,Keilor Downs,16.18193818025,2021,9857,815,8.27
monash_clayton,21316,Keilor East,31.02903136616,2021,15078,1073,7.12
rmit_city,21316,Keilor East,11.96835126127,2021,15078,1073,7.12
unimelb_parkville,21316,Keilor East,11.06626857444,2021,15078,1073,7.12
monash_clayton,21318,Keilor North,39.5968861964,2021,67,9,13.43
rmit_city,21318,Keilor North,20.58689624145,2021,67,9,13.43
unimelb_parkville,21318,Keilor North,19.595025542240002,2021,67,9,13.43
monash_clayton,21319,Keilor Park,33.04828509855,2021,2684,146,5.44
rmit_city,21319,Keilor Park,14.0587406653,2021,2684,146,5.44
unimelb_parkville,21319,Keilor Park,13.04638212887,2021,2684,146,5.44
monash_clayton,21327,Kensington (Vic.),22.62701762424,2021,10745,892,8.30
rmit_city,21327,Kensington (Vic.),3.6170522180900004,2021,10745,892,8.30
unimelb_parkville,21327,Kensington (Vic.),3.29243048773,2021,10745,892,8.30
monash_clayton,21333,Kerrie,71.7718545365,2021,83,0,0.00
rmit_city,21333,Kerrie,54.021612260939996,2021,83,0,0.00
unimelb_parkville,21333,Kerrie,52.70708850102,2021,83,0,0.00
monash_clayton,21336,Kew (Vic.),14.73917439649,2021,24499,2367,9.66
rmit_city,21336,Kew (Vic.),6.957827266420001,2021,24499,2367,9.66
unimelb_parkville,21336,Kew (Vic.),6.95117822987,2021,24499,2367,9.66
monash_clayton,21339,Keysborough,10.98038323531,2021,30018,2735,9.11
rmit_city,21339,Keysborough,28.41385529214,2021,30018,2735,9.11
unimelb_parkville,21339,Keysborough,29.59163808522,2021,30018,2735,9.11
monash_clayton,21597,Manor Lakes,49.28924229114,2021,12675,912,7.20
rmit_city,21597,Manor Lakes,34.28177248608,2021,12675,912,7.20
unimelb_parkville,21597,Manor Lakes,34.5966200239,2021,12675,912,7.20
monash_clayton,21337,Kew East,15.21915132792,2021,6620,639,9.65
rmit_city,21337,Kew East,8.17055089003,2021,6620,639,9.65
unimelb_parkville,21337,Kew East,7.939759378460001,2021,6620,639,9.65
monash_clayton,21468,Langwarrin South,31.379397231,2021,1346,149,11.07
rmit_city,21468,Langwarrin South,46.95327914337,2021,1346,149,11.07
unimelb_parkville,21468,Langwarrin South,48.31270393724,2021,1346,149,11.07
monash_clayton,21473,Launching Place,41.39137666849,2021,2495,225,9.02
rmit_city,21473,Launching Place,54.24843683014,2021,2495,225,9.02
unimelb_parkville,21473,Launching Place,54.180169065,2021,2495,225,9.02
monash_clayton,21354,Kilsyth,19.129402721490003,2021,11699,864,7.39
rmit_city,21354,Kilsyth,31.602538826430003,2021,11699,864,7.39
unimelb_parkville,21354,Kilsyth,31.69120040268,2021,11699,864,7.39
monash_clayton,21355,Kilsyth South,17.724314885349997,2021,2862,368,12.86
rmit_city,21355,Kilsyth South,30.75617754213,2021,2862,368,12.86
unimelb_parkville,21355,Kilsyth South,30.90590787777,2021,2862,368,12.86
monash_clayton,21358,Kinglake,48.11042440379,2021,1662,121,7.28
rmit_city,21358,Kinglake,48.324522351439995,2021,1662,121,7.28
unimelb_parkville,21358,Kinglake,47.33576723849,2021,1662,121,7.28
monash_clayton,21476,Laverton (Vic.),33.05924404298,2021,4760,517,10.86
rmit_city,21476,Laverton (Vic.),18.107067535810003,2021,4760,517,10.86
unimelb_parkville,21476,Laverton (Vic.),18.63337484529,2021,4760,517,10.86
monash_clayton,21359,Kinglake Central,51.734501186660005,2021,413,41,9.93
rmit_city,21359,Kinglake Central,49.423125065280004,2021,413,41,9.93
unimelb_parkville,21359,Kinglake Central,48.28264221443,2021,413,41,9.93
monash_clayton,21360,Kinglake West,49.19148461056,2021,1305,86,6.59
rmit_city,21360,Kinglake West,44.921810562400005,2021,1305,86,6.59
unimelb_parkville,21360,Kinglake West,43.6962998385,2021,1305,86,6.59
monash_clayton,21362,Kings Park (Vic.),37.6235170595,2021,8203,722,8.80
rmit_city,21362,Kings Park (Vic.),18.70581620238,2021,8203,722,8.80
unimelb_parkville,21362,Kings Park (Vic.),18.10066886005,2021,8203,722,8.80
monash_clayton,21363,Kingsbury,23.2976487997,2021,3460,419,12.11
rmit_city,21363,Kingsbury,11.95833557032,2021,3460,419,12.11
unimelb_parkville,21363,Kingsbury,10.70668109337,2021,3460,419,12.11
monash_clayton,21365,Kingsville,25.281595622050002,2021,3920,191,4.87
rmit_city,21365,Kingsville,7.23576811473,2021,3920,191,4.87
unimelb_parkville,21365,Kingsville,7.38739050718,2021,3920,191,4.87
monash_clayton,21374,Knoxfield,10.19081788253,2021,7645,641,8.38
rmit_city,21374,Knoxfield,26.63866219829,2021,7645,641,8.38
unimelb_parkville,21374,Knoxfield,27.1622595399,2021,7645,641,8.38
monash_clayton,21380,Koo Wee Rup,44.201170411250004,2021,4047,330,8.15
rmit_city,21380,Koo Wee Rup,63.131962859990004,2021,4047,330,8.15
unimelb_parkville,21380,Koo Wee Rup,64.15213238272,2021,4047,330,8.15
monash_clayton,21381,Koo Wee Rup North,43.42900813519,2021,47,0,0.00
rmit_city,21381,Koo Wee Rup North,62.50204167093,2021,47,0,0.00
unimelb_parkville,21381,Koo Wee Rup North,63.39307510632,2021,47,0,0.00
monash_clayton,21393,Kooyong,11.74726632791,2021,842,98,11.64
rmit_city,21393,Kooyong,7.42256240967,2021,842,98,11.64
unimelb_parkville,21393,Kooyong,8.25955612464,2021,842,98,11.64
monash_clayton,21411,Kurunjang,55.26884517832,2021,10711,936,8.74
rmit_city,21411,Kurunjang,36.395501143189996,2021,10711,936,8.74
unimelb_parkville,21411,Kurunjang,35.76123368013,2021,10711,936,8.74
monash_clayton,21452,Lalor,29.226561172950003,2021,23219,2013,8.67
rmit_city,21452,Lalor,16.21427072783,2021,23219,2013,8.67
unimelb_parkville,21452,Lalor,14.76216695379,2021,23219,2013,8.67
monash_clayton,21456,Lancefield,80.41869063944,2021,2743,204,7.44
rmit_city,21456,Lancefield,63.89255393719,2021,2743,204,7.44
unimelb_parkville,21456,Lancefield,62.477123407840004,2021,2743,204,7.44
monash_clayton,21459,Lang Lang,57.65768700531,2021,2556,189,7.39
rmit_city,21459,Lang Lang,76.42252294597,2021,2556,189,7.39
unimelb_parkville,21459,Lang Lang,77.49884996127999,2021,2556,189,7.39
monash_clayton,21460,Lang Lang East,60.42743552241,2021,94,0,0.00
rmit_city,21460,Lang Lang East,79.45073706221,2021,94,0,0.00
unimelb_parkville,21460,Lang Lang East,80.42534206187,2021,94,0,0.00
monash_clayton,21467,Langwarrin,27.46186687637,2021,23588,1861,7.89
rmit_city,21467,Langwarrin,43.5131705021,2021,23588,1861,7.89
unimelb_parkville,21467,Langwarrin,44.84098299309,2021,23588,1861,7.89
monash_clayton,21477,Laverton North,31.903836453700002,2021,119,6,5.04
rmit_city,21477,Laverton North,15.69536807868,2021,119,6,5.04
unimelb_parkville,21477,Laverton North,16.04676195195,2021,119,6,5.04
monash_clayton,21504,Lilydale (Vic.),26.407993483720002,2021,17348,1492,8.60
rmit_city,21504,Lilydale (Vic.),36.38644394895,2021,17348,1492,8.60
unimelb_parkville,21504,Lilydale (Vic.),36.20171248057,2021,17348,1492,8.60
monash_clayton,21533,Long Forest,62.00109447387,2021,343,21,6.12
rmit_city,21533,Long Forest,43.32849917619,2021,343,21,6.12
unimelb_parkville,21533,Long Forest,42.78382257964,2021,343,21,6.12
monash_clayton,21547,Lower Plenty,19.133405916380003,2021,3962,306,7.72
rmit_city,21547,Lower Plenty,15.914843309,2021,3962,306,7.72
unimelb_parkville,21547,Lower Plenty,15.23392767234,2021,3962,306,7.72
monash_clayton,21558,Lysterfield,14.527527619779999,2021,6681,768,11.50
rmit_city,21558,Lysterfield,32.803838821650004,2021,6681,768,11.50
unimelb_parkville,21558,Lysterfield,33.476688131230006,2021,6681,768,11.50
monash_clayton,21559,Lysterfield South,12.3824142448,2021,994,107,10.76
rmit_city,21559,Lysterfield South,31.22941439256,2021,994,107,10.76
unimelb_parkville,21559,Lysterfield South,32.0248041213,2021,994,107,10.76
monash_clayton,21561,Macclesfield (Vic.),31.212179168850003,2021,878,82,9.34
rmit_city,21561,Macclesfield (Vic.),47.11278569772,2021,878,82,9.34
unimelb_parkville,21561,Macclesfield (Vic.),47.392706987290005,2021,878,82,9.34
monash_clayton,21562,Macedon,74.08105024775999,2021,2073,126,6.08
rmit_city,21562,Macedon,55.41679723043,2021,2073,126,6.08
unimelb_parkville,21562,Macedon,54.27087596297,2021,2073,126,6.08
monash_clayton,21564,Macleod (Vic.),21.90048668668,2021,9892,707,7.15
rmit_city,21564,Macleod (Vic.),13.48604819592,2021,9892,707,7.15
unimelb_parkville,21564,Macleod (Vic.),12.43940527015,2021,9892,707,7.15
monash_clayton,21569,Maddingley,66.64781865152001,2021,5491,411,7.48
rmit_city,21569,Maddingley,48.6335691635,2021,5491,411,7.48
unimelb_parkville,21569,Maddingley,48.300059585460005,2021,5491,411,7.48
monash_clayton,21575,Maidstone,27.11297244762,2021,9389,853,9.09
rmit_city,21575,Maidstone,8.25461785608,2021,9389,853,9.09
unimelb_parkville,21575,Maidstone,7.85354010665,2021,9389,853,9.09
monash_clayton,21578,Main Ridge,56.601380028790004,2021,453,27,5.96
rmit_city,21578,Main Ridge,65.94700719756,2021,453,27,5.96
unimelb_parkville,21578,Main Ridge,67.45312767397,2021,453,27,5.96
monash_clayton,21586,Malvern (Vic.),10.6705967988,2021,9929,833,8.39
rmit_city,21586,Malvern (Vic.),8.449498011920001,2021,9929,833,8.39
unimelb_parkville,21586,Malvern (Vic.),9.50083789584,2021,9929,833,8.39
monash_clayton,21625,McCrae,52.39438466098,2021,3311,196,5.92
rmit_city,21625,McCrae,60.68908794144,2021,3311,196,5.92
unimelb_parkville,21625,McCrae,62.19435795895,2021,3311,196,5.92
monash_clayton,21587,Malvern East,6.921077299429999,2021,22296,2393,10.73
rmit_city,21587,Malvern East,12.1996868373,2021,22296,2393,10.73
unimelb_parkville,21587,Malvern East,13.20455309139,2021,22296,2393,10.73
monash_clayton,21588,Mambourin,51.52643729327,2021,315,22,6.98
rmit_city,21588,Mambourin,37.89192420844,2021,315,22,6.98
unimelb_parkville,21588,Mambourin,38.370882267380004,2021,315,22,6.98
monash_clayton,21604,Maribyrnong,26.96631995672,2021,12573,1211,9.63
rmit_city,21604,Maribyrnong,7.92650432396,2021,12573,1211,9.63
unimelb_parkville,21604,Maribyrnong,7.293529213429999,2021,12573,1211,9.63
monash_clayton,21619,Maryknoll,43.15118919204,2021,646,56,8.67
rmit_city,21619,Maryknoll,61.58893506672,2021,646,56,8.67
unimelb_parkville,21619,Maryknoll,62.21409929621,2021,646,56,8.67
monash_clayton,21629,McKinnon,8.622000462199999,2021,6878,625,9.09
rmit_city,21629,McKinnon,13.17279679301,2021,6878,625,9.09
unimelb_parkville,21629,McKinnon,14.486221232730001,2021,6878,625,9.09
monash_clayton,21635,Meadow Heights,34.563017351119996,2021,14890,1603,10.77
rmit_city,21635,Meadow Heights,17.845400431450003,2021,14890,1603,10.77
unimelb_parkville,21635,Meadow Heights,16.37849597183,2021,14890,1603,10.77
monash_clayton,21640,Melbourne,16.62900752314,2021,54941,13183,23.99
rmit_city,21640,Melbourne,2.56591295695,2021,54941,13183,23.99
unimelb_parkville,21640,Melbourne,3.87301651143,2021,54941,13183,23.99
monash_clayton,21641,Melbourne Airport,37.22641868507,2021,64,6,9.38
rmit_city,21641,Melbourne Airport,18.51933649218,2021,64,6,9.38
unimelb_parkville,21641,Melbourne Airport,17.35229993231,2021,64,6,9.38
monash_clayton,21642,Melton (Vic.),52.14873033993,2021,7953,627,7.88
rmit_city,21642,Melton (Vic.),33.276086715,2021,7953,627,7.88
unimelb_parkville,21642,Melton (Vic.),32.648664011550004,2021,7953,627,7.88
monash_clayton,21664,Merricks North,48.15773251322,2021,423,33,7.80
rmit_city,21664,Merricks North,59.9687386205,2021,423,33,7.80
unimelb_parkville,21664,Merricks North,61.454472774479996,2021,423,33,7.80
monash_clayton,21643,Melton South,54.653649140809996,2021,11362,881,7.75
rmit_city,21643,Melton South,36.218062399809995,2021,11362,881,7.75
unimelb_parkville,21643,Melton South,35.783578112559994,2021,11362,881,7.75
monash_clayton,21644,Melton West,58.3991019017,2021,8784,759,8.64
rmit_city,21644,Melton West,39.79325654182,2021,8784,759,8.64
unimelb_parkville,21644,Melton West,39.28375440087,2021,8784,759,8.64
monash_clayton,21648,Mentone,10.48342517796,2021,13197,879,6.66
rmit_city,21648,Mentone,21.386085439179997,2021,13197,879,6.66
unimelb_parkville,21648,Mentone,22.766080090470002,2021,13197,879,6.66
monash_clayton,21649,Menzies Creek,23.71525104831,2021,966,87,9.01
rmit_city,21649,Menzies Creek,40.982746054930004,2021,966,87,9.01
unimelb_parkville,21649,Menzies Creek,41.462219761300005,2021,966,87,9.01
monash_clayton,21659,Mernda,35.640969750260005,2021,23369,1688,7.22
rmit_city,21659,Mernda,26.27632135331,2021,23369,1688,7.22
unimelb_parkville,21659,Mernda,24.90574808368,2021,23369,1688,7.22
monash_clayton,21662,Merricks,53.70495612149,2021,184,7,3.80
rmit_city,21662,Merricks,65.70549716805,2021,184,7,3.80
unimelb_parkville,21662,Merricks,67.19133698389,2021,184,7,3.80
monash_clayton,21663,Merricks Beach,54.19421394025,2021,157,0,0.00
rmit_city,21663,Merricks Beach,66.72795345066001,2021,157,0,0.00
unimelb_parkville,21663,Merricks Beach,68.20543181513,2021,157,0,0.00
monash_clayton,21668,Merrimu,64.63152600256,2021,397,23,5.79
rmit_city,21668,Merrimu,46.04623137035,2021,397,23,5.79
unimelb_parkville,21668,Merrimu,45.53290788176,2021,397,23,5.79
monash_clayton,21675,Mickleham,45.45931576048,2021,17452,1329,7.62
rmit_city,21675,Mickleham,29.51742995823,2021,17452,1329,7.62
unimelb_parkville,21675,Mickleham,28.04218467672,2021,17452,1329,7.62
monash_clayton,21677,Middle Park (Vic.),16.83297335837,2021,4000,213,5.33
rmit_city,21677,Middle Park (Vic.),4.7234338655000006,2021,4000,213,5.33
unimelb_parkville,21677,Middle Park (Vic.),6.22925822962,2021,4000,213,5.33
monash_clayton,21683,Mill Park,28.150081342590003,2021,28712,2696,9.39
rmit_city,21683,Mill Park,18.30807666458,2021,28712,2696,9.39
unimelb_parkville,21683,Mill Park,17.00053131595,2021,28712,2696,9.39
monash_clayton,22344,St Kilda East,12.542786646849999,2021,12571,1004,7.99
rmit_city,22344,St Kilda East,7.59486694635,2021,12571,1004,7.99
unimelb_parkville,22344,St Kilda East,8.936580819020001,2021,12571,1004,7.99
monash_clayton,21685,Millgrove,48.88288104944,2021,1666,114,6.84
rmit_city,21685,Millgrove,61.05543799371,2021,1666,114,6.84
unimelb_parkville,21685,Millgrove,60.895595031919996,2021,1666,114,6.84
monash_clayton,21706,Mitcham (Vic.),11.76010407907,2021,16795,1311,7.81
rmit_city,21706,Mitcham (Vic.),20.924459959849997,2021,16795,1311,7.81
unimelb_parkville,21706,Mitcham (Vic.),21.042986772069998,2021,16795,1311,7.81
monash_clayton,21727,Monbulk,25.7662605841,2021,3651,265,7.26
rmit_city,21727,Monbulk,41.44267652018,2021,3651,265,7.26
unimelb_parkville,21727,Monbulk,41.729652380699996,2021,3651,265,7.26
monash_clayton,21733,Mont Albert North,12.17087073771,2021,5609,492,8.77
rmit_city,21733,Mont Albert North,13.10273117655,2021,5609,492,8.77
unimelb_parkville,21733,Mont Albert North,13.11203127106,2021,5609,492,8.77
monash_clayton,21735,Montmorency,21.14364880502,2021,9250,567,6.13
rmit_city,21735,Montmorency,17.24523273485,2021,9250,567,6.13
unimelb_parkville,21735,Montmorency,16.43345883153,2021,9250,567,6.13
monash_clayton,21728,Monegeetta,65.27776936379,2021,207,12,5.80
rmit_city,21728,Monegeetta,48.66501504307,2021,207,12,5.80
unimelb_parkville,21728,Monegeetta,47.24514634464,2021,207,12,5.80
monash_clayton,21731,Monomeith,48.24313860029,2021,69,3,4.35
rmit_city,21731,Monomeith,67.19625852925,2021,69,3,4.35
unimelb_parkville,21731,Monomeith,68.20799203717,2021,69,3,4.35
monash_clayton,21732,Mont Albert,10.59759127673,2021,4948,492,9.94
rmit_city,21732,Mont Albert,12.86604994774,2021,4948,492,9.94
unimelb_parkville,21732,Mont Albert,13.06908513243,2021,4948,492,9.94
monash_clayton,21736,Montrose (Vic.),20.73689298799,2021,6900,524,7.59
rmit_city,21736,Montrose (Vic.),33.347972498429996,2021,6900,524,7.59
unimelb_parkville,21736,Montrose (Vic.),33.42274949176,2021,6900,524,7.59
monash_clayton,21747,Moorabbin Airport,8.0970556037,2021,26,22,84.62
rmit_city,21747,Moorabbin Airport,22.44035275606,2021,26,22,84.62
unimelb_parkville,21747,Moorabbin Airport,23.714475300409998,2021,26,22,84.62
monash_clayton,21754,Moorooduc,36.97818881054,2021,1004,87,8.67
rmit_city,21754,Moorooduc,50.16976487159,2021,1004,87,8.67
unimelb_parkville,21754,Moorooduc,51.61927798508,2021,1004,87,8.67
monash_clayton,21755,Mooroolbark,21.986406322409998,2021,23059,1942,8.42
rmit_city,21755,Mooroolbark,32.0677196506,2021,23059,1942,8.42
unimelb_parkville,21755,Mooroolbark,31.95147040237,2021,23059,1942,8.42
monash_clayton,22805,Windsor (Vic.),14.079320619919999,2021,7273,693,9.53
rmit_city,22805,Windsor (Vic.),5.81195704316,2021,7273,693,9.53
unimelb_parkville,22805,Windsor (Vic.),7.178728308609999,2021,7273,693,9.53
monash_clayton,21742,Moonee Ponds,24.96035029994,2021,16224,1401,8.64
rmit_city,21742,Moonee Ponds,6.0465662380900005,2021,16224,1401,8.64
unimelb_parkville,21742,Moonee Ponds,4.95879599915,2021,16224,1401,8.64
monash_clayton,21746,Moorabbin,7.69331109667,2021,6287,429,6.82
rmit_city,21746,Moorabbin,17.00770692688,2021,6287,429,6.82
unimelb_parkville,21746,Moorabbin,18.327577894180003,2021,6287,429,6.82
monash_clayton,22820,Wollert,37.212998276949996,2021,24407,1700,6.97
rmit_city,22820,Wollert,24.4596825159,2021,24407,1700,6.97
unimelb_parkville,22820,Wollert,22.97465013287,2021,24407,1700,6.97
monash_clayton,22825,Wonga Park,22.53360260792,2021,3843,413,10.75
rmit_city,22825,Wonga Park,27.87773517767,2021,3843,413,10.75
unimelb_parkville,22825,Wonga Park,27.47000173336,2021,3843,413,10.75
monash_clayton,21760,Mordialloc,10.250086900140001,2021,8886,605,6.81
rmit_city,21760,Mordialloc,24.23891589743,2021,8886,605,6.81
unimelb_parkville,21760,Mordialloc,25.55464686038,2021,8886,605,6.81
monash_clayton,21763,Mornington (Vic.),35.83695595802,2021,25759,1610,6.25
rmit_city,21763,Mornington (Vic.),47.37663126403,2021,25759,1610,6.25
unimelb_parkville,21763,Mornington (Vic.),48.85672875057,2021,25759,1610,6.25
monash_clayton,21779,Mount Burnett,33.686602683489994,2021,180,23,12.78
rmit_city,21779,Mount Burnett,51.69311819994,2021,180,23,12.78
unimelb_parkville,21779,Mount Burnett,52.248319886190004,2021,180,23,12.78
monash_clayton,21786,Mount Cottrell,46.08880897073,2021,496,40,8.06
rmit_city,21786,Mount Cottrell,28.954149928579998,2021,496,40,8.06
unimelb_parkville,21786,Mount Cottrell,28.918592802510002,2021,496,40,8.06
monash_clayton,21878,Nar Nar Goon,44.676971491429995,2021,1023,73,7.14
rmit_city,21878,Nar Nar Goon,63.67692272141,2021,1023,73,7.14
unimelb_parkville,21878,Nar Nar Goon,64.48817728187,2021,1023,73,7.14
monash_clayton,21787,Mount Dandenong,20.618869720070002,2021,1271,80,6.29
rmit_city,21787,Mount Dandenong,34.368654963430004,2021,1271,80,6.29
unimelb_parkville,21787,Mount Dandenong,34.53050304407,2021,1271,80,6.29
monash_clayton,21793,Mount Eliza,31.60612001499,2021,18734,1330,7.10
rmit_city,21793,Mount Eliza,44.36296577443,2021,18734,1330,7.10
unimelb_parkville,21793,Mount Eliza,45.81473083414,2021,18734,1330,7.10
monash_clayton,21795,Mount Evelyn,25.8783627513,2021,9799,830,8.47
rmit_city,21795,Mount Evelyn,37.339378309500006,2021,9799,830,8.47
unimelb_parkville,21795,Mount Evelyn,37.26669382966,2021,9799,830,8.47
monash_clayton,22843,Woodstock (Vic.),41.086084696,2021,150,10,6.67
rmit_city,22843,Woodstock (Vic.),30.47892399898,2021,150,10,6.67
unimelb_parkville,22843,Woodstock (Vic.),29.036969770629998,2021,150,10,6.67
monash_clayton,22857,Woori Yallock,37.695444342,2021,2964,217,7.32
rmit_city,22857,Woori Yallock,50.227646114399995,2021,2964,217,7.32
unimelb_parkville,22857,Woori Yallock,50.1491989764,2021,2964,217,7.32
monash_clayton,22883,Wyndham Vale,46.77705360213999,2021,20518,1866,9.09
rmit_city,22883,Wyndham Vale,31.641147431910003,2021,20518,1866,9.09
unimelb_parkville,22883,Wyndham Vale,31.9564161315,2021,20518,1866,9.09
monash_clayton,21801,Mount Macedon,75.55800206175999,2021,1450,50,3.45
rmit_city,21801,Mount Macedon,57.1598485141,2021,1450,50,3.45
unimelb_parkville,21801,Mount Macedon,55.94983468646,2021,1450,50,3.45
monash_clayton,21803,Mount Martha,41.383143256850005,2021,19846,1367,6.89
rmit_city,21803,Mount Martha,52.06269986313,2021,19846,1367,6.89
unimelb_parkville,21803,Mount Martha,53.557891259390004,2021,19846,1367,6.89
monash_clayton,21814,Mount Toolebewong,43.3910839938,2021,119,4,3.36
rmit_city,21814,Mount Toolebewong,53.900944833779995,2021,119,4,3.36
unimelb_parkville,21814,Mount Toolebewong,53.62482029724001,2021,119,4,3.36
monash_clayton,22345,St Kilda West,15.62128064521,2021,2951,207,7.01
rmit_city,22345,St Kilda West,5.62820385939,2021,2951,207,7.01
unimelb_parkville,22345,St Kilda West,7.120984518559999,2021,2951,207,7.01
monash_clayton,21816,Mount Waverley,3.64943310355,2021,35340,3327,9.41
rmit_city,21816,Mount Waverley,16.56366852541,2021,35340,3327,9.41
unimelb_parkville,21816,Mount Waverley,17.31546011958,2021,35340,3327,9.41
monash_clayton,21827,Mulgrave (Vic.),2.7032270856,2021,19889,1562,7.85
rmit_city,21827,Mulgrave (Vic.),21.72970022389,2021,19889,1562,7.85
unimelb_parkville,21827,Mulgrave (Vic.),22.62379035271,2021,19889,1562,7.85
monash_clayton,21849,Murrumbeena,6.00618729652,2021,9996,880,8.80
rmit_city,21849,Murrumbeena,13.65224873994,2021,9996,880,8.80
unimelb_parkville,21849,Murrumbeena,14.76330305634,2021,9996,880,8.80
monash_clayton,21872,Nangana,35.46682638222,2021,54,0,0.00
rmit_city,21872,Nangana,51.10419692397,2021,54,0,0.00
unimelb_parkville,21872,Nangana,51.3359983004,2021,54,0,0.00
monash_clayton,22941,Yuroke,44.06661131796,2021,123,18,14.63
rmit_city,22941,Yuroke,26.927554008210002,2021,123,18,14.63
unimelb_parkville,22941,Yuroke,25.51622030074,2021,123,18,14.63
monash_clayton,21879,Nar Nar Goon North,39.784098750999995,2021,819,78,9.52
rmit_city,21879,Nar Nar Goon North,58.288884638809996,2021,819,78,9.52
unimelb_parkville,21879,Nar Nar Goon North,58.93441205292,2021,819,78,9.52
monash_clayton,21895,Narre Warren North,17.70251777391,2021,8033,904,11.25
rmit_city,21895,Narre Warren North,36.66135159623,2021,8033,904,11.25
unimelb_parkville,21895,Narre Warren North,37.47870032563,2021,8033,904,11.25
monash_clayton,21893,Narre Warren,18.872705788349997,2021,27689,2728,9.85
rmit_city,21893,Narre Warren,37.926753096569996,2021,27689,2728,9.85
unimelb_parkville,21893,Narre Warren,38.874519650020005,2021,27689,2728,9.85
monash_clayton,21894,Narre Warren East,20.33170174153,2021,434,54,12.44
rmit_city,21894,Narre Warren East,38.81133304541,2021,434,54,12.44
unimelb_parkville,21894,Narre Warren East,39.49394828533,2021,434,54,12.44
monash_clayton,22599,Tynong North,45.96104158547,2021,440,52,11.82
rmit_city,22599,Tynong North,64.23311575903,2021,440,52,11.82
unimelb_parkville,22599,Tynong North,64.81783984677,2021,440,52,11.82
monash_clayton,21896,Narre Warren South,21.12678123428,2021,30909,3555,11.50
rmit_city,21896,Narre Warren South,40.036441264779995,2021,30909,3555,11.50
unimelb_parkville,21896,Narre Warren South,41.05409702949,2021,30909,3555,11.50
monash_clayton,21991,Nutfield,34.59180243507,2021,158,4,2.53
rmit_city,21991,Nutfield,30.25355352604,2021,158,4,2.53
unimelb_parkville,21991,Nutfield,29.122090773110003,2021,158,4,2.53
monash_clayton,21921,New Gisborne,69.12314926172999,2021,2509,187,7.45
rmit_city,21921,New Gisborne,50.5299754469,2021,2509,187,7.45
unimelb_parkville,21921,New Gisborne,49.36219336191,2021,2509,187,7.45
monash_clayton,21934,Newport (Vic.),23.71628192985,2021,13658,855,6.26
rmit_city,21934,Newport (Vic.),8.37256433677,2021,13658,855,6.26
unimelb_parkville,21934,Newport (Vic.),9.218725013810001,2021,13658,855,6.26
monash_clayton,21998,Oak Park,28.62692475013,2021,6714,612,9.12
rmit_city,21998,Oak Park,10.66309022895,2021,6714,612,9.12
unimelb_parkville,21998,Oak Park,9.2721825637,2021,6714,612,9.12
monash_clayton,21999,Oaklands Junction,45.4234735887,2021,439,55,12.53
rmit_city,21999,Oaklands Junction,27.796416552129998,2021,439,55,12.53
unimelb_parkville,21999,Oaklands Junction,26.435237839739997,2021,439,55,12.53
monash_clayton,21942,Niddrie,29.04516651599,2021,5901,503,8.52
rmit_city,21942,Niddrie,10.11544074321,2021,5901,503,8.52
unimelb_parkville,21942,Niddrie,9.04760736744,2021,5901,503,8.52
monash_clayton,22721,Watsonia,22.792357154450002,2021,5352,335,6.26
rmit_city,22721,Watsonia,15.17566418321,2021,5352,335,6.26
unimelb_parkville,22721,Watsonia,14.12438185471,2021,5352,335,6.26
monash_clayton,21952,Noble Park,7.13614080061,2021,32257,3148,9.76
rmit_city,21952,Noble Park,25.79807990644,2021,32257,3148,9.76
unimelb_parkville,21952,Noble Park,26.83738717112,2021,32257,3148,9.76
monash_clayton,21953,Noble Park North,6.3803424918800005,2021,7436,629,8.46
rmit_city,21953,Noble Park North,25.39097772519,2021,7436,629,8.46
unimelb_parkville,21953,Noble Park North,26.35687597013,2021,7436,629,8.46
monash_clayton,21966,North Melbourne,21.14526017872,2021,14953,2415,16.15
rmit_city,21966,North Melbourne,2.07135961896,2021,14953,2415,16.15
unimelb_parkville,21966,North Melbourne,1.6647693109,2021,14953,2415,16.15
monash_clayton,21969,North Warrandyte,21.55139411603,2021,3027,249,8.23
rmit_city,21969,North Warrandyte,23.92678579357,2021,3027,249,8.23
unimelb_parkville,21969,North Warrandyte,23.388909039530002,2021,3027,249,8.23
monash_clayton,22000,Oakleigh,3.78915691431,2021,8442,883,10.46
rmit_city,22000,Oakleigh,15.515256720710001,2021,8442,883,10.46
unimelb_parkville,22000,Oakleigh,16.534818863399998,2021,8442,883,10.46
monash_clayton,21971,Northcote,19.4511032867,2021,25276,1749,6.92
rmit_city,21971,Northcote,5.228110897610001,2021,25276,1749,6.92
unimelb_parkville,21971,Northcote,4.18646526181,2021,25276,1749,6.92
monash_clayton,21974,Notting Hill,0.71384258862,2021,2895,518,17.89
rmit_city,21974,Notting Hill,19.089454507760003,2021,2895,518,17.89
unimelb_parkville,21974,Notting Hill,19.97312560561,2021,2895,518,17.89
monash_clayton,22001,Oakleigh East,1.74707796814,2021,6804,739,10.86
rmit_city,22001,Oakleigh East,17.400803605609998,2021,6804,739,10.86
unimelb_parkville,22001,Oakleigh East,18.363235487959997,2021,6804,739,10.86
monash_clayton,21985,Nunawading,10.97563226521,2021,12413,957,7.71
rmit_city,21985,Nunawading,18.86242684136,2021,12413,957,7.71
unimelb_parkville,21985,Nunawading,18.99116778539,2021,12413,957,7.71
monash_clayton,22002,Oakleigh South,4.3813660389699995,2021,9851,734,7.45
rmit_city,22002,Oakleigh South,17.39242503967,2021,9851,734,7.45
unimelb_parkville,22002,Oakleigh South,18.55563479339,2021,9851,734,7.45
monash_clayton,22006,Officer,28.65387894088,2021,18503,1553,8.39
rmit_city,22006,Officer,47.699577556579996,2021,18503,1553,8.39
unimelb_parkville,22006,Officer,48.554156990310005,2021,18503,1553,8.39
monash_clayton,22007,Officer South,33.198435241569996,2021,1159,67,5.78
rmit_city,22007,Officer South,52.24468956294,2021,1159,67,5.78
unimelb_parkville,22007,Officer South,53.200021285199995,2021,1159,67,5.78
monash_clayton,22009,Olinda (Vic.),21.45941485063,2021,1773,101,5.70
rmit_city,22009,Olinda (Vic.),36.144541503679996,2021,1773,101,5.70
unimelb_parkville,22009,Olinda (Vic.),36.37388111874,2021,1773,101,5.70
monash_clayton,22016,Ormond,8.51891553128,2021,8328,808,9.70
rmit_city,22016,Ormond,12.62060782343,2021,8328,808,9.70
unimelb_parkville,22016,Ormond,13.906752721470001,2021,8328,808,9.70
monash_clayton,22355,Steels Creek,42.6913676202,2021,276,14,5.07
rmit_city,22355,Steels Creek,44.82744163155,2021,276,14,5.07
unimelb_parkville,22355,Steels Creek,43.98178047916,2021,276,14,5.07
monash_clayton,22027,Pakenham,34.85727106926,2021,54118,4467,8.25
rmit_city,22027,Pakenham,53.86584493447,2021,54118,4467,8.25
unimelb_parkville,22027,Pakenham,54.688382967340004,2021,54118,4467,8.25
monash_clayton,22028,Pakenham South,41.01733466195,2021,229,34,14.85
rmit_city,22028,Pakenham South,60.08454190617,2021,229,34,14.85
unimelb_parkville,22028,Pakenham South,61.01403268229,2021,229,34,14.85
monash_clayton,22381,Strathmore Heights,30.171740009,2021,1047,76,7.26
rmit_city,22381,Strathmore Heights,11.81392004668,2021,1047,76,7.26
unimelb_parkville,22381,Strathmore Heights,10.511902102219999,2021,1047,76,7.26
monash_clayton,22382,Strathtulloh,51.49080320356,2021,3997,316,7.91
rmit_city,22382,Strathtulloh,33.3008186688,2021,3997,316,7.91
unimelb_parkville,22382,Strathtulloh,32.960223883430004,2021,3997,316,7.91
monash_clayton,22029,Pakenham Upper,33.73865919658,2021,1196,116,9.70
rmit_city,22029,Pakenham Upper,52.248044776280004,2021,1196,116,9.70
unimelb_parkville,22029,Pakenham Upper,52.90407617934,2021,1196,116,9.70
monash_clayton,22038,Parkville (Vic.),21.41581914415,2021,7074,2625,37.11
rmit_city,22038,Parkville (Vic.),2.60662623704,2021,7074,2625,37.11
unimelb_parkville,22038,Parkville (Vic.),1.41643700334,2021,7074,2625,37.11
monash_clayton,22391,Sunbury,54.49141176666,2021,38851,3307,8.51
rmit_city,22391,Sunbury,35.87120178078,2021,38851,3307,8.51
unimelb_parkville,22391,Sunbury,34.701008108610004,2021,38851,3307,8.51
monash_clayton,22032,Panton Hill,31.51119630965,2021,1063,110,10.35
rmit_city,22032,Panton Hill,31.275791778200002,2021,1063,110,10.35
unimelb_parkville,22032,Panton Hill,30.39890151807,2021,1063,110,10.35
monash_clayton,22037,Parkdale,10.46810800766,2021,12308,951,7.73
rmit_city,22037,Parkdale,23.10040497124,2021,12308,951,7.73
unimelb_parkville,22037,Parkdale,24.4505260235,2021,12308,951,7.73
monash_clayton,22036,Park Orchards,16.35154965312,2021,3835,455,11.86
rmit_city,22036,Park Orchards,22.251439307960002,2021,3835,455,11.86
unimelb_parkville,22036,Park Orchards,22.05123720723,2021,3835,455,11.86
monash_clayton,22722,Watsonia North,24.27948581267,2021,3799,283,7.45
rmit_city,22722,Watsonia North,16.61835884293,2021,3799,283,7.45
unimelb_parkville,22722,Watsonia North,15.50987926843,2021,3799,283,7.45
monash_clayton,22041,Pascoe Vale,27.10893811665,2021,18171,1350,7.43
rmit_city,22041,Pascoe Vale,9.54109356259,2021,18171,1350,7.43
unimelb_parkville,22041,Pascoe Vale,8.088161402079999,2021,18171,1350,7.43
monash_clayton,22087,Point Leo,56.17292301123,2021,178,9,5.06
rmit_city,22087,Point Leo,67.86744942206,2021,178,9,5.06
unimelb_parkville,22087,Point Leo,69.35845196116999,2021,178,9,5.06
monash_clayton,22042,Pascoe Vale South,25.3347660828,2021,10534,872,8.28
rmit_city,22042,Pascoe Vale South,7.43839277991,2021,10534,872,8.28
unimelb_parkville,22042,Pascoe Vale South,6.00001197897,2021,10534,872,8.28
monash_clayton,22047,Patterson Lakes,17.43988287367,2021,7793,542,6.95
rmit_city,22047,Patterson Lakes,33.01573726323,2021,7793,542,6.95
unimelb_parkville,22047,Patterson Lakes,34.33287544114,2021,7793,542,6.95
monash_clayton,22179,Ripponlea,12.86434910669,2021,1532,157,10.25
rmit_city,22179,Ripponlea,8.38294845341,2021,1532,157,10.25
unimelb_parkville,22179,Ripponlea,9.80495809768,2021,1532,157,10.25
monash_clayton,22050,Pearcedale,33.422962842809994,2021,3867,359,9.28
rmit_city,22050,Pearcedale,50.08476305423,2021,3867,359,9.28
unimelb_parkville,22050,Pearcedale,51.388584478949994,2021,3867,359,9.28
monash_clayton,22058,Pentland Hills,72.37576919933,2021,158,14,8.86
rmit_city,22058,Pentland Hills,54.008456748069996,2021,158,14,8.86
unimelb_parkville,22058,Pentland Hills,53.56022990676,2021,158,14,8.86
monash_clayton,22064,Pheasant Creek (Vic.),50.90243674602,2021,360,27,7.50
rmit_city,22064,Pheasant Creek (Vic.),47.64672070767,2021,360,27,7.50
unimelb_parkville,22064,Pheasant Creek (Vic.),46.46262626995,2021,360,27,7.50
monash_clayton,22084,Plenty (Vic.),27.3088999917,2021,2575,294,11.42
rmit_city,22084,Plenty (Vic.),20.64206085947,2021,2575,294,11.42
unimelb_parkville,22084,Plenty (Vic.),19.50283446016,2021,2575,294,11.42
monash_clayton,22085,Plumpton (Vic.),49.8603093067,2021,79,8,10.13
rmit_city,22085,Plumpton (Vic.),30.82974559266,2021,79,8,10.13
unimelb_parkville,22085,Plumpton (Vic.),30.07431485684,2021,79,8,10.13
monash_clayton,22086,Point Cook,33.41807831518,2021,66781,4799,7.19
rmit_city,22086,Point Cook,21.08975658527,2021,66781,4799,7.19
unimelb_parkville,22086,Point Cook,21.9084272543,2021,66781,4799,7.19
monash_clayton,22185,Rochford,78.3970607769,2021,71,4,5.63
rmit_city,22185,Rochford,61.05553135713,2021,71,4,5.63
unimelb_parkville,22185,Rochford,59.701174453,2021,71,4,5.63
monash_clayton,22107,Port Melbourne,20.5638979109,2021,17633,969,5.50
rmit_city,22107,Port Melbourne,4.5518171363399995,2021,17633,969,5.50
unimelb_parkville,22107,Port Melbourne,5.65528684542,2021,17633,969,5.50
monash_clayton,22113,Portsea,59.15945632091,2021,787,21,2.67
rmit_city,22113,Portsea,61.37924984786,2021,787,21,2.67
unimelb_parkville,22113,Portsea,62.79127272614,2021,787,21,2.67
monash_clayton,22115,Powelltown,55.714312428999996,2021,214,33,15.42
rmit_city,22115,Powelltown,71.04369981162999,2021,214,33,15.42
unimelb_parkville,22115,Powelltown,71.1802855662,2021,214,33,15.42
monash_clayton,22186,Rockbank,46.616559246639994,2021,2583,214,8.28
rmit_city,22186,Rockbank,28.23787981754,2021,2583,214,8.28
unimelb_parkville,22186,Rockbank,27.855292483550002,2021,2583,214,8.28
monash_clayton,22723,Watsons Creek (Vic.),29.92003456282,2021,58,0,0.00
rmit_city,22723,Watsons Creek (Vic.),31.32464151863,2021,58,0,0.00
unimelb_parkville,22723,Watsons Creek (Vic.),30.56163935011,2021,58,0,0.00
monash_clayton,22118,Prahran,13.083015106520001,2021,12203,1095,8.97
rmit_city,22118,Prahran,6.321091021659999,2021,12203,1095,8.97
unimelb_parkville,22118,Prahran,7.55869516898,2021,12203,1095,8.97
monash_clayton,22121,Preston (Vic.),21.914633344139997,2021,33790,2618,7.75
rmit_city,22121,Preston (Vic.),8.36890011052,2021,33790,2618,7.75
unimelb_parkville,22121,Preston (Vic.),7.07299079518,2021,33790,2618,7.75
monash_clayton,22122,Princes Hill,20.67803528878,2021,2005,200,9.98
rmit_city,22122,Princes Hill,2.94920730722,2021,2005,200,9.98
unimelb_parkville,22122,Princes Hill,1.4654963348799999,2021,2005,200,9.98
monash_clayton,22132,Quandong,55.80562557543,2021,5,0,0.00
rmit_city,22132,Quandong,40.013979268069995,2021,5,0,0.00
unimelb_parkville,22132,Quandong,40.17067752931,2021,5,0,0.00
monash_clayton,22141,Ravenhall,38.22696929421,2021,2295,341,14.86
rmit_city,22141,Ravenhall,20.167295195940003,2021,2295,341,14.86
unimelb_parkville,22141,Ravenhall,19.957516553879998,2021,2295,341,14.86
monash_clayton,22148,Red Hill (Vic.),51.213844302220004,2021,1009,63,6.24
rmit_city,22148,Red Hill (Vic.),61.58347187271,2021,1009,63,6.24
unimelb_parkville,22148,Red Hill (Vic.),63.085155988589996,2021,1009,63,6.24
monash_clayton,22149,Red Hill South,53.12567226993,2021,708,46,6.50
rmit_city,22149,Red Hill South,64.22792994567,2021,708,46,6.50
unimelb_parkville,22149,Red Hill South,65.72435873269,2021,708,46,6.50
monash_clayton,22160,Research,23.277079463779998,2021,2695,261,9.68
rmit_city,22160,Research,23.37605899275,2021,2695,261,9.68
unimelb_parkville,22160,Research,22.676055122959998,2021,2695,261,9.68
monash_clayton,22161,Reservoir (Vic.),24.98624456324,2021,51096,3963,7.76
rmit_city,22161,Reservoir (Vic.),11.20677447017,2021,51096,3963,7.76
unimelb_parkville,22161,Reservoir (Vic.),9.78409493997,2021,51096,3963,7.76
monash_clayton,22194,Rosanna,19.86864603425,2021,8616,590,6.85
rmit_city,22194,Rosanna,12.15793085965,2021,8616,590,6.85
unimelb_parkville,22194,Rosanna,11.26771750669,2021,8616,590,6.85
monash_clayton,22170,Richmond (Vic.),15.33632902232,2021,28587,2561,8.96
rmit_city,22170,Richmond (Vic.),3.86149533992,2021,28587,2561,8.96
unimelb_parkville,22170,Richmond (Vic.),4.66613535366,2021,28587,2561,8.96
monash_clayton,22172,Riddells Creek,65.41541187348,2021,4390,329,7.49
rmit_city,22172,Riddells Creek,47.27653575086,2021,4390,329,7.49
unimelb_parkville,22172,Riddells Creek,46.01246436737,2021,4390,329,7.49
monash_clayton,22174,Ringwood (Vic.),13.831481135239999,2021,19144,1466,7.66
rmit_city,22174,Ringwood (Vic.),23.45152977398,2021,19144,1466,7.66
unimelb_parkville,22174,Ringwood (Vic.),23.502868984270002,2021,19144,1466,7.66
monash_clayton,22756,West Footscray,26.32614028672,2021,11729,783,6.68
rmit_city,22756,West Footscray,8.10478711135,2021,11729,783,6.68
unimelb_parkville,22756,West Footscray,8.12054358107,2021,11729,783,6.68
monash_clayton,22175,Ringwood East,14.72471787301,2021,10764,840,7.80
rmit_city,22175,Ringwood East,25.19929638176,2021,10764,840,7.80
unimelb_parkville,22175,Ringwood East,25.26244683356,2021,10764,840,7.80
monash_clayton,22176,Ringwood North,15.6564716493,2021,9964,797,8.00
rmit_city,22176,Ringwood North,23.92368771953,2021,9964,797,8.00
unimelb_parkville,22176,Ringwood North,23.85207727722,2021,9964,797,8.00
monash_clayton,22193,Romsey,71.66606140531,2021,5797,382,6.59
rmit_city,22193,Romsey,54.6022627636,2021,5797,382,6.59
unimelb_parkville,22193,Romsey,53.21936471124,2021,5797,382,6.59
monash_clayton,22198,Rosebud,54.658521774250005,2021,14381,852,5.92
rmit_city,22198,Rosebud,62.623121332429996,2021,14381,852,5.92
unimelb_parkville,22198,Rosebud,64.12681470774,2021,14381,852,5.92
monash_clayton,22207,Rowville,8.95326645199,2021,33571,3241,9.65
rmit_city,22207,Rowville,27.41482073861,2021,33571,3241,9.65
unimelb_parkville,22207,Rowville,28.15545548815,2021,33571,3241,9.65
monash_clayton,22208,Roxburgh Park,36.672634504280005,2021,24129,2883,11.95
rmit_city,22208,Roxburgh Park,20.54351594956,2021,24129,2883,11.95
unimelb_parkville,22208,Roxburgh Park,19.05843315803,2021,24129,2883,11.95
monash_clayton,22220,Rye,60.09216042558,2021,9438,471,4.99
rmit_city,22220,Rye,65.64162180889001,2021,9438,471,4.99
unimelb_parkville,22220,Rye,67.11991367658001,2021,9438,471,4.99
monash_clayton,22221,Rythdale,38.3239897658,2021,33,6,18.18
rmit_city,22221,Rythdale,57.342475789299996,2021,33,6,18.18
unimelb_parkville,22221,Rythdale,58.31881762345,2021,33,6,18.18
monash_clayton,22222,Safety Beach (Vic.),46.54209672606,2021,6328,402,6.35
rmit_city,22222,Safety Beach (Vic.),56.462354272060004,2021,6328,402,6.35
unimelb_parkville,22222,Safety Beach (Vic.),57.96535917445,2021,6328,402,6.35
monash_clayton,22232,Sandhurst,20.06965996557,2021,5211,366,7.02
rmit_city,22232,Sandhurst,37.38063702479,2021,5211,366,7.02
unimelb_parkville,22232,Sandhurst,38.60898470009,2021,5211,366,7.02
monash_clayton,22239,Sassafras (Vic.),19.71593675017,2021,970,70,7.22
rmit_city,22239,Sassafras (Vic.),34.93255252271,2021,970,70,7.22
unimelb_parkville,22239,Sassafras (Vic.),35.22597356806,2021,970,70,7.22
monash_clayton,22242,Scoresby,7.21870864061,2021,6066,564,9.30
rmit_city,22242,Scoresby,24.957850801960003,2021,6066,564,9.30
unimelb_parkville,22242,Scoresby,25.63669110409,2021,6066,564,9.30
monash_clayton,22234,Sandringham (Vic.),11.71105725969,2021,10926,808,7.40
rmit_city,22234,Sandringham (Vic.),16.7984359196,2021,10926,808,7.40
unimelb_parkville,22234,Sandringham (Vic.),18.24891381519,2021,10926,808,7.40
monash_clayton,22256,Seddon (Vic.),24.44826040364,2021,5143,316,6.14
rmit_city,22256,Seddon (Vic.),6.22551324335,2021,5143,316,6.14
unimelb_parkville,22256,Seddon (Vic.),6.3665874837,2021,5143,316,6.14
monash_clayton,22247,Seabrook,33.43241309719,2021,4952,366,7.39
rmit_city,22247,Seabrook,19.68697424874,2021,4952,366,7.39
unimelb_parkville,22247,Seabrook,20.35895833459,2021,4952,366,7.39
monash_clayton,22291,Skye (Vic.),22.58393424761,2021,8088,765,9.46
rmit_city,22291,Skye (Vic.),39.67472150711,2021,8088,765,9.46
unimelb_parkville,22291,Skye (Vic.),40.92669538876,2021,8088,765,9.46
monash_clayton,22249,Seaford (Vic.),21.73939234557,2021,17215,1100,6.39
rmit_city,22249,Seaford (Vic.),36.68734307104,2021,17215,1100,6.39
unimelb_parkville,22249,Seaford (Vic.),38.04827257926,2021,17215,1100,6.39
monash_clayton,22250,Seaholme,26.19450932825,2021,2067,123,5.95
rmit_city,22250,Seaholme,12.11906907047,2021,2067,123,5.95
unimelb_parkville,22250,Seaholme,12.968576497419999,2021,2067,123,5.95
monash_clayton,22258,Selby,21.50156052461,2021,1626,135,8.30
rmit_city,22258,Selby,38.770240767640004,2021,1626,135,8.30
unimelb_parkville,22258,Selby,39.26198719616,2021,1626,135,8.30
monash_clayton,22263,Seville,33.31742479519,2021,2559,218,8.52
rmit_city,22263,Seville,46.248183517979996,2021,2559,218,8.52
unimelb_parkville,22263,Seville,46.23015460019,2021,2559,218,8.52
monash_clayton,22264,Seville East,34.90517719396,2021,837,59,7.05
rmit_city,22264,Seville East,47.31544809389,2021,837,59,7.05
unimelb_parkville,22264,Seville East,47.24291843346,2021,837,59,7.05
monash_clayton,22295,Smiths Gully,34.11119649927,2021,356,29,8.15
rmit_city,22295,Smiths Gully,34.98533225916,2021,356,29,8.15
unimelb_parkville,22295,Smiths Gully,34.13905220034,2021,356,29,8.15
monash_clayton,22303,Somers,52.24757300062,2021,1857,97,5.22
rmit_city,22303,Somers,65.73810163437,2021,1857,97,5.22
unimelb_parkville,22303,Somers,67.19421837991,2021,1857,97,5.22
monash_clayton,22278,Sherbrooke,19.76002043477,2021,294,22,7.48
rmit_city,22278,Sherbrooke,36.134977891249996,2021,294,22,7.48
unimelb_parkville,22278,Sherbrooke,36.53780887262,2021,294,22,7.48
monash_clayton,22279,Shoreham,57.98885836734,2021,679,18,2.65
rmit_city,22279,Shoreham,68.96862072283001,2021,679,18,2.65
unimelb_parkville,22279,Shoreham,70.46762473302,2021,679,18,2.65
monash_clayton,22281,Silvan,28.216690370000002,2021,1323,101,7.63
rmit_city,22281,Silvan,42.27381197537,2021,1323,101,7.63
unimelb_parkville,22281,Silvan,42.38980529752,2021,1323,101,7.63
monash_clayton,22304,Somerton (Vic.),34.974585572420004,2021,6,0,0.00
rmit_city,22304,Somerton (Vic.),19.440765000909998,2021,6,0,0.00
unimelb_parkville,22304,Somerton (Vic.),17.93899714117,2021,6,0,0.00
monash_clayton,22315,Southbank,17.89031921542,2021,22631,3184,14.07
rmit_city,22315,Southbank,1.8936332615,2021,22631,3184,14.07
unimelb_parkville,22315,Southbank,3.39701491369,2021,22631,3184,14.07
monash_clayton,22305,Somerville (Vic.),36.16469474239,2021,11767,905,7.69
rmit_city,22305,Somerville (Vic.),51.568691587829996,2021,11767,905,7.69
unimelb_parkville,22305,Somerville (Vic.),52.943753350070004,2021,11767,905,7.69
monash_clayton,22306,Sorrento (Vic.),59.28804713303,2021,2013,65,3.23
rmit_city,22306,Sorrento (Vic.),62.53507831481,2021,2013,65,3.23
unimelb_parkville,22306,Sorrento (Vic.),63.971663473629995,2021,2013,65,3.23
monash_clayton,22309,South Kingsville,25.0094765709,2021,2156,123,5.71
rmit_city,22309,South Kingsville,8.40287633045,2021,2156,123,5.71
unimelb_parkville,22309,South Kingsville,8.96364350144,2021,2156,123,5.71
monash_clayton,22474,Taylors Lakes,39.257428667330004,2021,15174,1553,10.23
rmit_city,22474,Taylors Lakes,20.18555015402,2021,15174,1553,10.23
unimelb_parkville,22474,Taylors Lakes,19.30527245856,2021,15174,1553,10.23
monash_clayton,22310,South Melbourne,17.649776131390002,2021,11548,791,6.85
rmit_city,22310,South Melbourne,2.8757896928999997,2021,11548,791,6.85
unimelb_parkville,22310,South Melbourne,4.38086547173,2021,11548,791,6.85
monash_clayton,22311,South Morang,30.63256811739,2021,24989,2361,9.45
rmit_city,22311,South Morang,21.85295018856,2021,24989,2361,9.45
unimelb_parkville,22311,South Morang,20.5564389466,2021,24989,2361,9.45
monash_clayton,22313,South Wharf,18.77515306498,2021,71,9,12.68
rmit_city,22313,South Wharf,2.08741506624,2021,71,9,12.68
unimelb_parkville,22313,South Wharf,3.51134476872,2021,71,9,12.68
monash_clayton,22314,South Yarra,15.10133232541,2021,25028,2560,10.23
rmit_city,22314,South Yarra,4.16824440441,2021,25028,2560,10.23
unimelb_parkville,22314,South Yarra,5.43310067139,2021,25028,2560,10.23
monash_clayton,22319,Spotswood,23.72782145807,2021,2820,154,5.46
rmit_city,22319,Spotswood,7.11199159707,2021,2820,154,5.46
unimelb_parkville,22319,Spotswood,7.76942496145,2021,2820,154,5.46
monash_clayton,22330,St Albans (Vic.),33.7430660646,2021,38042,3725,9.79
rmit_city,22330,St Albans (Vic.),14.800656024510001,2021,38042,3725,9.79
unimelb_parkville,22330,St Albans (Vic.),14.203556948260001,2021,38042,3725,9.79
monash_clayton,22325,Springfield (Macedon Ranges - Vic.),70.0213978012,2021,193,18,9.33
rmit_city,22325,Springfield (Macedon Ranges - Vic.),54.41518852464,2021,193,18,9.33
unimelb_parkville,22325,Springfield (Macedon Ranges - Vic.),52.95008662592,2021,193,18,9.33
monash_clayton,22328,Springvale (Vic.),4.41475464006,2021,22174,2336,10.53
rmit_city,22328,Springvale (Vic.),23.23909723044,2021,22174,2336,10.53
unimelb_parkville,22328,Springvale (Vic.),24.23939348975,2021,22174,2336,10.53
monash_clayton,22329,Springvale South,6.83132581156,2021,12766,1287,10.08
rmit_city,22329,Springvale South,24.42437378565,2021,12766,1287,10.08
unimelb_parkville,22329,Springvale South,25.55596711451,2021,12766,1287,10.08
monash_clayton,22332,St Andrews (Vic.),39.00794692148,2021,1186,121,10.20
rmit_city,22332,St Andrews (Vic.),38.16274531159,2021,1186,121,10.20
unimelb_parkville,22332,St Andrews (Vic.),37.17357779987999,2021,1186,121,10.20
monash_clayton,22339,St Helena,24.54846060066,2021,2890,223,7.72
rmit_city,22339,St Helena,19.33811603314,2021,2890,223,7.72
unimelb_parkville,22339,St Helena,18.34019709454,2021,2890,223,7.72
monash_clayton,22333,St Andrews Beach,62.47870043125,2021,974,54,5.54
rmit_city,22333,St Andrews Beach,68.80513993105,2021,974,54,5.54
unimelb_parkville,22333,St Andrews Beach,70.29242755011,2021,974,54,5.54
monash_clayton,22343,St Kilda (Vic.),14.60916610819,2021,19490,1392,7.14
rmit_city,22343,St Kilda (Vic.),6.43694963964,2021,19490,1392,7.14
unimelb_parkville,22343,St Kilda (Vic.),7.90080580365,2021,19490,1392,7.14
monash_clayton,22375,Strathewen,43.36911421262,2021,198,11,5.56
rmit_city,22375,Strathewen,41.08917226885,2021,198,11,5.56
unimelb_parkville,22375,Strathewen,39.99214069398,2021,198,11,5.56
monash_clayton,22380,Strathmore (Vic.),27.61348603307,2021,8980,860,9.58
rmit_city,22380,Strathmore (Vic.),9.42039844456,2021,8980,860,9.58
unimelb_parkville,22380,Strathmore (Vic.),8.05950587918,2021,8980,860,9.58
monash_clayton,22395,Sunshine (Vic.),29.680363573170002,2021,9445,861,9.12
rmit_city,22395,Sunshine (Vic.),11.35365931497,2021,9445,861,9.12
unimelb_parkville,22395,Sunshine (Vic.),11.192805942889999,2021,9445,861,9.12
monash_clayton,22396,Sunshine North,31.09424394224,2021,12047,1145,9.50
rmit_city,22396,Sunshine North,12.18549320808,2021,12047,1145,9.50
unimelb_parkville,22396,Sunshine North,11.650367362,2021,12047,1145,9.50
monash_clayton,22484,Templestowe Lower,16.34628215919,2021,14098,973,6.90
rmit_city,22484,Templestowe Lower,14.22281970085,2021,14098,973,6.90
unimelb_parkville,22484,Templestowe Lower,13.77252100296,2021,14098,973,6.90
monash_clayton,22397,Sunshine West,31.66861957661,2021,18552,1610,8.68
rmit_city,22397,Sunshine West,13.878046272339999,2021,18552,1610,8.68
unimelb_parkville,22397,Sunshine West,13.86133215385,2021,18552,1610,8.68
monash_clayton,22556,Tottenham (Vic.),27.46827467753,2021,3,0,0.00
rmit_city,22556,Tottenham (Vic.),9.563336558389999,2021,3,0,0.00
unimelb_parkville,22556,Tottenham (Vic.),9.64590922592,2021,3,0,0.00
monash_clayton,22399,Surrey Hills,10.01635101693,2021,13655,1334,9.77
rmit_city,22399,Surrey Hills,12.26511933623,2021,13655,1334,9.77
unimelb_parkville,22399,Surrey Hills,12.57542706052,2021,13655,1334,9.77
monash_clayton,22414,Sydenham (Vic.),40.59202128352,2021,10578,1090,10.30
rmit_city,22414,Sydenham (Vic.),21.52063042608,2021,10578,1090,10.30
unimelb_parkville,22414,Sydenham (Vic.),20.695963577369998,2021,10578,1090,10.30
monash_clayton,22451,Tarneit,42.74693349707,2021,56370,4738,8.41
rmit_city,22451,Tarneit,26.82542718173,2021,56370,4738,8.41
unimelb_parkville,22451,Tarneit,27.05337627471,2021,56370,4738,8.41
monash_clayton,22572,Travancore,22.68354330395,2021,2116,267,12.62
rmit_city,22572,Travancore,3.71443590208,2021,2116,267,12.62
unimelb_parkville,22572,Travancore,2.7106438862199997,2021,2116,267,12.62
monash_clayton,22457,Tarrawarra,38.94319027998,2021,81,0,0.00
rmit_city,22457,Tarrawarra,45.43449188534,2021,81,0,0.00
unimelb_parkville,22457,Tarrawarra,44.89161711471,2021,81,0,0.00
monash_clayton,22473,Taylors Hill,40.11866631968,2021,15419,1423,9.23
rmit_city,22473,Taylors Hill,21.12818776901,2021,15419,1423,9.23
unimelb_parkville,22473,Taylors Hill,20.444112496139997,2021,15419,1423,9.23
monash_clayton,22476,Tecoma,18.22727910907,2021,2064,176,8.53
rmit_city,22476,Tecoma,35.295830522980005,2021,2064,176,8.53
unimelb_parkville,22476,Tecoma,35.78552778656,2021,2064,176,8.53
monash_clayton,22483,Templestowe,17.161439862620004,2021,16966,1341,7.90
rmit_city,22483,Templestowe,16.9996098885,2021,16966,1341,7.90
unimelb_parkville,22483,Templestowe,16.53987424221,2021,16966,1341,7.90
monash_clayton,22496,The Basin (Vic.),17.45195772977,2021,4497,324,7.20
rmit_city,22496,The Basin (Vic.),32.12362260151,2021,4497,324,7.20
unimelb_parkville,22496,The Basin (Vic.),32.398094798689996,2021,4497,324,7.20
monash_clayton,22501,The Patch,23.426741961439998,2021,1046,62,5.93
rmit_city,22501,The Patch,39.75618307056,2021,1046,62,5.93
unimelb_parkville,22501,The Patch,40.12709335545,2021,1046,62,5.93
monash_clayton,22504,Thomastown,27.70738373252,2021,20234,1747,8.63
rmit_city,22504,Thomastown,14.40748768334,2021,20234,1747,8.63
unimelb_parkville,22504,Thomastown,12.96099762749,2021,20234,1747,8.63
monash_clayton,22508,Thornbury,20.488373764989998,2021,19005,1352,7.11
rmit_city,22508,Thornbury,6.68128891033,2021,19005,1352,7.11
unimelb_parkville,22508,Thornbury,5.492379590710001,2021,19005,1352,7.11
monash_clayton,22509,Thornhill Park,48.696509246510004,2021,3066,228,7.44
rmit_city,22509,Thornhill Park,30.25722242245,2021,3066,228,7.44
unimelb_parkville,22509,Thornhill Park,29.84262468508,2021,3066,228,7.44
monash_clayton,22514,Three Bridges,48.2511165016,2021,188,20,10.64
rmit_city,22514,Three Bridges,63.36833297702999,2021,188,20,10.64
unimelb_parkville,22514,Three Bridges,63.4991751077,2021,188,20,10.64
monash_clayton,22531,Tonimbuk,52.81958427918,2021,229,10,4.37
rmit_city,22531,Tonimbuk,70.71792849146999,2021,229,10,4.37
unimelb_parkville,22531,Tonimbuk,71.22003576644,2021,229,10,4.37
monash_clayton,22536,Toolangi,54.69299131179,2021,366,14,3.83
rmit_city,22536,Toolangi,58.155420517109995,2021,366,14,3.83
unimelb_parkville,22536,Toolangi,57.32983649351,2021,366,14,3.83
monash_clayton,22537,Toolern Vale,58.91998893106,2021,818,78,9.54
rmit_city,22537,Toolern Vale,39.85155958486,2021,818,78,9.54
unimelb_parkville,22537,Toolern Vale,39.01745621648,2021,818,78,9.54
monash_clayton,22546,Tooradin,38.70051311756001,2021,1722,130,7.55
rmit_city,22546,Tooradin,57.05971301768,2021,1722,130,7.55
unimelb_parkville,22546,Tooradin,58.207263805379995,2021,1722,130,7.55
monash_clayton,22586,Tullamarine,32.30042139169,2021,6733,479,7.11
rmit_city,22586,Tullamarine,13.7865639718,2021,6733,479,7.11
unimelb_parkville,22586,Tullamarine,12.538796818529999,2021,6733,479,7.11
monash_clayton,22547,Toorak,12.97043789775,2021,12817,1108,8.64
rmit_city,22547,Toorak,6.103821318770001,2021,12817,1108,8.64
unimelb_parkville,22547,Toorak,7.09855356133,2021,12817,1108,8.64
monash_clayton,22550,Tootgarook,57.54602234933,2021,3178,190,5.98
rmit_city,22550,Tootgarook,63.91245903158,2021,3178,190,5.98
unimelb_parkville,22550,Tootgarook,65.4026599946,2021,3178,190,5.98
monash_clayton,22576,Tremont,16.08549679599,2021,69,5,7.25
rmit_city,22576,Tremont,31.956340557,2021,69,5,7.25
unimelb_parkville,22576,Tremont,32.34758596371,2021,69,5,7.25
monash_clayton,22582,Truganina,39.02070516989,2021,36305,2876,7.92
rmit_city,22582,Truganina,21.79245643855,2021,36305,2876,7.92
unimelb_parkville,22582,Truganina,21.80238824417,2021,36305,2876,7.92
monash_clayton,22584,Tuerong,43.161827274880004,2021,357,23,6.44
rmit_city,22584,Tuerong,55.51594467668,2021,357,23,6.44
unimelb_parkville,22584,Tuerong,56.98949916932,2021,357,23,6.44
monash_clayton,22594,Tyabb,39.78055816778,2021,3449,306,8.87
rmit_city,22594,Tyabb,54.632397202499995,2021,3449,306,8.87
unimelb_parkville,22594,Tyabb,56.034902275469996,2021,3449,306,8.87
monash_clayton,22614,Upper Ferntree Gully,15.33558515393,2021,3417,279,8.17
rmit_city,22614,Upper Ferntree Gully,32.21339351284,2021,3417,279,8.17
unimelb_parkville,22614,Upper Ferntree Gully,32.70768164933,2021,3417,279,8.17
monash_clayton,22617,Upper Plenty,55.475985407879996,2021,415,30,7.23
rmit_city,22617,Upper Plenty,44.598479396230005,2021,415,30,7.23
unimelb_parkville,22617,Upper Plenty,43.121131223199995,2021,415,30,7.23
monash_clayton,22620,Upwey,16.66304682555,2021,6818,520,7.63
rmit_city,22620,Upwey,33.70088735818,2021,6818,520,7.63
unimelb_parkville,22620,Upwey,34.19981683037,2021,6818,520,7.63
monash_clayton,22757,West Melbourne,22.00578460622,2021,8025,1228,15.30
rmit_city,22757,West Melbourne,3.7099437356,2021,8025,1228,15.30
unimelb_parkville,22757,West Melbourne,4.12003283275,2021,8025,1228,15.30
monash_clayton,22627,Vermont,9.744126718310001,2021,10993,782,7.11
rmit_city,22627,Vermont,21.15489472471,2021,10993,782,7.11
unimelb_parkville,22627,Vermont,21.43814957897,2021,10993,782,7.11
monash_clayton,22628,Vermont South,7.6329529658499995,2021,11954,1072,8.97
rmit_city,22628,Vermont South,20.53493751286,2021,11954,1072,8.97
unimelb_parkville,22628,Vermont South,20.96120624512,2021,11954,1072,8.97
monash_clayton,22629,Vervale,52.57598540504,2021,44,0,0.00
rmit_city,22629,Vervale,71.52571736979,2021,44,0,0.00
unimelb_parkville,22629,Vervale,72.30502778485999,2021,44,0,0.00
monash_clayton,22791,Williams Landing,34.880645895330005,2021,9448,848,8.98
rmit_city,22791,Williams Landing,20.13696473679,2021,9448,848,8.98
unimelb_parkville,22791,Williams Landing,20.65533377205,2021,9448,848,8.98
monash_clayton,22792,Williamstown (Vic.),22.506391966669998,2021,14407,1113,7.73
rmit_city,22792,Williamstown (Vic.),8.745701758020001,2021,14407,1113,7.73
unimelb_parkville,22792,Williamstown (Vic.),9.82270343533,2021,14407,1113,7.73
monash_clayton,22633,Viewbank,19.28553487811,2021,7030,518,7.37
rmit_city,22633,Viewbank,13.647095831049999,2021,7030,518,7.37
unimelb_parkville,22633,Viewbank,12.87169754219,2021,7030,518,7.37
monash_clayton,22661,Wallan,57.93403804577,2021,15004,1236,8.24
rmit_city,22661,Wallan,44.54663369067,2021,15004,1236,8.24
unimelb_parkville,22661,Wallan,43.04043537042,2021,15004,1236,8.24
monash_clayton,22672,Wandin East,30.06907262133,2021,408,37,9.07
rmit_city,22672,Wandin East,43.4042416878,2021,408,37,9.07
unimelb_parkville,22672,Wandin East,43.44332103166,2021,408,37,9.07
monash_clayton,22673,Wandin North,29.40985752478,2021,3132,297,9.48
rmit_city,22673,Wandin North,41.04336953199,2021,3132,297,9.48
unimelb_parkville,22673,Wandin North,40.948888279769996,2021,3132,297,9.48
monash_clayton,22676,Wandong,62.09607562189,2021,1477,129,8.73
rmit_city,22676,Wandong,50.56913858542,2021,1477,129,8.73
unimelb_parkville,22676,Wandong,49.07541126145,2021,1477,129,8.73
monash_clayton,22685,Wantirna,10.05229839604,2021,14237,1051,7.38
rmit_city,22685,Wantirna,23.64898164843,2021,14237,1051,7.38
unimelb_parkville,22685,Wantirna,24.00550820692,2021,14237,1051,7.38
monash_clayton,22686,Wantirna South,8.6684012785,2021,20754,1814,8.74
rmit_city,22686,Wantirna South,23.81442188558,2021,20754,1814,8.74
unimelb_parkville,22686,Wantirna South,24.28887224557,2021,20754,1814,8.74
monash_clayton,22689,Warburton (Vic.),53.08972551241,2021,2020,115,5.69
rmit_city,22689,Warburton (Vic.),65.24133144443,2021,2020,115,5.69
unimelb_parkville,22689,Warburton (Vic.),65.06538299763,2021,2020,115,5.69
monash_clayton,22695,Warneet,38.88693590015,2021,565,46,8.14
rmit_city,22695,Warneet,56.355601429560004,2021,565,46,8.14
unimelb_parkville,22695,Warneet,57.60574741811,2021,565,46,8.14
monash_clayton,22702,Warrandyte,18.859230832199998,2021,5541,581,10.49
rmit_city,22702,Warrandyte,22.73983481155,2021,5541,581,10.49
unimelb_parkville,22702,Warrandyte,22.359234595260002,2021,5541,581,10.49
monash_clayton,22703,Warrandyte South,19.40644132736,2021,671,84,12.52
rmit_city,22703,Warrandyte South,25.5200307645,2021,671,84,12.52
unimelb_parkville,22703,Warrandyte South,25.230115775599998,2021,671,84,12.52
monash_clayton,22704,Warranwood,18.33582621126,2021,4820,489,10.15
rmit_city,22704,Warranwood,25.70679681771,2021,4820,489,10.15
unimelb_parkville,22704,Warranwood,25.510536088469998,2021,4820,489,10.15
monash_clayton,22717,Waterford Park,68.00987127863,2021,217,6,2.76
rmit_city,22717,Waterford Park,57.10723800392,2021,217,6,2.76
unimelb_parkville,22717,Waterford Park,55.61975468245,2021,217,6,2.76
monash_clayton,22720,Waterways,11.61660743961,2021,2422,282,11.64
rmit_city,22720,Waterways,27.28167571661,2021,2422,282,11.64
unimelb_parkville,22720,Waterways,28.55690206802,2021,2422,282,11.64
monash_clayton,22727,Wattle Glen,26.98095673545,2021,1911,196,10.26
rmit_city,22727,Wattle Glen,25.04228298296,2021,1911,196,10.26
unimelb_parkville,22727,Wattle Glen,24.14918176307,2021,1911,196,10.26
monash_clayton,22740,Weir Views,53.74518717567,2021,4348,380,8.74
rmit_city,22740,Weir Views,35.646072403190004,2021,4348,380,8.74
unimelb_parkville,22740,Weir Views,35.32462072028,2021,4348,380,8.74
monash_clayton,22750,Werribee,43.638390531889996,2021,50027,4301,8.60
rmit_city,22750,Werribee,30.44026407816,2021,50027,4301,8.60
unimelb_parkville,22750,Werribee,31.03190508327,2021,50027,4301,8.60
monash_clayton,22793,Williamstown North,24.540228845090002,2021,1622,132,8.14
rmit_city,22793,Williamstown North,9.72486646506,2021,1622,132,8.14
unimelb_parkville,22793,Williamstown North,10.57833984685,2021,1622,132,8.14
monash_clayton,22751,Werribee South,38.25824028608999,2021,2392,195,8.15
rmit_city,22751,Werribee South,26.7852936639,2021,2392,195,8.15
unimelb_parkville,22751,Werribee South,27.607967300650003,2021,2392,195,8.15
monash_clayton,22753,Wesburn,46.74444221812,2021,1052,106,10.08
rmit_city,22753,Wesburn,59.4633558147,2021,1052,106,10.08
unimelb_parkville,22753,Wesburn,59.36043954054,2021,1052,106,10.08
monash_clayton,22761,Westmeadows,33.63923109896,2021,6502,502,7.72
rmit_city,22761,Westmeadows,15.84716724348,2021,6502,502,7.72
unimelb_parkville,22761,Westmeadows,14.46665330131,2021,6502,502,7.72
monash_clayton,22766,Wheelers Hill,4.1040584384,2021,20652,1587,7.68
rmit_city,22766,Wheelers Hill,22.2992371665,2021,20652,1587,7.68
unimelb_parkville,22766,Wheelers Hill,23.07152860274,2021,20652,1587,7.68
monash_clayton,22775,Whittlesea,49.22467068247,2021,6117,526,8.60
rmit_city,22775,Whittlesea,40.31645843618,2021,6117,526,8.60
unimelb_parkville,22775,Whittlesea,38.90330813008,2021,6117,526,8.60
monash_clayton,22784,Wildwood,48.496760362239996,2021,244,12,4.92
rmit_city,22784,Wildwood,30.56176339447,2021,244,12,4.92
unimelb_parkville,22784,Wildwood,29.2462401672,2021,244,12,4.92
monash_clayton,22892,Yallambie,20.806852239439998,2021,4161,482,11.58
rmit_city,22892,Yallambie,14.41659769882,2021,4161,482,11.58
unimelb_parkville,22892,Yallambie,13.51658838979,2021,4161,482,11.58
monash_clayton,22898,Yan Yean,39.91366503461,2021,246,16,6.50
rmit_city,22898,Yan Yean,32.172697064939996,2021,246,16,6.50
unimelb_parkville,22898,Yan Yean,30.840134518430002,2021,246,16,6.50
monash_clayton,22906,Yannathan,56.7825600616,2021,272,32,11.76
rmit_city,22906,Yannathan,75.85401857910999,2021,272,32,11.76
unimelb_parkville,22906,Yannathan,76.77206498503,2021,272,32,11.76
monash_clayton,22910,Yarra Glen,36.14629359631,2021,3012,210,6.97
rmit_city,22910,Yarra Glen,40.984470029069996,2021,3012,210,6.97
unimelb_parkville,22910,Yarra Glen,40.35602203113,2021,3012,210,6.97
monash_clayton,22911,Yarra Junction,45.018763648109996,2021,2875,203,7.06
rmit_city,22911,Yarra Junction,58.56840293396,2021,2875,203,7.06
unimelb_parkville,22911,Yarra Junction,58.549311593389994,2021,2875,203,7.06
monash_clayton,22916,Yarrambat,30.28082009474,2021,1602,198,12.36
rmit_city,22916,Yarrambat,24.36598710996,2021,1602,198,12.36
unimelb_parkville,22916,Yarrambat,23.210626554260003,2021,1602,198,12.36
monash_clayton,22917,Yarraville,24.58641939271,2021,15636,996,6.37
rmit_city,22917,Yarraville,7.09471969003,2021,15636,996,6.37
unimelb_parkville,22917,Yarraville,7.4812137566,2021,15636,996,6.37
monash_clayton,22925,Yellingbo,34.58251296583,2021,582,48,8.25
rmit_city,22925,Yellingbo,49.434393257429996,2021,582,48,8.25
unimelb_parkville,22925,Yellingbo,49.58759496447,2021,582,48,8.25
monash_clayton,22930,Yering,32.45986001451,2021,138,15,10.87
rmit_city,22930,Yering,38.39303846972,2021,138,15,10.87
unimelb_parkville,22930,Yering,37.87013473501,2021,138,15,10.87
